node_id,n_samples,period_majority,period_majority_share,period_entropy,mean_year,min_year,max_year,community_majority,community_majority_share,n_communities,dominant_crime_majority,dominant_crime_majority_share,mean_dominant_crime_share,mean_arrest_rate,mean_domestic_rate,density,mean_ASSAULT,mean_BATTERY,mean_BURGLARY,mean_CRIMINAL DAMAGE,mean_CRIMINAL TRESPASS,mean_DECEPTIVE PRACTICE,mean_MOTOR VEHICLE THEFT,mean_NARCOTICS,mean_OTHER CRIMES,mean_OTHER OFFENSE,mean_PUBLIC ORDER,mean_ROBBERY,mean_SEXUAL CRIMES,mean_THEFT,mean_WEAPONS VIOLATION,mean_poverty_rate,mean_unemployment_rate,mean_bachelors_plus_rate,mean_renter_rate,mean_vacancy_rate,mean_median_household_income_approx,mean_white_non_hispanic_rate,mean_black_non_hispanic_rate,mean_asian_non_hispanic_rate,mean_hispanic_rate,x,y,community_majority_num,state_id,state_label
cube0_cluster0,136,Pre-COVID,0.6764705882352942,0.7934140589958523,2019.2426470588234,2018,2022,26,0.2867647058823529,13,BATTERY,0.5294117647058824,0.23866156191662297,0.35510582520931927,0.23233878685480408,765.4285331170712,0.08328607022298885,0.2104468990012339,0.024999770356277918,0.09093607713654675,0.021375353933182285,0.03561043695438675,0.03217863388069749,0.18543525201198055,0.014083253210594554,0.06470133640930481,0.02139964294651695,0.04132314314865603,0.01873636250789565,0.10871029754727608,0.046777470732461406,0.3162461738364108,0.15837541293289087,0.15217414850063404,0.6812353877306361,0.18352339031318318,35780.091835983825,0.06313085344948562,0.6529589329053374,0.007945301462676852,0.2632160267667922,-0.6353295004134739,0.7723491283910182,26,11,State 11
cube1_cluster0,67,Pre-COVID,0.5074626865671642,1.0232710528979916,2019.910447761194,2018,2023,68,0.208955223880597,14,BATTERY,0.9402985074626866,0.2315462855185501,0.272020208036286,0.2670416480868321,451.48028079324746,0.09906387529160453,0.228660510273587,0.02864843467250605,0.10889206977366,0.019432160734976448,0.03729416721047846,0.037343923199087525,0.09582035004751131,0.018185777519692616,0.07743458847011178,0.018818366648446664,0.04089611552849478,0.015945756894314822,0.1143432655166136,0.059220638218914386,0.3144173554444994,0.18153310282459287,0.16087435842916661,0.6670025702166755,0.19495047742113067,36506.89498249176,0.05112964707667676,0.7442034250657442,0.0074165658508400225,0.18348451502457971,-0.5773866218872317,0.6409360124471448,68,11,State 11
cube2_cluster0,37,COVID,0.5135135135135135,1.0024374473202595,2020.3243243243244,2018,2023,26,0.16216216216216217,14,BATTERY,0.8918918918918919,0.2352992842281695,0.24123370532693925,0.2783392609033486,250.50999252443017,0.09639123323296421,0.2318168382379288,0.026234055123984534,0.12201597666062862,0.01664988457659172,0.03981028391880554,0.04337560733946997,0.08665381545031718,0.01983499208441062,0.07234235094130127,0.015848665215850957,0.045012787222429525,0.012966004916772165,0.11122302578806062,0.05982447929048427,0.2980705676776764,0.166020314953081,0.17914009739221587,0.6554087977681454,0.17447011678713542,39413.072585992195,0.060978399585976104,0.6962908983371099,0.009279216023309767,0.2178879005408392,-0.7101802579944009,0.545583040465461,26,0,Unstable
cube3_cluster0,39,COVID,0.46153846153846156,1.0579054247036734,2020.3846153846155,2018,2023,29,0.20512820512820512,15,BATTERY,0.9230769230769231,0.23033466189384127,0.24079129077361144,0.2673755604717156,254.43620529384734,0.09611969282758455,0.22868738599471627,0.027882961230284737,0.12364980248024754,0.015314531564335545,0.04012006706405815,0.0504117798282547,0.07793429364606855,0.015683771629091174,0.07386083195649072,0.017217979721953464,0.04878821110823912,0.012611626108371493,0.1078375538549145,0.0638795109853895,0.292179839826104,0.16093895591721138,0.1720348196094357,0.630983143191861,0.16903922680191247,40777.62758049137,0.06524742063922523,0.634753881666479,0.009161089312671799,0.2763632464659309,-0.7991815467961106,0.3878654775828993,29,9,State 09
cube4_cluster0,42,COVID,0.5714285714285714,0.9773202089564674,2020.595238095238,2018,2023,26,0.19047619047619047,14,BATTERY,1.0,0.23389839880983582,0.22417669136543772,0.27470636491929346,292.6517634465495,0.100829259712252,0.23389839880983582,0.02703381178255731,0.12384290822783103,0.01402962248152986,0.03987297848537691,0.05250534994718233,0.06954739645560873,0.01740984261658541,0.06469708016034918,0.014139039701761617,0.04348513539792827,0.012786473924873708,0.11160282645309043,0.07431987584323739,0.3087479606154866,0.17313205637514265,0.15649913994086104,0.6514508014632695,0.1826014441180134,37919.08944486185,0.05425851889945441,0.6875518973122675,0.009189118918186084,0.23394044717891255,-0.8242186181313726,0.19001467984835377,26,9,State 09
cube5_cluster0,26,COVID,0.6153846153846154,0.8587409130062867,2021.076923076923,2018,2023,26,0.23076923076923078,11,BATTERY,0.9615384615384616,0.23548521594065014,0.1965281568321928,0.28086684979614823,178.6176861752185,0.11440973578359423,0.23300382636248637,0.02350742732531911,0.11991646158481235,0.010227169388129318,0.0381228900837503,0.05069051679037426,0.05733421956023207,0.01916220437109536,0.06281162417822612,0.013719833541457437,0.04677399322752075,0.014050177098876961,0.11344771006531078,0.08282221063881456,0.30504502568672875,0.17259582415507976,0.1493244785410137,0.6436815204041877,0.18067498158194104,38220.659712588764,0.05037930989237722,0.6890087678410398,0.012022444517329946,0.23496376243056566,-0.8026264569097049,-0.020375335721477875,26,3,State 03
cube6_cluster0,35,COVID,0.6857142857142857,0.7715021333323691,2020.9142857142858,2018,2023,67,0.2,16,BATTERY,0.9714285714285714,0.23280416485095573,0.18019054908026755,0.2810657437520195,236.01403369613263,0.11490103601066624,0.23269593974273062,0.030050922669501025,0.12968047435362046,0.012254333750531246,0.03742085220805207,0.056104226930637005,0.047513366700289564,0.02063825808825198,0.06242604396942209,0.013969456012851274,0.041399389147874145,0.013313485791156102,0.11131483869708438,0.0763173759273318,0.28092222293812646,0.16042249914892062,0.15142213168133808,0.5977032859020376,0.16889738760981773,41082.74978968404,0.05925561847421724,0.6142188451438516,0.014422184005290299,0.29923993132489923,-0.7424091350376225,-0.22762418173424895,67,3,State 03
cube7_cluster0,37,COVID,0.6486486486486487,0.8651478972697317,2020.8918918918919,2018,2023,67,0.16216216216216217,14,BATTERY,0.972972972972973,0.23811017073217425,0.18422626694362318,0.2812334771477707,246.2540948266469,0.11387517117954923,0.23800779562979912,0.02879109649416012,0.12893771054545827,0.012370949261287472,0.03865693104816756,0.05651142905912051,0.03996696013221166,0.01896156756562059,0.0728942913754031,0.013116213254410451,0.04259243115751452,0.012757757479953502,0.10804423880590233,0.0745154570114416,0.2768659756795496,0.15262740854582482,0.15774388869497546,0.6055056353958048,0.16955674354048053,41199.81188601591,0.064663626063561,0.5854752598506328,0.011224685982945962,0.3252752999167977,-0.6463853837243646,-0.41914450611850007,67,14,State 14
cube8_cluster0,27,COVID,0.5555555555555556,0.8144442357333948,2021.3333333333333,2019,2023,67,0.18518518518518517,15,BATTERY,0.9259259259259259,0.23565743221377902,0.15483008082130378,0.28043995202130606,185.62686599507555,0.1219043588872382,0.23139906756894094,0.031593748888017435,0.13313976666231578,0.010493437969782547,0.03802912818218686,0.058668273156163,0.030321387092883144,0.01734487498272262,0.0775574277863319,0.011424353489626914,0.034914572498489053,0.013603165562657839,0.10998588516767907,0.07962055210496473,0.2766984381627492,0.15449840640505721,0.17386431593739024,0.5832272112774314,0.17400689532981845,42942.77167157835,0.062115312764530875,0.6205758571341173,0.014790506286237123,0.2842078383098197,-0.5136030647823305,-0.5775135422003299,67,14,State 14
cube9_cluster0,32,COVID,0.5625,0.7978911125143845,2021.46875,2019,2023,69,0.15625,16,BATTERY,0.90625,0.23041871401455577,0.16139602209187984,0.27887186583835666,211.85931879521993,0.1263073308886086,0.22404362774816514,0.02390281600902681,0.12664449388689814,0.01132522241359665,0.038865168150647104,0.07174765928467393,0.032695586208168044,0.02144877171039552,0.06985673378983004,0.009838552854440054,0.039689018999172335,0.012756547006344522,0.11185205039839098,0.07902642065164214,0.29050211314200586,0.15913664605661595,0.17956858502573803,0.625393471692052,0.16635138021853352,41308.76206937029,0.05439734343362661,0.6615260419136633,0.015333549435269501,0.25135687357504727,-0.34263488506410966,-0.6754021760102745,69,14,State 14
cube10_cluster0,30,COVID,0.5333333333333333,0.8110053415676062,2021.3,2018,2023,69,0.2,14,BATTERY,0.9333333333333333,0.2309082942567327,0.156293682333341,0.29255241541768573,199.55092285320939,0.12326423735690771,0.22730469065312908,0.027810859617007584,0.1238636660741231,0.01124276417522309,0.039162123140390095,0.07401109976335743,0.026211767871295595,0.019594057620129227,0.06948257775993986,0.011583892274930509,0.04533301148458386,0.010725972763314436,0.11423526394063352,0.0761740155050349,0.29282089650930787,0.16210037956676032,0.19297919898334553,0.6303785208606537,0.1701692218794733,40701.64225549704,0.046135445516778596,0.7015853214835105,0.024419274801645734,0.20947271057061334,-0.1433879543189082,-0.6580230555104288,69,14,State 14
cube11_cluster0,33,Post-COVID,0.6060606060606061,0.7773098260563037,2021.5757575757575,2018,2023,68,0.18181818181818182,15,BATTERY,0.8484848484848485,0.21905842557907992,0.14428034889389993,0.2590888448429005,218.74235259364326,0.11636567535273558,0.2125299610282991,0.027804203065440715,0.1380040406980645,0.010948192489339405,0.03718473098842556,0.08783933678825326,0.027257561803221236,0.0178822031495125,0.06623962767440011,0.014872908661058526,0.048278200720737005,0.009334435353384437,0.11334201738483982,0.07211690484228825,0.28876004836345015,0.16348596677400087,0.1837833399434124,0.6164516734790713,0.1726639055655933,41422.02833085703,0.05439667735640382,0.7091821606268546,0.01181111065499249,0.20555185116481994,0.014046244496453664,-0.5807767297483952,68,14,State 14
cube12_cluster0,20,Post-COVID,0.75,0.5623351446188083,2022.1,2020,2023,54,0.25,10,BATTERY,0.85,0.23026248495069446,0.12110341072110956,0.2834302663579117,124.82301936226861,0.13480279806917253,0.224807063168162,0.0222101236419354,0.1414539027180375,0.010961157938110613,0.03781885380838255,0.09125087166772615,0.021281877828201592,0.024754209842341432,0.062090525020182974,0.006109285095426134,0.042429235280500126,0.01222913832356973,0.10263868199836428,0.065162275599887,0.2885243610835302,0.15385179066345625,0.1696660164454875,0.5740504380006293,0.1754509885878342,42828.41272139609,0.06613035451952384,0.6621884888450108,0.006953867475955855,0.24557284747813166,0.059139587323048484,-0.5118820995819277,54,0,Unstable
cube13_cluster0,22,Post-COVID,0.7272727272727273,0.5859526183035508,2022.090909090909,2021,2023,54,0.3181818181818182,9,BATTERY,0.8181818181818182,0.22835961153168788,0.12090288407551916,0.29184484210874584,126.51369935782826,0.12320684730931344,0.22272651993636733,0.020783245876717912,0.14136588033350964,0.00896943636425009,0.040464585699418514,0.11746971602884222,0.016762861506792962,0.020466681139217704,0.06330753314575639,0.008500932458270324,0.04218173473655726,0.006259462859703608,0.0956924818632813,0.0718420807420013,0.3067939906007213,0.164021849537011,0.20766387723337687,0.6351553681765977,0.16072461996158946,42443.99798788771,0.06918947307036362,0.7489550331366456,0.014940447364729286,0.1375905215311126,0.014367199082738409,-0.7912080743434816,54,8,State 08
cube14_cluster0,16,Post-COVID,0.9375,0.2337916587064593,2022.5,2021,2023,37,0.25,6,BATTERY,0.75,0.21948489155457357,0.11288559092551498,0.27292663309206755,78.31715197986007,0.11494139863392158,0.21486434040549895,0.023702994295492896,0.12543128345066956,0.0066301516468769625,0.04160880165249191,0.16324199965035058,0.008996562779728186,0.01916510474827473,0.057853207325327116,0.00888304521837806,0.041168491225591644,0.007864862730097205,0.08085193350361133,0.0847958227336893,0.3062293905901221,0.15694682276414942,0.24444656087985198,0.6187612421896549,0.14741687194417463,46126.211080567526,0.08529577217356747,0.7565565763217145,0.019211205958956236,0.10225004966920899,-0.0001520635329319826,-0.9727431750763997,37,8,State 08
cube15_cluster0,94,Pre-COVID,0.776595744680851,0.6228047002277928,2018.9893617021276,2018,2022,23,0.2765957446808511,22,BATTERY,0.7021276595744681,0.23105283724241746,0.30898457504608323,0.23697559146141597,599.7812855077261,0.08495060120577164,0.21570145552180575,0.031117724765973322,0.09862721829452765,0.023841971653374705,0.041057768441448435,0.030819106909593632,0.13994693644860598,0.015901915297901706,0.06935262365073948,0.022223706804672092,0.03596557525911,0.017448165955371533,0.13403413932361632,0.03901109046748777,0.2956473830332341,0.15233489324649543,0.17590242506850157,0.6431359519039611,0.17619304881040246,38842.75308000452,0.08135179428409546,0.6130743207689708,0.009168259957401979,0.281936350049285,-0.44780790274706445,0.6627531415714395,23,0,Unstable
cube16_cluster0,84,Pre-COVID,0.75,0.6409581949391611,2019.047619047619,2018,2022,68,0.17857142857142858,22,BATTERY,0.9642857142857143,0.23343896172848963,0.248900963473178,0.27345754946148104,663.281732093709,0.09835675363489575,0.23249148316996665,0.0366600427656122,0.11223864282521212,0.02136313149317279,0.043235946172361824,0.034098525381330055,0.0742136706168776,0.01953167804577531,0.07770960129133926,0.01934248782035149,0.035048001421385026,0.013556130302626146,0.13559411486490655,0.046559790194187135,0.3000309347206873,0.17729398146526518,0.16920814559277028,0.6319223793163049,0.2012810600528564,36803.24636069433,0.05028979483100021,0.7314663718125032,0.00722137181016614,0.19592770115160757,-0.6050963387329273,0.6698498706198347,68,0,Unstable
cube17_cluster0,51,Pre-COVID,0.7254901960784313,0.7519238456212606,2019.3333333333333,2018,2023,67,0.13725490196078433,16,BATTERY,0.9607843137254902,0.22819424567526958,0.2358214112730821,0.2681428527521325,408.4282149365359,0.09490920195854036,0.22802388872408688,0.036753553232328075,0.11877733276024699,0.021474493855758447,0.04278958986694001,0.04108193328506728,0.06629809746964009,0.019613365644060837,0.07961460088609344,0.017544612763974596,0.03482254598609738,0.01198870518215525,0.1376161059374802,0.048691972447530193,0.27760385178845776,0.1617770221147511,0.17372718600666445,0.6071035861536475,0.17971950267647027,39255.79925500377,0.05437105883323301,0.6319191945251973,0.0088228025976106,0.2899237659852818,-0.6384562800904837,0.5366380345565271,67,9,State 09
cube18_cluster0,40,Pre-COVID,0.575,0.969789730621484,2019.8,2018,2023,23,0.1,21,BATTERY,0.925,0.22974376595875778,0.21944033913869032,0.2664106025788538,287.69986835116697,0.0996590721292117,0.22926614417933325,0.03329156303888683,0.12642339439760758,0.017258496672907585,0.04668643367631391,0.04411477604680225,0.06017805535435451,0.01761795072617504,0.08216377485737483,0.01584957605759783,0.040894648994834984,0.01255467085348141,0.12813003128618364,0.04591141172893469,0.2571410543209195,0.14296911373854784,0.18298591266943653,0.5755725281133763,0.15074189160425394,44323.79575308586,0.07878428175793313,0.5036804454772685,0.017776926442352896,0.3854753749307368,-0.7150818963400533,0.3857693366234144,23,9,State 09
cube19_cluster0,39,Pre-COVID,0.46153846153846156,1.0628080416975054,2020.1538461538462,2018,2023,23,0.1282051282051282,19,BATTERY,1.0,0.23606713726923184,0.20165967984558156,0.27305728233412874,297.0407945293861,0.09967603245361678,0.23606713726923184,0.031866729206678775,0.12379467851150473,0.015368236364328575,0.04757560454085602,0.04870088971177126,0.05263062927924087,0.01924647509005592,0.07557532193617403,0.012570627409689807,0.04330733405613628,0.011574367909813275,0.1324358181103614,0.049610118150540505,0.27341637576992095,0.14604917444501114,0.20428695964783186,0.6134066835001877,0.1538706427596339,44741.582291388244,0.08311633857537548,0.604606136489324,0.014890427419496869,0.2801486421333684,-0.7374670937110422,0.2003299493836939,23,9,State 09
cube20_cluster0,36,COVID,0.4166666666666667,1.0504931974968332,2020.75,2018,2023,25,0.16666666666666666,22,BATTERY,0.9444444444444444,0.22684118766670266,0.17684919265747426,0.271444669667279,258.1999111536966,0.10818032621629385,0.2234150860432576,0.027885374727678675,0.1235476074357707,0.016181892706555272,0.04729964427036018,0.04656861171531517,0.04308142705331304,0.02180713774538942,0.07537318827901289,0.013427380122267086,0.04566399924285432,0.013956204593088032,0.13383722887144095,0.05977489097740288,0.25977917292270813,0.1343712693883868,0.201744003110989,0.5902251914325634,0.1365593105505963,48213.686229379775,0.09868900197771953,0.5309842243209346,0.01841869717030252,0.33493491579866796,-0.7203634419260474,0.0012596737148084186,25,9,State 09
cube21_cluster0,33,COVID,0.5454545454545454,0.9783338604288463,2020.6363636363637,2018,2023,25,0.15151515151515152,17,BATTERY,1.0,0.22985000809907552,0.16002025373418563,0.28756046139643693,240.9541010052458,0.10917380197716013,0.22985000809907552,0.03392201802034016,0.13261146332253237,0.014920570411653887,0.04649480599027058,0.05031964452501874,0.03627563071408788,0.019292000794488656,0.07001738051619752,0.011988445002080019,0.04061274164943441,0.013014670440303853,0.13168483316132432,0.05982198537603197,0.25615105260889054,0.14534739074355568,0.18380849363969826,0.555010156152387,0.1477197113646617,46067.25877403798,0.0865570230989849,0.5711911970087578,0.02186528345870517,0.3020973614020246,-0.6664060638418978,-0.19828153801518789,25,3,State 03
cube22_cluster0,42,COVID,0.6190476190476191,0.8080599286573673,2021.0714285714287,2018,2023,25,0.11904761904761904,21,BATTERY,0.9761904761904762,0.22734527267506766,0.16694721527072984,0.2765455059809449,312.718002721457,0.10832574971731398,0.22725542541540905,0.0313004699384504,0.12746769271324135,0.01207721376017404,0.05082903127065652,0.06045099415730334,0.038019453259091666,0.019179461928115777,0.07219682082177589,0.012430638776499782,0.040493949491918695,0.011449292931891997,0.1277773126626747,0.06074649315548272,0.24776039564686123,0.13052357818368285,0.19500133899532968,0.5747803467651401,0.13765255605983037,48110.21467940048,0.086833558506915,0.5127484084396465,0.02021322589504267,0.36343546528641046,-0.5785939353092366,-0.3816647962056468,25,14,State 14
cube23_cluster0,35,COVID,0.5714285714285714,0.8973662862168379,2020.8857142857144,2018,2023,23,0.08571428571428572,21,BATTERY,0.9714285714285714,0.2332696551702733,0.15343390131283666,0.27803710149557226,243.9988548493259,0.1083352863355324,0.22837169598659987,0.038174980158478145,0.13817097930119873,0.012277149242139346,0.04699597092242497,0.05930748356973904,0.029343840795428528,0.018703724108821488,0.07529074142753042,0.010060053911293765,0.035133892897185263,0.011010940848001222,0.12363879793817793,0.06518446255744889,0.2477482112802082,0.13745176345577984,0.1928737291242396,0.5479151844527829,0.1473950881502653,47159.959494632196,0.07722108783911624,0.5469902210217048,0.016025672783992563,0.3429414007384662,-0.4570469613677225,-0.5365330670252303,23,14,State 14
cube24_cluster0,47,COVID,0.5957446808510638,0.8107295699019463,2021.0425531914893,2018,2023,69,0.10638297872340426,22,BATTERY,1.0,0.23494539950732524,0.14850273432223687,0.29435564446161866,344.5051156779535,0.11837327337571409,0.23494539950732524,0.03188615273156903,0.13255883708325272,0.013590160379239097,0.04523369591669603,0.05828064820514705,0.018851302061751268,0.02106718509928469,0.07233402647446897,0.008655954511351161,0.03619276582266558,0.010865719887172625,0.12656024157073298,0.07060463737362946,0.26488040240068705,0.14852371468753994,0.19310392966989445,0.5810112933739903,0.15473087419443357,44717.42065034341,0.06768253761334346,0.6220018453378011,0.012549217981830871,0.279911617127522,-0.29885677240857245,-0.6380926174629472,69,14,State 14
cube25_cluster0,59,Post-COVID,0.5254237288135594,0.7649747537166276,2021.4915254237287,2018,2023,68,0.13559322033898305,21,BATTERY,0.9661016949152542,0.23215779970954054,0.14561728680425506,0.28975601783758786,407.76716707903074,0.11403800020476708,0.22878462684484224,0.03191693543310955,0.13009300795681822,0.012316420168249428,0.046554893278895275,0.0667038545436917,0.01879531144952998,0.01806175551997906,0.07103257041936123,0.011521340137052975,0.04533026429977255,0.009545159020069027,0.1239890789556401,0.07131678176822161,0.2714438165899666,0.1556883123369802,0.19595665172861518,0.5967292924720541,0.16125106989252627,44715.322423000056,0.06286164873969706,0.6797400173712221,0.018662580169859,0.21836853278685053,-0.11114124180325079,-0.6658457149840249,68,14,State 14
cube26_cluster0,47,Post-COVID,0.6382978723404256,0.7353105590355657,2021.8510638297873,2018,2023,67,0.14893617021276595,17,BATTERY,0.9574468085106383,0.21643400879467165,0.14209773726031114,0.26443956235527893,352.1819041511216,0.11636595156321945,0.2130565402946607,0.026753932860416628,0.1302953687249558,0.012520082510310893,0.0429867987371967,0.08700904806264188,0.02243871138236107,0.017857207574048347,0.06350117653628591,0.011518654870682528,0.045503573637372265,0.011070315273848368,0.12995592818119298,0.06916670979080647,0.2810465501612866,0.15937823443044702,0.1813165303486899,0.6105343783292306,0.16723860652516445,43284.23683042054,0.06112174355217766,0.6758378739111068,0.011942736596220048,0.23149345974636423,0.055197011149840915,-0.613691239791986,67,0,Unstable
cube27_cluster0,46,Post-COVID,0.782608695652174,0.5235863374812598,2022.3478260869565,2020,2023,27,0.10869565217391304,20,BATTERY,0.9130434782608695,0.20738314353108933,0.12564674545757512,0.2543040875768044,327.5110712824111,0.11110337440876564,0.204136314876652,0.025166359880038257,0.13682685750097823,0.014514889755869521,0.042208820772548866,0.10083797524485714,0.0195926427369376,0.018987888123113535,0.06774718004260097,0.009556463550405453,0.04368564393814947,0.0100855830958285,0.12995634824187335,0.06559365783138144,0.2638552564504037,0.1428809528783493,0.20646251200434662,0.5694303719479644,0.1483513202967236,47992.838744904635,0.07205002622243425,0.6182779815359175,0.013924945051433954,0.2772601696620499,0.15074617352046854,-0.633833278204415,27,8,State 08
cube28_cluster0,43,Post-COVID,0.8372093023255814,0.4442686545817681,2022.3255813953488,2020,2023,40,0.16279069767441862,17,BATTERY,0.8837209302325582,0.2091884033353698,0.11844919401737114,0.2714369300082422,279.4890515243386,0.11069412478262186,0.20591786361549924,0.0317919573643571,0.13045039359639424,0.011061837982279535,0.041400281068651415,0.11893199773502094,0.012048720141937712,0.021050905851926597,0.06887732702084418,0.007707086449801416,0.04086387457421778,0.011985954685551503,0.12002381983462836,0.06719385529626813,0.2865722084562785,0.1577641694874188,0.22790665761485976,0.5956072265140147,0.15642809286383128,45769.47880369781,0.05155820283684667,0.7797120286274238,0.012056109332923384,0.13209474515578548,0.10797348058170841,-0.8545620353233877,40,8,State 08
cube29_cluster0,35,Post-COVID,0.8857142857142857,0.355382896246011,2022.2571428571428,2021,2023,40,0.2,14,BATTERY,0.6857142857142857,0.20821323726583443,0.11117776945275513,0.24935931768427766,195.76964387086136,0.10083178965138641,0.19614789456987397,0.024798268323503465,0.13200723861319666,0.008865504402087174,0.04439086522569627,0.16301781632799756,0.009171325460358029,0.019039299615152654,0.06384127775915296,0.007390112232673099,0.04185841503230133,0.008586039466469733,0.11287559936691377,0.06717855395323685,0.287249007362352,0.15605319901171855,0.25196215600580346,0.6049769745911243,0.15251647549800676,47177.292686607194,0.058570138844960686,0.8138485471979567,0.015020247822358614,0.08363284135566725,0.08549938112037715,-0.9435372348729891,40,8,State 08
cube30_cluster0,53,Pre-COVID,0.8867924528301887,0.3531693834437995,2018.7735849056603,2018,2021,25,0.2641509433962264,23,BATTERY,0.8679245283018868,0.23137895557396287,0.26843086433180396,0.2514011959308884,376.04611421904025,0.08458628066326875,0.2279928648668984,0.03756267247001063,0.10702374686413421,0.02446959207857553,0.04376881996269227,0.029685580993894504,0.09719292645386045,0.01646200670311217,0.07373980232810343,0.020277330521543815,0.037564823734731134,0.01647628527154395,0.15025965787319145,0.03293760921443928,0.2709464363475612,0.14623248797003197,0.19062174146372338,0.5958254327812984,0.16749938126409442,41727.2951810878,0.09051123986522333,0.6471224260747702,0.01045016609736025,0.23739540693769215,-0.45270002075438764,0.6592192047583176,25,9,State 09
cube31_cluster0,83,Pre-COVID,0.8192771084337349,0.516752335909985,2018.8072289156626,2018,2022,25,0.1927710843373494,24,BATTERY,0.963855421686747,0.2303918995658105,0.23930524755795385,0.2702353610175678,686.888363726489,0.09388833325018586,0.2291361099188089,0.03939771062255045,0.11486949198004295,0.02305709486651355,0.04606576258368524,0.03356702068112002,0.06598179951533927,0.019819941519268164,0.07728917165681937,0.01913816827445165,0.0354434118227286,0.015238345202737522,0.15008946153408972,0.03701817657165875,0.26143177349496555,0.15323296434563358,0.18774274165530094,0.5731507832922139,0.1720520262520059,41669.028420898714,0.06865093170082766,0.6727994592440997,0.009806411351484396,0.2337195186220187,-0.43953348472196396,0.6629104618659224,25,9,State 09
cube32_cluster0,54,Pre-COVID,0.7962962962962963,0.5675496779575402,2018.9444444444443,2018,2022,69,0.12962962962962962,19,BATTERY,0.9814814814814815,0.22818099093268762,0.23405039567251348,0.27268725858757203,460.3809344258467,0.09678913603575472,0.22785177282569175,0.03959309127279728,0.11917709746470523,0.02189695973249359,0.045560813105126725,0.03838808913829366,0.05719369835139852,0.019557465901157367,0.07764272073113529,0.01733522072551894,0.03443464834354654,0.01270088843738153,0.15110864399579588,0.04076975393920298,0.265662082480366,0.1583281406143721,0.1816839667166738,0.5824949152470734,0.17755799215111706,40343.642198188034,0.0558371856756742,0.6719725976267819,0.011015331232574031,0.2466002981263106,-0.5361883449343458,0.5503255413791094,69,9,State 09
cube33_cluster0,40,Pre-COVID,0.575,0.8357940955133492,2019.3,2018,2022,69,0.125,20,BATTERY,0.975,0.2271714540152434,0.21807890926753554,0.2622433785844923,328.15020003783803,0.09798209717799358,0.2269110373485767,0.03768405763868398,0.119122737683604,0.018918801451121972,0.05067755636111084,0.03932536994880567,0.045149842008693805,0.019561885434096114,0.07787638837208474,0.018903567186034236,0.03760691448219627,0.014115554363949363,0.14845542740013656,0.047708763142912135,0.2651658182499042,0.15444436893452046,0.1739868263325561,0.5859273655631181,0.16528524601764846,41534.813432816634,0.06095958013443377,0.5661782674688034,0.015231991653247647,0.3444799930802481,-0.5838541960600374,0.3995013663112904,69,9,State 09
cube34_cluster0,41,Pre-COVID,0.5121951219512195,1.0211480832143913,2019.7560975609756,2018,2023,23,0.0975609756097561,19,BATTERY,0.9512195121951219,0.22462605060438767,0.19920404368914923,0.26225173490922865,310.436374099589,0.09560401521752646,0.2234805233290859,0.039176332587077894,0.1272093246937602,0.01782729688024183,0.05275863843102671,0.04663007874274794,0.043145491636278774,0.022190808101331092,0.08040068946999883,0.016185198992687992,0.032210327262311406,0.014009018577197453,0.14282943404571255,0.04634282203301494,0.23788018315702397,0.13409726525018353,0.1920221119359233,0.560522397343185,0.13984083026753905,47433.77252061246,0.09118761976844468,0.4967352504603213,0.016973327751089007,0.3799765382276115,-0.6101475704899225,0.22930377770643703,23,9,State 09
cube35_cluster0,29,Post-COVID,0.3793103448275862,1.0901154415671217,2020.4827586206898,2018,2022,30,0.1724137931034483,17,BATTERY,0.9655172413793104,0.23492045838586537,0.16460892747232536,0.2701645713444629,217.73980823538957,0.10152435690952603,0.23361922221149972,0.031058325876546635,0.12565137056614167,0.01660222905563881,0.051484220984497404,0.05058349433408127,0.03801865393511326,0.018100494574185968,0.07814188934355398,0.012923466338389976,0.034685771883950806,0.016536147023108447,0.14356754958456036,0.04750280737920562,0.2486165598286832,0.12134474301592284,0.2048864474362637,0.5854253051313069,0.13452011310708603,48859.708701777054,0.11193799014932523,0.45305976185125985,0.01867190016924081,0.3999793703510923,-0.5994827981293445,0.036115808849263374,30,3,State 03
cube36_cluster0,35,COVID,0.5142857142857142,1.028569628015253,2020.3428571428572,2018,2022,25,0.08571428571428572,21,BATTERY,1.0,0.23337904175356927,0.1594432631814382,0.28864552191635595,257.4838203186334,0.10403499096603933,0.23337904175356927,0.036357667179378536,0.1305459881794806,0.017437355429651948,0.05602672626432571,0.04750246613909736,0.028172164240206424,0.016922100746011692,0.07099460216303478,0.012966425959104246,0.03697523149643729,0.016309514755247445,0.1381133293898951,0.05426239533852019,0.24853030586039493,0.14626603618601688,0.19240301483879296,0.5469396370191164,0.14633973065402436,46352.430911913245,0.08799555449532064,0.5663564692383188,0.017836873108004005,0.3096625816133065,-0.5563603379077262,-0.1539592928117035,25,3,State 03
cube37_cluster0,32,COVID,0.625,0.9162607129048043,2020.53125,2018,2023,44,0.09375,20,BATTERY,0.96875,0.2238022550958988,0.16190535056181954,0.2782506616102731,226.38784655933748,0.11334878510404456,0.22315121342923214,0.036413850197740405,0.127309284132146,0.012772358020637066,0.06064639665441499,0.05117624592997867,0.026874807665136807,0.01864025930794941,0.0818565783751747,0.01025078086599886,0.03479752890550976,0.012317004475018456,0.13135743192291496,0.05908747501410322,0.24351413633333477,0.14280125806986088,0.20119642205281707,0.5494116515756957,0.14633007406595167,47432.75647129931,0.08496337354166854,0.5759836526652916,0.019038746144343578,0.30195752491385686,-0.4795562534974762,-0.3380351895388001,44,3,State 03
cube38_cluster0,45,COVID,0.4888888888888889,1.0231242825735467,2020.7333333333333,2018,2023,49,0.08888888888888889,24,BATTERY,1.0,0.2162700101378644,0.1477047454055485,0.2787645982881799,341.1528167793339,0.11389840540069437,0.2162700101378644,0.034355687318917354,0.13254002314117846,0.015522846227645408,0.054945307761901034,0.05774452349191884,0.024785673024167013,0.019194057216411164,0.07675985453623059,0.00919881737329238,0.03478902138439663,0.011077506470460564,0.13983151057244356,0.059086755942478184,0.24589244725502926,0.14496454068304634,0.19135197633055515,0.5512037930217102,0.1484963578204686,46260.771206204045,0.06663004072592031,0.5941026886502925,0.013550964433665729,0.30811795792797403,-0.3716330839776321,-0.4875542886234731,49,14,State 14
cube39_cluster0,54,COVID,0.5925925925925926,0.869068898856834,2020.9444444444443,2018,2023,43,0.12962962962962962,23,BATTERY,1.0,0.2229271631255239,0.1425006735186998,0.2823155930925972,427.466985252023,0.11172915998986452,0.2229271631255239,0.03813725848282907,0.13520178317557316,0.013373884923331565,0.05320157671183234,0.061077218393958355,0.018967376573837694,0.018425568618759745,0.06876521108357946,0.00838492423677919,0.0372388465663204,0.01112418796463487,0.13934792035973503,0.06209791979344072,0.25358827331037037,0.14921913254144825,0.20763849106300308,0.5613691929109478,0.14873535651377234,46012.70323850819,0.05743938297998255,0.6610323138855743,0.011977486415047946,0.2505741871387746,-0.23402467421787015,-0.6083404588271669,43,14,State 14
cube40_cluster0,56,COVID,0.5714285714285714,0.7571389075929762,2021.267857142857,2018,2023,43,0.14285714285714285,26,BATTERY,0.9464285714285714,0.22081354033741138,0.1239285109650946,0.2798325118204577,410.5610582834208,0.11688014589196359,0.2201040542313563,0.03276490387631237,0.1346066612979963,0.014725451177076477,0.05415432589106504,0.06565368994832402,0.017123644598617937,0.015626810765381874,0.06617368326468794,0.007697035536542863,0.03984045728865409,0.012083319605583108,0.13839073028931265,0.06417508633712546,0.25418395777368386,0.14743815091977902,0.2304930023817926,0.5686365698158682,0.14346958833196025,49052.54619282833,0.08316230224621084,0.6793628656369858,0.01584465130386079,0.20108239017528473,-0.04912677580692683,-0.6589010246855872,43,14,State 14
cube41_cluster0,44,Post-COVID,0.5681818181818182,0.8721634511104011,2021.5227272727273,2018,2023,25,0.11363636363636363,23,BATTERY,0.9318181818181818,0.2072117353631116,0.12886813007826747,0.24648497000028477,303.3062839439304,0.10574881526113367,0.20527286918194887,0.027830240215737566,0.12791146529496888,0.015895379102317312,0.05625699145495184,0.08486987687618135,0.01906658722202136,0.019648261357424646,0.06855511291698968,0.010250711743482924,0.05086205550574035,0.010858484293622973,0.13576154344178948,0.0612116061316891,0.24615817160851175,0.136213964440831,0.1997889973731567,0.5593571703830807,0.13289124237251596,50063.2318709845,0.08814807712475652,0.520240059588596,0.01921505443351644,0.3541113236610683,0.13031881870167458,-0.6549383969095658,25,0,Unstable
cube42_cluster0,56,Post-COVID,0.6607142857142857,0.7105185762714479,2022.017857142857,2019,2023,30,0.125,28,BATTERY,0.8571428571428571,0.2106091690785317,0.11858612249852649,0.24459480478547463,367.90497523877224,0.10487532758774509,0.20434851057138223,0.027108503501717195,0.1376315147862996,0.015043503443261124,0.0501535764719153,0.09892667992394363,0.01596280361762242,0.020152476386789724,0.06703520827248487,0.010709861442193285,0.04818654215488927,0.008124516286225774,0.1356758405648036,0.05606513498872688,0.2416412097311911,0.13369138247692455,0.20298905917936974,0.554353838731711,0.13556921433777724,50121.91640349788,0.0775677526677984,0.5331168680236074,0.01769968191322705,0.354100417934253,0.20019719467567232,-0.7435866451108368,30,8,State 08
cube43_cluster0,65,Post-COVID,0.8461538461538461,0.4293230219306162,2022.3692307692309,2020,2023,69,0.12307692307692308,24,BATTERY,0.8461538461538461,0.2048334744101232,0.11096117306499337,0.2563841804523828,440.77796271744137,0.11302815750561335,0.19838194605655926,0.02692163523180346,0.13459753495747764,0.01581705164506562,0.041797268932222825,0.1212933776678656,0.010693789992732138,0.015517639371731309,0.06611599900272837,0.008341582969429199,0.04338625150891253,0.009047742391491259,0.13911604605011518,0.05594397671625222,0.26146850778411246,0.1513481897476932,0.2249826609000756,0.5568811062201989,0.1514691550136164,48708.57227286767,0.05633742571388964,0.7425875772854312,0.015203254000440553,0.16079961922011815,0.20969669558963341,-0.8466445475289798,69,8,State 08
cube44_cluster0,56,Post-COVID,0.9464285714285714,0.20889975708752806,2022.517857142857,2021,2023,49,0.125,21,BATTERY,0.5178571428571429,0.19942616187378656,0.09941207332489688,0.23555133896201536,363.82263621901194,0.1092476875967017,0.17870440069717503,0.022845752814753758,0.1356989628379364,0.012647012460125572,0.0397425194960278,0.16555157859460343,0.0079145053830457,0.016838129735463808,0.06057395802783283,0.006681286333350098,0.04589529249250379,0.008960612156407626,0.1337967106455646,0.054901590728507865,0.2653067143736922,0.14638939237086165,0.24971353961007642,0.575753353399648,0.14881031385121296,49076.690982842076,0.05372199182201145,0.7714764437605318,0.01735236341788277,0.13140915036031392,0.23014950198743703,-0.935295113746925,49,8,State 08
cube45_cluster0,31,Pre-COVID,0.9032258064516129,0.3179367802622418,2018.6774193548388,2018,2020,25,0.16129032258064516,14,BATTERY,0.9032258064516129,0.2337093604317931,0.26216676389476706,0.25954614766703993,199.02691327012388,0.0844708183543876,0.2302774349884825,0.047023398991228246,0.10345455595030195,0.025186186940695864,0.050710299902145047,0.02362480669712179,0.07726942115948607,0.018264243881473147,0.07875178691926875,0.022137574375812968,0.030301382067270843,0.014556391205076768,0.1591456502361596,0.03482604833108885,0.25637366071165457,0.15062541280974806,0.212773231849402,0.5772529096779176,0.16354262105544104,42305.21607752407,0.09714384391515551,0.671719701224562,0.020882173811302758,0.1948592649047532,-0.2804355598983851,0.7033454868842297,25,9,State 09
cube46_cluster0,61,Pre-COVID,0.819672131147541,0.4718902859406985,2018.9344262295083,2018,2021,61,0.11475409836065574,26,BATTERY,0.9672131147540983,0.22400635842117553,0.23680011576247506,0.25897371050364104,480.68662081737637,0.09513758582975447,0.22296976295835055,0.04225841950127849,0.11266655756945701,0.02678734988751214,0.05230493174495445,0.032051091959838726,0.05821442452622623,0.018759066867384596,0.07942642240370597,0.0194982155975447,0.03251748379938596,0.01299330034819373,0.15892343630091715,0.03549195070549575,0.25689306694755426,0.1533605304527337,0.2021423167686661,0.5681738538020982,0.16774537508053236,41891.369449466445,0.07393328494303629,0.6718603284274909,0.016699641090153653,0.22221921393732932,-0.31510802018994266,0.6466840058040728,61,9,State 09
cube47_cluster0,52,Pre-COVID,0.8653846153846154,0.3950671208304354,2018.8461538461538,2018,2021,61,0.11538461538461539,22,BATTERY,0.9423076923076923,0.22079549608017782,0.2334322713212129,0.26585238858060767,407.1225960705062,0.09420555308940616,0.2187078056824315,0.04312050549967553,0.11737961091651004,0.025588133093868433,0.053375176017626494,0.036644747410970215,0.050081122343753885,0.021914734449427896,0.08048910173096774,0.016931929688772492,0.03445885702210602,0.012163138084736829,0.1579364438672794,0.037003141102467364,0.2481309255501414,0.1532336781076528,0.18850829580506973,0.5522515367915154,0.1634086921926534,41501.19906711084,0.06635663445118364,0.6389489443405977,0.016665328818685737,0.2636193996308712,-0.3703370471313114,0.551677482497007,61,9,State 09
cube48_cluster0,41,Pre-COVID,0.7560975609756098,0.5555365967291861,2018.780487804878,2018,2020,30,0.14634146341463414,19,BATTERY,0.9512195121951219,0.22956336795158697,0.2169397535726663,0.26367083871427266,310.69852304695587,0.09537606426115983,0.22716129847634678,0.04309207885856272,0.11999973359773919,0.021945195868105328,0.05185209409366142,0.04167245443527644,0.046024775189606716,0.02188833494226287,0.06886317529454633,0.014726394966942426,0.03465576688440591,0.013505363272774282,0.15980106503477443,0.03943620482383537,0.24982367899757715,0.14532123818770998,0.18253194305567755,0.5736313196549228,0.153844059897325,41484.56576097768,0.0661396404067423,0.5503277955758836,0.016870679350800142,0.35361669158354786,-0.42222493828668534,0.4245106464013746,30,9,State 09
cube49_cluster0,39,Pre-COVID,0.6153846153846154,0.8893227391139455,2019.4102564102564,2018,2022,30,0.10256410256410256,24,BATTERY,0.9230769230769231,0.22257886329718432,0.19300187677763486,0.26136846396320285,281.1998928932801,0.0945781197924336,0.22101086773261927,0.03900992441052161,0.12632430135522663,0.01689638278203875,0.055658123735049546,0.04153918874630918,0.03521986696099927,0.023723816456368372,0.08019628347116681,0.01829984771948961,0.031157460772997688,0.013850094340961775,0.15660674870531624,0.04592897301850163,0.2255874617211839,0.13650458127334544,0.1896423574770571,0.5225168813736172,0.1359784461865226,46862.934752267305,0.09160002903636497,0.47056105787923447,0.019281426748161128,0.4038976478583166,-0.4441042542458007,0.2704950252566701,30,9,State 09
cube50_cluster0,34,COVID,0.47058823529411764,1.004214913880662,2019.9411764705883,2018,2022,53,0.11764705882352941,22,BATTERY,0.9411764705882353,0.23143219024542577,0.16716782372907013,0.26315540845979085,249.8943188369456,0.09710740708467955,0.23007923989641046,0.03607135610230111,0.12698746925128976,0.01612489739987465,0.05774615647155367,0.04283153095131253,0.028866742104564476,0.02114732121432339,0.07430138948919211,0.01417946972156656,0.033040272756311516,0.01380104306206901,0.15737787296301137,0.0503378315315398,0.2344161552140215,0.13721349817313905,0.20313126040003596,0.5445222494691196,0.13953758132634833,46793.819728963594,0.09363103814151505,0.5027426176125767,0.03257824281521509,0.35252741558856354,-0.45920886965836705,0.10286641952542296,53,3,State 03
cube51_cluster0,34,COVID,0.5882352941176471,0.9458647531668585,2020.1764705882354,2018,2022,66,0.14705882352941177,18,BATTERY,0.9705882352941176,0.2299371747011425,0.16001479717415387,0.2698847482295814,244.01728904715256,0.09787338733753335,0.22903812512498015,0.032416718346491916,0.13391858391234152,0.018330686995595077,0.05827577833231207,0.04917717576171167,0.02703255251772012,0.021253686241847838,0.07541066693373054,0.010236375168731696,0.030668867140373174,0.014875072678274759,0.15280928819279915,0.04868303531555691,0.23318381564848217,0.1334450250271803,0.18132733000947548,0.5354885739628736,0.13063555262649248,47876.52236760302,0.1061516397666366,0.42055657990870965,0.020969806163652818,0.435906797147487,-0.42952065065977935,-0.12981486438452614,66,0,Unstable
cube52_cluster0,32,COVID,0.59375,0.9262190514038544,2020.15625,2018,2022,19,0.125,20,BATTERY,0.9375,0.22393416242714786,0.1505112178014996,0.26880330194980817,234.34881023409184,0.1063742885124607,0.22270599648828324,0.03835220094396029,0.13705947762789947,0.016779061932466754,0.05758138247020154,0.051767903925761194,0.024598837681777036,0.0204212815785209,0.07575947235092269,0.008778806066475322,0.026902867689061322,0.01218527230754888,0.15213541496494515,0.04859773545971551,0.23858033087814084,0.1355530929378247,0.21472167191050148,0.5474966598147826,0.1393195684116035,48100.94454454251,0.10538945606387085,0.5495454538076918,0.022674026483993127,0.30470582778969224,-0.3457979260352523,-0.27696500008403396,19,0,Unstable
cube53_cluster0,46,COVID,0.5434782608695652,0.9799442382346204,2020.804347826087,2018,2023,49,0.10869565217391304,26,BATTERY,1.0,0.22138161957576752,0.13708436501752103,0.27322808032146695,348.71829621139005,0.10653999792690141,0.22138161957576752,0.03677165148953168,0.1305158013968881,0.01672351858494325,0.06441700761652668,0.05410061536445839,0.017897123025326096,0.018617972085283156,0.07799970497477822,0.00976104291046879,0.03299400563304018,0.01383477115060775,0.14333731940759623,0.0551078488578825,0.23039067811900474,0.1376500735619466,0.21361065041932628,0.5223313039859291,0.1354585055525876,49552.12226906731,0.07804486106286532,0.5775812875353071,0.023183988100216168,0.303754203891015,-0.257703329785218,-0.43143551133000774,49,14,State 14
cube54_cluster0,53,COVID,0.5849056603773585,0.8439941624350231,2021.0377358490566,2018,2023,46,0.09433962264150944,26,BATTERY,0.9433962264150944,0.22820320980495107,0.12532163541895133,0.27764275931309246,383.3942851538631,0.10848695228897097,0.22710029728122474,0.037886147976550745,0.1378891198440023,0.012875191509055889,0.058167471981306076,0.05487678297622106,0.014636756411090765,0.020657007887806212,0.07303851594916279,0.008892758073398186,0.03540190281640025,0.011477401830925637,0.1460471446951278,0.052566548478756574,0.25572029728256984,0.14265919324506568,0.2237289059581379,0.5708359146089038,0.13980308923364373,47181.47038310187,0.06958664772066972,0.6281622287023049,0.023523179492825386,0.25988318073761224,-0.14107567363274262,-0.561981893301049,46,14,State 14
cube55_cluster0,53,COVID,0.6037735849056604,0.6714519120090439,2021.2641509433963,2020,2023,43,0.11320754716981132,26,BATTERY,0.9245283018867925,0.22128591092571845,0.11471914819653302,0.28483916467310516,383.2555797253022,0.11235081783622679,0.22074052203338823,0.03281672753103174,0.13671372416278174,0.012019326485833861,0.06171866546681502,0.06276505130791642,0.013109878757590204,0.020093461085375647,0.07425706121204281,0.009348919929469561,0.04030920713272477,0.009503554811412266,0.14325563319106138,0.05099744905632956,0.25623319625282115,0.14218570244172557,0.22890797160803494,0.5747343850802988,0.13987662271853005,48321.83607341416,0.07030925217629715,0.6361229867988542,0.025482535884138385,0.24848283008165178,0.005257025798469575,-0.669256285845568,43,14,State 14
cube56_cluster0,51,COVID,0.5882352941176471,0.7563243205489437,2021.2941176470588,2018,2023,42,0.11764705882352941,26,BATTERY,0.8823529411764706,0.22702421357078018,0.1062959015584244,0.28042385721381885,342.909558154199,0.10783111970295245,0.21883331440753592,0.03289944378512619,0.13738121290235375,0.013600052818016467,0.06165279157458393,0.06957368354287138,0.009077908678045638,0.019909651513089644,0.07356710047480784,0.009592183421103745,0.04353549065534324,0.010265558651361034,0.13957671874781066,0.05270376912499815,0.25290534374359314,0.1392729953690873,0.2303110322106374,0.564942100557813,0.1400737856372062,48795.479057330806,0.07841720845515944,0.6108974592828559,0.02063796815658861,0.270781688805454,0.1776519290718277,-0.7076585613824732,42,0,Unstable
cube57_cluster0,60,Post-COVID,0.6,0.7422937497089274,2021.8,2019,2023,66,0.1,28,BATTERY,0.8666666666666667,0.2177933146998726,0.10445651644581996,0.25076899540688913,399.96794938149145,0.11392985855209584,0.20759426796412,0.03575842389369623,0.14453707721180697,0.013635716576837795,0.05489261596545135,0.08771646185660345,0.009840026244045962,0.01794109706206278,0.06347775745373994,0.007522285744195121,0.0400474872779468,0.009692644773205207,0.1414576501019482,0.05195662932224432,0.24871729775193027,0.1366016055022284,0.22098639077692256,0.5492897735622271,0.13387300485834547,49737.23019160273,0.07845149415599018,0.5810894392246264,0.01936570910371081,0.3014013571045364,0.3002496585751272,-0.7519252729123268,66,8,State 08
cube58_cluster0,79,Post-COVID,0.8987341772151899,0.3278554017914255,2022.506329113924,2020,2023,46,0.08860759493670886,29,BATTERY,0.7721518987341772,0.198517065846668,0.10878912238599164,0.2454210584698794,546.6091687727564,0.10601833997498045,0.19212421940538443,0.03139794286628883,0.13659986919224718,0.014776487723081473,0.04778105808737186,0.12680729841795924,0.011331771433232898,0.016200365819904562,0.06381391542023493,0.00846490828386532,0.03753387326378632,0.0104874306816751,0.14648625523194983,0.050176264198037376,0.23789009046379123,0.13832696987054885,0.23034069992297074,0.524774241153621,0.13582380562685306,52695.08177203179,0.06676816503129906,0.6676233923583944,0.015622834284290597,0.2278828637375523,0.314126873885629,-0.9259383702700489,46,8,State 08
cube59_cluster0,71,Post-COVID,0.9436619718309859,0.21677025811632547,2022.5352112676057,2021,2023,43,0.11267605633802817,24,BATTERY,0.5352112676056338,0.19849822418482876,0.09667443114405998,0.23711920628861666,455.16334763908696,0.0963722194072015,0.17863844294713585,0.02736715229889993,0.1355879656496484,0.012849762975855713,0.03951567379083588,0.1692130983370719,0.007393277970839021,0.01737997355634037,0.06250869921361919,0.006161799467416963,0.04283847424355055,0.010389898632965648,0.14478677855062924,0.04899678295798974,0.255077448056457,0.13924798682679784,0.2699984440618821,0.5779787757078119,0.13172677053592985,51259.81743791317,0.06676147964592367,0.7307745177901673,0.019387231480459333,0.15454831502463895,0.3569450476048513,-0.8836967478335088,43,8,State 08
cube60_cluster0,25,Pre-COVID,0.8,0.6004829082458254,2019.08,2018,2023,38,0.12,16,BATTERY,0.88,0.21852999193559922,0.24839105008750673,0.2683532732977806,162.67687260778035,0.09110387474033285,0.2129896919101733,0.04266028331361015,0.10567058005922499,0.03251174103807723,0.05685775247949525,0.025122244328112962,0.06271451078417063,0.02528055483325777,0.09806391545403578,0.02109648914673799,0.030594801394595098,0.014028829089872796,0.15934141344077044,0.021963317987532788,0.2460758170304731,0.14007021022670546,0.2357060426645725,0.5691258876134433,0.14630522458888043,45949.3204656647,0.1303444849569032,0.5916971654216843,0.02569327149259142,0.2352581338899864,-0.07991356699920463,0.6422435979050283,38,9,State 09
cube61_cluster0,54,Pre-COVID,0.7962962962962963,0.5054941766456584,2018.9814814814815,2018,2020,61,0.12962962962962962,23,BATTERY,0.9444444444444444,0.2155618971754057,0.2353336802119528,0.24916100808609082,416.6897522192655,0.08798776812213738,0.214591370680419,0.042089078514216546,0.11516311553204266,0.029441724732710665,0.058103151722782784,0.030489492161581408,0.05475198667792335,0.017293412026852133,0.08135202636862132,0.018143402242121437,0.0339630390760627,0.014912307954401108,0.1694975001881506,0.03222062399997686,0.2521066298730998,0.1504029795661214,0.22301273569060828,0.569535410075376,0.15724683419230825,43042.40575426076,0.0854566547239925,0.661666655999427,0.030295310169019055,0.20673483452788832,-0.12279755194970447,0.6184809056805873,61,9,State 09
cube62_cluster0,61,Pre-COVID,0.8032786885245902,0.5522502148585116,2018.9016393442623,2018,2022,43,0.08196721311475409,23,BATTERY,0.8524590163934426,0.2175788283887911,0.21907865415848962,0.2547791171395452,462.7697101216423,0.08920061474858812,0.21284455997508897,0.04272042463513266,0.12113504101032266,0.025905883864321147,0.05931004443455812,0.032399314487234585,0.043346181238730463,0.020463596443926074,0.08354565787485116,0.01644500953679913,0.03681617022141893,0.014884646661090255,0.16631012780075438,0.03467272706718337,0.24446495826154263,0.15077766782624621,0.1954997329792748,0.5423917818245485,0.15595563830838147,42705.46643961312,0.07613353280372336,0.6237729183808135,0.018198464949533276,0.2670283076490721,-0.18727679726462856,0.5609851991232232,43,9,State 09
cube63_cluster0,52,Pre-COVID,0.75,0.5623351446188083,2018.8846153846155,2018,2021,19,0.09615384615384616,27,BATTERY,0.8653846153846154,0.2225842669872013,0.20059916012098117,0.2613830441166829,399.22345432676593,0.09198335538686485,0.22107777210697294,0.044906822762304364,0.12347353336040973,0.021447980942973458,0.05651008450323421,0.0388231289095629,0.03975740699876358,0.019876264019381078,0.07931576664729942,0.013113978902728989,0.0341150313803561,0.014218715523172807,0.1685148376647261,0.032865320891249404,0.22477194468194212,0.13287950828607833,0.19712821686824208,0.5325394501833643,0.13828667442746306,45872.88554454036,0.10060319547507644,0.501570514677698,0.019626961146399356,0.364965356540805,-0.2386629397626502,0.4583319367679337,19,9,State 09
cube64_cluster0,36,Pre-COVID,0.5833333333333334,0.887694275799104,2019.4166666666667,2018,2023,63,0.1111111111111111,24,BATTERY,0.8055555555555556,0.22307472244692692,0.17707230853070483,0.25763558038549905,250.66635490065633,0.09666783462723007,0.21628538711747092,0.038983912130621794,0.1227259236128746,0.015953566628588923,0.06252256563034853,0.03899774367164931,0.0336195061910467,0.019177355409988908,0.07985345583485015,0.015830755920571843,0.03232114903268786,0.014911053160029782,0.17111157976809563,0.04103821126394503,0.2201995312377215,0.13257273764907404,0.20575883269102058,0.5220938355932216,0.12477739187104857,48316.28333995977,0.12516397457112477,0.44560332325279717,0.027472536279355957,0.385913917401815,-0.2668887655176734,0.32339381995798794,63,0,Unstable
cube65_cluster0,38,COVID,0.47368421052631576,0.9142399661187288,2019.578947368421,2018,2022,19,0.10526315789473684,20,BATTERY,0.9473684210526315,0.220794599925242,0.16776988777812055,0.2544489810422405,268.5086365623973,0.08910954032583371,0.22029715885465626,0.043562338049408476,0.1305140322847457,0.01901634656769114,0.06733368131642263,0.04490829904270667,0.027425569886776364,0.018730402834851844,0.08008972553457223,0.01502104602955485,0.02490490707734179,0.01187645789467079,0.16094239850028252,0.046268095800484944,0.22185023189149644,0.13045700004772415,0.20436204985684156,0.5315059656322297,0.13179374710115127,47592.4873409286,0.09740394611282549,0.4724818630159492,0.021281528511716122,0.3926992212936636,-0.24330738988377923,0.19324358000374958,19,7,State 07
cube66_cluster0,34,COVID,0.5294117647058824,0.9836920185842926,2020.0588235294117,2018,2022,20,0.14705882352941177,21,BATTERY,0.7941176470588235,0.2192859881353089,0.15165201898455194,0.24712026910749868,243.08753201565617,0.09179317331587941,0.21164517475896466,0.03534605882449855,0.13558522601625692,0.018326989761583888,0.07136588289739501,0.048919238210752544,0.02602014254552571,0.021076463021561867,0.0776475377021578,0.01006351453533872,0.03156008952088626,0.013845685243755871,0.16137677439185838,0.04542804925358442,0.2109727935895977,0.11024109891719792,0.21901115508224608,0.5269263330208434,0.12034196292576636,52256.752017467836,0.12643604099022557,0.3838831529147567,0.029699999321303818,0.4450625591414386,-0.22259128971024386,-0.03667628993742235,20,10,State 10
cube67_cluster0,45,COVID,0.6444444444444445,0.8507594606249129,2020.0444444444445,2018,2022,73,0.1111111111111111,22,BATTERY,0.8,0.21441375268503715,0.14291926976518352,0.25706519326089144,323.6693229511445,0.10351726813823674,0.2068907055913065,0.033423741515595934,0.13368236292640429,0.016233926066860836,0.07244474388317958,0.05012297901881173,0.023530990909156144,0.02272864942029602,0.07483383938253935,0.008351039223805593,0.03290771615230504,0.014554194956528948,0.15994794570832932,0.04682989710664393,0.2282905551259298,0.134833858483386,0.2292356233654754,0.5382824178202714,0.12761278532114945,49091.415647385984,0.08941534665926684,0.5496110506278794,0.037045609698036136,0.30741536490512167,-0.1974181492496873,-0.2100846137981063,73,10,State 10
cube68_cluster0,36,COVID,0.5277777777777778,1.0181052125220258,2020.388888888889,2018,2023,58,0.1111111111111111,21,BATTERY,0.8333333333333334,0.2071033448650091,0.13884878929309433,0.2624379071807723,253.27559402631093,0.09687476920609078,0.20219402715037907,0.03304146626209056,0.13026272529637792,0.01905188285872614,0.0709370517635504,0.06006401182323565,0.022097318078364854,0.022286797826268863,0.08107443724633501,0.0066849702119927456,0.03439650630486697,0.013125351870494042,0.1593011265582654,0.048607557542961644,0.22060814924996483,0.13386610502535343,0.22223924030204845,0.5129863369821128,0.12562895388421066,50214.16922029996,0.09556890138035265,0.5411062138388563,0.039842681454894904,0.305268055620154,-0.12298773920947137,-0.36728491000160285,58,0,Unstable
cube69_cluster0,52,COVID,0.5192307692307693,0.9573496262420508,2020.9423076923076,2018,2023,66,0.1346153846153846,25,BATTERY,0.7307692307692307,0.21278831333705409,0.12333300074575566,0.26240400791561397,343.9156554459096,0.11109118518666589,0.20433158630592232,0.03388773372757317,0.13002642948104634,0.01889530096361293,0.06286352356994593,0.056970657002427566,0.014180485577674292,0.02157551324013185,0.07746341414072017,0.00928981633211222,0.03536131102297193,0.010978372076533599,0.16270890863205775,0.050375762740604076,0.22937276762657574,0.13524996300917444,0.21679508619333518,0.5144025366192607,0.11986207237929158,50231.9539049298,0.08451436383492478,0.5288610920815107,0.02473945038094797,0.3440105509068756,-0.027827526035237197,-0.5084679100115423,66,15,State 15
cube70_cluster0,39,COVID,0.5897435897435898,0.831524109152622,2021.128205128205,2018,2023,66,0.1282051282051282,21,BATTERY,0.8205128205128205,0.20890569936720843,0.12307208897662512,0.2608232597358268,270.8036133891205,0.10592187102063097,0.20570260349831315,0.03390945329022826,0.1315730949415584,0.019907832427092355,0.06418146216501985,0.06678815246905091,0.011407040169363121,0.021016245156341044,0.07129053065882572,0.010353892405055113,0.0364777664766598,0.01099891645812333,0.1585593161115454,0.0519118227521925,0.23406981019056508,0.13891095660473818,0.23460590608551635,0.5264900196673509,0.12185876903765284,50679.5324622718,0.06841224396858721,0.6013116207424022,0.028880829169739435,0.28127162152400303,0.08798034253848626,-0.637912184365796,66,0,Unstable
cube71_cluster0,47,Post-COVID,0.48936170212765956,0.7813660286730185,2021.5531914893618,2019,2023,46,0.10638297872340426,23,BATTERY,0.8085106382978723,0.21220060660281456,0.11226320299960225,0.26314715973729924,310.7571967999738,0.10017675650810766,0.208235198887056,0.028933373343826944,0.1250600410146551,0.016534976333792258,0.06597895892280502,0.07927948441637003,0.012918415625433837,0.020539159533299538,0.07437210446890878,0.007017665209185475,0.04487623051991353,0.01159054157209264,0.1561742363752291,0.04831285726932408,0.24120587292756746,0.13544679049037744,0.22863789477305738,0.5406329940753951,0.1324444475348203,50901.49261483802,0.07384084595989712,0.5967801463517303,0.023285014296388167,0.2865914395470853,0.2052942589630914,-0.7569602389799933,46,4,State 04
cube72_cluster0,58,Post-COVID,0.5517241379310345,0.6877868229921127,2021.7413793103449,2020,2023,58,0.13793103448275862,26,BATTERY,0.7758620689655172,0.20194101349725233,0.10725656458671548,0.23844146855057108,390.9931855446716,0.11030691796291488,0.1971351693492231,0.033426625549953744,0.13663804103769808,0.01506001355855533,0.06073296871245678,0.08338737344352545,0.009312405755430062,0.01966642111536387,0.0650908945682799,0.0049693810542102415,0.04648875592780227,0.01187984460119665,0.15636219660808023,0.04954299075530943,0.23262151685537716,0.1354825332508537,0.21157711107870653,0.5279008397629423,0.12081507791950158,51633.73822295417,0.08802470633507978,0.4996951369695921,0.034632007942029384,0.3587128953374305,0.3065024956156216,-0.859757225771943,58,8,State 08
cube73_cluster0,63,Post-COVID,0.8571428571428571,0.410116318288409,2022.4603174603174,2020,2023,44,0.1111111111111111,29,BATTERY,0.6825396825396826,0.19117981477458168,0.10917485505093734,0.22162748104113156,425.8171162164601,0.10518536165170815,0.18093408195634395,0.030848988753394032,0.12753267121374093,0.015086610828340822,0.05591534450885803,0.12194838726039409,0.008779631117702538,0.017605637184482596,0.06736014822318101,0.009462748413725006,0.045009465829809414,0.010343221997271728,0.15703917327962372,0.04694852778142394,0.23129945113075526,0.1347070594222312,0.23911781771684962,0.5303893280581324,0.1207675354563212,53861.62831869016,0.07950656496142662,0.5909164158549015,0.03353210433522379,0.27428973974893583,0.29552814155245716,-0.9114269391652943,44,0,Unstable
cube74_cluster0,79,Post-COVID,0.9240506329113924,0.26876309273030147,2022.4810126582279,2020,2023,43,0.0759493670886076,26,MOTOR VEHICLE THEFT,0.3924050632911392,0.19555116213549023,0.0864418246370901,0.21849217653613387,480.8911314113674,0.09651388913753386,0.16839538908228222,0.027559578736239848,0.1387511011922862,0.011626535491366973,0.05085936109989531,0.16840788328026685,0.0054442985059105515,0.017111139190236088,0.06015597214769722,0.00635273533434712,0.043419119163704896,0.009947043073624526,0.15143090097558334,0.04402505358902499,0.2398083331343024,0.13432195305789743,0.2590961809932348,0.5383962941991972,0.1220328059117922,53828.80760542507,0.0811720614307661,0.657510733174562,0.018472268607698145,0.21679005362714118,0.24945587203985373,-0.911418087019876,43,0,Unstable
cube75_cluster0,25,Pre-COVID,0.72,0.7077858865682289,2019.2,2018,2023,43,0.12,17,BATTERY,0.76,0.22974624470250835,0.2129927408547464,0.2768446402791763,145.6014136765942,0.07869395767191097,0.2153553711122716,0.04230627029735645,0.11429472950774301,0.029846821739017367,0.06185113990822408,0.020540354856809263,0.06470520456373988,0.022047700681026194,0.09594229529568286,0.014230604741625413,0.023798539825760398,0.01705025315739095,0.1768691740765383,0.0224675825649033,0.24602883320900332,0.1411565381655828,0.2641574599917314,0.5804208690330943,0.14297914180408347,45460.97769314064,0.12889696397897785,0.6905514548166514,0.016676222565023158,0.14626602183844606,0.13923998580934968,0.5109508143338671,43,9,State 09
cube76_cluster0,47,Pre-COVID,0.7446808510638298,0.641338449520451,2018.9574468085107,2018,2022,42,0.1276595744680851,26,BATTERY,0.7021276595744681,0.22117244679804565,0.2260706543405583,0.24228129840399898,328.8677773344278,0.08639856891329475,0.20602893744434894,0.04298590647377271,0.1174819182724862,0.031885988828929616,0.06291136068518247,0.028883534755485194,0.0499716223816744,0.018699269616382262,0.07825556297630881,0.016778858606956954,0.030232490713468892,0.013497985591404202,0.18508110729007954,0.030906887450224987,0.24159720385313663,0.14207647349370464,0.2326989188813827,0.5666777755416816,0.14401364016823434,44436.25151062551,0.10548064679633762,0.6038217364042021,0.04028660220762079,0.23501767846116287,0.0818907333051924,0.5804169844887108,42,9,State 09
cube77_cluster0,45,Pre-COVID,0.7555555555555555,0.6306156282838766,2018.9333333333334,2018,2022,66,0.1111111111111111,23,BATTERY,0.7333333333333333,0.22317979890778103,0.204073942078838,0.24329193242179,324.23649923940184,0.09170592831311013,0.21373488790015055,0.04471985739755544,0.11608931876939518,0.025060102778782144,0.06295380836486895,0.03460016990809167,0.04266022403905144,0.018664140360165556,0.08143222107257207,0.016456191935044964,0.02954153225545589,0.012287116747564235,0.18273144769422392,0.027363052463967804,0.2384740799064727,0.14375550783377908,0.20405769264290635,0.5518222248903758,0.1403689126921407,43589.30857539925,0.08725145206673215,0.5578811399039345,0.02234689718680223,0.3177563008677597,0.008455113155173069,0.5810047210396891,66,9,State 09
cube78_cluster0,46,Pre-COVID,0.7608695652173914,0.6634566636787613,2018.891304347826,2018,2022,19,0.13043478260869565,21,BATTERY,0.7391304347826086,0.22432803941215565,0.18767986694851366,0.2594786618796688,346.5572901696969,0.08904440992685804,0.21621687816926088,0.04188154667502282,0.11875893821730124,0.021747397997520963,0.06187170778602222,0.0374955507311815,0.03610658592399476,0.019296860636529273,0.08613859112956831,0.012461605429447466,0.035110090194794254,0.01271931511974223,0.1841029867117529,0.027047535351003026,0.2235353703136763,0.13427255846236638,0.20314729739960252,0.5411450692444324,0.13035995091615146,46296.61707477142,0.10716007259143062,0.48175105274680324,0.02329873840800589,0.3728295972532047,-0.04929776261611935,0.5064587032871427,19,9,State 09
cube79_cluster0,45,Pre-COVID,0.5777777777777777,0.8651565695392229,2019.3333333333333,2018,2023,19,0.1111111111111111,29,BATTERY,0.6888888888888889,0.224776943060329,0.17919935831715222,0.2413660043765415,304.71924907486004,0.09055706040392222,0.21063505118308232,0.042533291260020006,0.12480071782705011,0.02051827899571523,0.07071874472549992,0.040424191455932686,0.032101800819517474,0.0173632063828123,0.07824078102605864,0.012341691087578665,0.035468100873139966,0.013937707911379382,0.17901882861450197,0.03134054743378912,0.20850384538052655,0.11825677402529526,0.22273852203376726,0.5114019225293408,0.11112682968756499,51155.14375286995,0.15025129995653935,0.3989759218033196,0.040186966392097824,0.3942893547557779,-0.07936624134442868,0.3788544907174548,19,7,State 07
cube80_cluster0,42,Pre-COVID,0.5238095238095238,0.9597916051265445,2019.547619047619,2018,2023,19,0.16666666666666666,24,BATTERY,0.7142857142857143,0.2132004827000611,0.16744841715724007,0.224415243333331,290.48375427611757,0.08912746654320573,0.20492878868056352,0.042376779019045456,0.1283794144582725,0.02003031557200877,0.07315854960386495,0.049946857343736877,0.03160364142714881,0.015490289534578837,0.07705880501356169,0.012254034673464623,0.0335649882253168,0.014309059539859673,0.175960872209378,0.031810138155993754,0.19691189412720578,0.10714497665723857,0.23234085513846267,0.5205251352578945,0.1037777351615275,53512.49512314253,0.16345311839872625,0.32591052830567663,0.053687718448520716,0.4396158907003268,-0.08744970905888606,0.21649769841700953,19,7,State 07
cube81_cluster0,36,Pre-COVID,0.4444444444444444,0.9993699902744391,2019.8333333333333,2018,2023,20,0.16666666666666666,21,BATTERY,0.6111111111111112,0.21428105675013487,0.16243932539481243,0.23187041519806095,235.35686939495665,0.09210825838499143,0.20187077203833292,0.03393719673996906,0.13409707640960558,0.01808554934837025,0.06898853437412,0.04919657293243341,0.025302856160666087,0.01748794646573655,0.08267632730491327,0.014646949244019825,0.0330105344051724,0.014418112372090015,0.17829096729649482,0.0358823465230844,0.19847762240838784,0.09748861430578347,0.243339447294303,0.535005621484561,0.10178523883446446,54838.70524389528,0.18225331395325353,0.25176168560657336,0.06975540113414076,0.48056903211865915,-0.07170388451686135,0.04903548977893334,20,10,State 10
cube82_cluster0,42,COVID,0.5238095238095238,0.9302998331833918,2019.8095238095239,2018,2023,58,0.09523809523809523,24,BATTERY,0.7619047619047619,0.22074206740919505,0.14239086265169498,0.25337801246120895,286.93207811959263,0.09804546660576755,0.21144534839342258,0.029949801486243526,0.12680101507686528,0.01827476586609049,0.0766799674521195,0.052105475029327615,0.022428435570057137,0.020973660076694437,0.07435969318534268,0.008534676547205636,0.03701637622539461,0.014154486805213631,0.17072611944065622,0.038504712239599156,0.2237297591153516,0.12144715842643027,0.23390869977973366,0.5484310119848237,0.11551730426673339,49468.5999776255,0.13455908449570358,0.4115726814068026,0.058425585167392775,0.37893166013164675,-0.03761526891594983,-0.13430793116525566,58,10,State 10
cube83_cluster0,37,COVID,0.6486486486486487,0.8823769984831464,2020.2972972972973,2018,2023,19,0.10810810810810811,22,BATTERY,0.918918918918919,0.21920476848153728,0.12419560608135141,0.26849851764029,259.69685611080155,0.0936359447242888,0.21765402717593935,0.03273780709067601,0.1344777624844796,0.0146936570797165,0.08362847815368038,0.05292353261443791,0.01591193806538854,0.019460155940935985,0.0765221976845321,0.007256339042380511,0.03485956319974638,0.012593425659150226,0.16384194903151122,0.03980322205313649,0.22142200263589845,0.12650245819703645,0.2341240454373655,0.5262572208905991,0.11167808551663953,50760.30366688969,0.1252292829840175,0.48329626566691186,0.04628499828135697,0.3260955723468028,0.015279163267083447,-0.3021648587966416,19,0,Unstable
cube84_cluster0,51,COVID,0.5686274509803921,0.9148963095726802,2020.921568627451,2018,2023,19,0.09803921568627451,29,BATTERY,0.7058823529411765,0.2100135782642704,0.11079229711065369,0.25538909093891266,349.4504221306586,0.10002160341778438,0.19914741977805975,0.03522269265885628,0.13553485869341927,0.01497257128108241,0.07791472346888009,0.05909226896745695,0.014856404753159053,0.02041483731421846,0.07527728201647453,0.007467366187593129,0.03480019553688786,0.012682008048039472,0.17121504254935033,0.041380725328738086,0.2215353952441611,0.1231752151315799,0.23769461947691384,0.5294206721339407,0.10429913675753451,53231.86089955553,0.12376056167157615,0.4142929839979964,0.05283134241967282,0.38821563202389225,0.09649301072972029,-0.44841173000972,19,15,State 15
cube85_cluster0,52,COVID,0.5192307692307693,0.9037871028354979,2021.0384615384614,2018,2023,58,0.09615384615384616,29,BATTERY,0.5769230769230769,0.2168743733530641,0.11052052778227103,0.2602332562996556,342.2722224752575,0.11008068048885662,0.20143756667038837,0.03426278900618665,0.13709425251492163,0.01741771407162024,0.07200551519926288,0.06251056523514509,0.01082341079451511,0.021237073516909486,0.06654369930217048,0.00796360438296663,0.0330611668636608,0.009356501742749036,0.1730186769869824,0.04318678322366461,0.22849922011690313,0.13371971709405905,0.2567682589378799,0.5245976434087093,0.11316364540785898,52903.468803646116,0.09927305070140212,0.5735440294970396,0.04227871445759153,0.2632223559192211,0.18776602168442372,-0.5884150325468389,58,0,Unstable
cube86_cluster0,60,COVID,0.5333333333333333,0.8823109245150755,2021.1333333333334,2018,2023,58,0.08333333333333333,29,BATTERY,0.7,0.20957208225119217,0.1105634736544451,0.2494374683214861,375.8023116838349,0.1067805341998652,0.19657461107820212,0.03377591387125883,0.1320928251679923,0.014271444779916877,0.0764826534685697,0.06830025688646825,0.010306684279496322,0.019421406134922402,0.07088741569447549,0.006079391348743276,0.04293863444089665,0.009533286191315105,0.16721155356738826,0.04534338889048923,0.21879740561886868,0.1277218059542361,0.24440506125701858,0.5064790778983167,0.11191742646859917,53689.5564854784,0.1040311882199181,0.514222347984767,0.03856692568493481,0.325068302579036,0.2926275802248436,-0.7137446625911049,58,4,State 04
cube87_cluster0,55,Post-COVID,0.5636363636363636,0.760606452406835,2021.6545454545455,2019,2023,38,0.07272727272727272,28,BATTERY,0.5454545454545454,0.20180400580297525,0.09817790793647112,0.22783509449954567,349.14606642402487,0.10640930366456809,0.18343038998160208,0.03206744432482601,0.12637763028228796,0.013146470032581367,0.07129696759468115,0.0848586902151161,0.009196870607912563,0.019053087851289292,0.07280869377079421,0.004571775538318818,0.046840862322727245,0.012759105358184973,0.17122204039498456,0.045960668060125484,0.21738398394211972,0.1282904898113389,0.22064856662509644,0.49676498328173657,0.10760062906144273,54370.79544357688,0.10422138365065532,0.47943983002944984,0.02673331918668604,0.3717441634044591,0.2852358166827603,-0.8525675203370734,38,4,State 04
cube88_cluster0,67,Post-COVID,0.7910447761194029,0.5663372005064522,2022.2089552238806,2018,2023,38,0.08955223880597014,28,THEFT,0.44776119402985076,0.19800983105523323,0.09432030388328255,0.20646224550629752,410.2044120044814,0.09909184833006786,0.17227398808373556,0.029830571069856857,0.12747362521046565,0.014640074721667826,0.0633586107284053,0.11933876711631372,0.006815689412300154,0.01902735454885731,0.06967225051572105,0.008661913564824476,0.04251556588474691,0.009261328317889807,0.17440441698707485,0.0436339955080726,0.2244516737269346,0.1261584460777199,0.26132902957686305,0.5219600716308876,0.10320734469380193,55032.001482594846,0.1092052679855464,0.5268218464889244,0.047361249001493674,0.29133886149392973,0.21593253988712116,-0.9308527618687482,38,13,State 13
cube89_cluster0,82,Post-COVID,0.9634146341463414,0.1569361105459723,2022.5365853658536,2020,2023,38,0.10975609756097561,31,MOTOR VEHICLE THEFT,0.43902439024390244,0.20398456402573498,0.08416765604752638,0.20339132567403834,489.1657167497838,0.0953649202573122,0.15544812502839514,0.028609350747567017,0.13576617119956932,0.011636244276508837,0.05667579420338014,0.17845658895152544,0.005326700940607292,0.016502520958993596,0.0630394354597281,0.006824918868659886,0.03920709594508393,0.00832015930954825,0.1616210559730783,0.037200917880042476,0.23014927665374682,0.13096239297195916,0.2760814433991143,0.5144241183875978,0.10985599943513162,56022.01716441355,0.08929408563156614,0.642714571991549,0.028664604646507632,0.21112795406064322,0.1903442606019391,-1.0,38,13,State 13
cube90_cluster0,24,Pre-COVID,0.8333333333333334,0.45056120886630463,2019.125,2018,2021,76,0.125,16,BATTERY,0.4583333333333333,0.22605276440391853,0.2512905205083706,0.22396804939136283,127.89272531407654,0.0770111540088186,0.18926843380278177,0.040087109079182975,0.10053820867948676,0.0346882147212117,0.07905809538898635,0.018258876368989766,0.07510330947519088,0.0196405136661886,0.08382878792099135,0.01883461056158417,0.022569026988309617,0.017275389818850555,0.19367233332718323,0.030165936192243656,0.19896139383318845,0.11531536149055506,0.2490198202163568,0.4904771296596517,0.11729463967327525,50849.395117894564,0.2162704006596877,0.4471923489703012,0.05352706869611091,0.2680392140328707,0.3374194549693106,0.4089806794453549,76,0,Unstable
cube91_cluster0,38,Pre-COVID,0.7368421052631579,0.5763341277567499,2019.0263157894738,2018,2021,51,0.15789473684210525,22,THEFT,0.6578947368421053,0.23105147976043133,0.22311382210284147,0.22770092711519682,241.29329258706701,0.09496460358148846,0.19736860748972512,0.04075228339071237,0.1091874454140685,0.026026246872687103,0.07293928398812069,0.026344181923383527,0.0481086909037446,0.018842814029302875,0.07053981848934772,0.015187077423114148,0.02758505074193782,0.0124775945351558,0.21153057882862775,0.028145722388583507,0.2224452117665747,0.1233080180345705,0.22183919343650227,0.5003356204964943,0.12184653484137171,47981.13276198873,0.14704898996869536,0.42611351405720255,0.07019039833496772,0.3440414348340815,0.25752184490450164,0.5935933853989294,51,16,State 16
cube92_cluster0,41,Pre-COVID,0.7073170731707317,0.7691223805667944,2019.121951219512,2018,2022,38,0.12195121951219512,25,THEFT,0.5365853658536586,0.23076404425860986,0.1980120463424147,0.2343742502716721,279.9483592509081,0.08413569323157247,0.20320359484808623,0.04117461254079313,0.11810536218624353,0.02795554970159277,0.0667347087715933,0.0342349968560962,0.04186194781745838,0.01824133047548605,0.07982904422439012,0.012138249914190111,0.02505443253183721,0.01208298428984879,0.2081923063253157,0.027055186285496025,0.21532842369140123,0.12195903449616363,0.23760510014502773,0.49835016792828407,0.11681673890632235,50799.839425065264,0.15275148542762376,0.4709464549900326,0.04350653849076214,0.31783652696135123,0.18211640850020636,0.6376420768960102,38,0,Unstable
cube93_cluster0,48,Pre-COVID,0.6875,0.8199970521473742,2019.3333333333333,2018,2023,20,0.08333333333333333,23,THEFT,0.4791666666666667,0.22055647141077248,0.18472920534305537,0.22960552403586587,303.73414076334814,0.08434826122694505,0.1929371792550747,0.03994640965749142,0.11254745416341098,0.024898514939753053,0.0761402875583684,0.04164136887756547,0.041271713091429046,0.01931453051296728,0.08940417005134005,0.01135946468158143,0.032686293423742525,0.0134348429759247,0.19435814362296647,0.025711365961439425,0.20149914414476314,0.11825220310709815,0.23035097361263826,0.47987335338936354,0.10826254665227945,52300.40993923842,0.160526186948403,0.4205751564910081,0.03437362446604971,0.3708163167808955,0.12068549564472375,0.5481511742933614,20,9,State 09
cube94_cluster0,48,Pre-COVID,0.6041666666666666,0.9181493956583899,2019.625,2018,2023,38,0.08333333333333333,28,THEFT,0.5625,0.2241268450164936,0.17591692591955055,0.22468581190788428,290.19432982667485,0.09605818629951941,0.19198257630135507,0.04387454557416631,0.11155014999841895,0.022057202925302558,0.06930672542303422,0.03900495087786175,0.028390867534149173,0.020057155610914437,0.07962745697072411,0.013801725775034667,0.034579052194031006,0.014871505879424006,0.20236694572738667,0.032470952908677686,0.19709732012448936,0.1055984532516527,0.2526655761711496,0.4882455661884406,0.10038775096262653,55138.99866462903,0.1855252909956844,0.3674187858499973,0.05530607970128768,0.37583677507716434,0.07960257956345998,0.41151335398959127,38,0,Unstable
cube95_cluster0,51,Pre-COVID,0.5882352941176471,0.9035015039425284,2019.4901960784314,2018,2022,19,0.11764705882352941,26,THEFT,0.49019607843137253,0.21579350079313012,0.1598117421401572,0.2248624752178723,337.7476983509876,0.09313067038589619,0.19124151283013952,0.04404874908043484,0.1242207504945997,0.018883635341790557,0.07807963144525394,0.04371848557727518,0.02593134059422467,0.01865138441686496,0.07861270874631625,0.010360064635047253,0.029481162097093064,0.015200294424523994,0.1957016908057563,0.032737919124783556,0.18095304447064137,0.10300277877352122,0.24101416791759778,0.46256241622760713,0.10159030236341417,56777.47514872395,0.19267632401082746,0.3334306154474039,0.04819695557034996,0.40966358566713057,0.06042574025312727,0.26255072515242833,19,7,State 07
cube96_cluster0,44,COVID,0.4090909090909091,1.0702359491930813,2020.090909090909,2018,2023,19,0.11363636363636363,26,BATTERY,0.5681818181818182,0.22365544514820915,0.1375239978203574,0.23698593032828236,274.4457086839394,0.09047173170852024,0.20199513452397555,0.036938886397558206,0.12068005754286243,0.01534735955857283,0.08675844392205152,0.04959921858310001,0.023647312222907182,0.01658760926377031,0.08099055351064277,0.01249359233126307,0.03116820208133527,0.011330093665244966,0.19228506916027674,0.02970673552791893,0.17372773167252928,0.09372798644574173,0.2629459532960541,0.4758379766444138,0.09570251870515864,59798.7863400098,0.22003102130761176,0.2634982767766862,0.05885168788059118,0.4374931038077525,0.06630829577938421,0.1004330986248789,19,7,State 07
cube97_cluster0,43,COVID,0.6046511627906976,0.8867808347624444,2020.0,2018,2022,38,0.09302325581395349,25,BATTERY,0.6046511627906976,0.22327184185356574,0.12416494170510226,0.23851731356290648,267.3566963542439,0.09554307505666909,0.20292441115350957,0.038257645772220024,0.12027814433442666,0.016329616857188787,0.09484776739225075,0.05065741529663726,0.01833142732066464,0.018056795599366047,0.08181769500526681,0.010915729895459194,0.0362259298656171,0.00917357960314768,0.17640448251935384,0.030236284328222618,0.19845684354901294,0.11169889959511824,0.2750111728474128,0.5063666558192037,0.10031246624072053,55262.96013339961,0.19474546954206726,0.3909550280549762,0.05411938828742768,0.3382018307574265,0.0953528291652804,-0.06617409736333431,38,7,State 07
cube98_cluster0,48,COVID,0.5625,0.988069879390403,2020.3333333333333,2018,2023,19,0.125,27,BATTERY,0.6041666666666666,0.2190772367358728,0.12417974198306965,0.22890116113057357,298.2056114707528,0.0944848264933399,0.1967828242635583,0.038177853282740835,0.13200023726189955,0.016931300888134524,0.08417335268013672,0.05169605171802605,0.015414214137444678,0.016061618793677394,0.07748546280097747,0.010130118171649934,0.03367603497606747,0.010863359437801638,0.1849452459260439,0.03717749916850166,0.19394733312877568,0.10729915731315494,0.2421510498794479,0.4885742846530778,0.09552579652810478,56015.65109511649,0.16880380802027317,0.3533926147057507,0.06996135981509789,0.38936100129267665,0.15154986392733943,-0.2280774724656213,19,15,State 15
cube99_cluster0,44,COVID,0.5681818181818182,0.9326921839525989,2020.9545454545455,2018,2023,19,0.09090909090909091,28,BATTERY,0.5909090909090909,0.20578039574471454,0.11074998725422268,0.2303997952283507,280.5322486585503,0.09353274462614047,0.1913358370484939,0.039891372131920684,0.1382245967962495,0.015401302257016457,0.08872243420204053,0.05783248466874389,0.014037156816341111,0.018008541269923177,0.07409753875519257,0.0062522540172194555,0.0351591955892884,0.016349577722986227,0.17512952863342257,0.036025435465021065,0.18562991123645708,0.10823561041802426,0.2416521884227962,0.46256736321642217,0.09364712741600688,59301.73428076778,0.17843926615090674,0.3284892661466603,0.05906562401761568,0.41350408817142054,0.2028531477150415,-0.3927991717727257,19,15,State 15
cube100_cluster0,53,COVID,0.49056603773584906,0.9370724130877448,2021.0754716981132,2018,2023,73,0.09433962264150944,28,THEFT,0.4528301886792453,0.21230362602016686,0.10714104504378763,0.23378645382482788,316.6105045455048,0.09192396853051679,0.1798872678375604,0.042327956152693844,0.13247649902714423,0.013512179337713403,0.07896870208513376,0.0642700654554636,0.012686472915436123,0.019634832810766296,0.07544472379629615,0.005584266164355771,0.03903826325460831,0.014441937886386093,0.1886985193478522,0.041104345398073026,0.18293292421897245,0.10941917943595254,0.2680522346490403,0.45818933518386845,0.08867592773547667,60889.00416083349,0.1698445708403756,0.38161491507245804,0.0567732754947705,0.3712937099778361,0.2749476771044118,-0.5358077910767588,73,0,Unstable
cube101_cluster0,65,COVID,0.5076923076923077,0.9063944318543874,2021.1076923076923,2018,2023,36,0.09230769230769231,29,BATTERY,0.5076923076923077,0.21767768831596357,0.10487089291136316,0.23932210138795268,375.44436803024684,0.0955354065211785,0.19088941484661875,0.034393168332844413,0.13010180181052042,0.01524698918658058,0.08365250957588546,0.06945595303794347,0.007777050144236843,0.019633136500891456,0.07329212603401425,0.007940188592261052,0.04146725070657811,0.011390632300021939,0.17909598778470381,0.04012838462572094,0.19594198768790747,0.10911926867152763,0.2789223732842888,0.48905787118210275,0.09851334903866167,59165.14369681452,0.16354278450098883,0.41495108683747545,0.07533351030470319,0.32610746723841216,0.33070654846409814,-0.6779451699146205,36,0,Unstable
cube102_cluster0,58,Post-COVID,0.6724137931034483,0.7426874000441472,2021.8275862068965,2018,2023,63,0.1206896551724138,29,THEFT,0.4482758620689655,0.2044030026774451,0.0917230894114199,0.22060101450156977,367.5890677532396,0.10159012039987447,0.17552436655386258,0.034557749199383946,0.12663201077187597,0.01736034875729507,0.07716322772051963,0.08815711982113744,0.0073176110870498195,0.016281401316660137,0.07175106634143168,0.006572352617399633,0.0388348277694306,0.013097161760893088,0.18641127394966628,0.03874936193351965,0.19099043434520155,0.10704877230909297,0.24498427348075918,0.4735523861671407,0.08862051876078839,59711.446422611894,0.14107443273998008,0.3247974167863403,0.06378178700449821,0.45234586172608615,0.3175524747949383,-0.7966912694918632,63,0,Unstable
cube103_cluster0,65,Post-COVID,0.8153846153846154,0.5312746634487981,2022.3076923076924,2018,2023,39,0.07692307692307693,28,THEFT,0.6153846153846154,0.1986555912452542,0.09073234722953304,0.195211636648998,382.6835691024992,0.09317789957135511,0.16154174591582027,0.02847219368278586,0.12320451289785948,0.014662861612044742,0.07124466187420282,0.11953506992085002,0.006632339555555972,0.015713915342927706,0.07011294900526441,0.010406646196567166,0.049377588555368154,0.009922735563359703,0.18837708136263479,0.037617798943403745,0.19857677774833946,0.10557022185894316,0.2964033621805667,0.5034744957606299,0.08806945821030758,61174.44668180321,0.15680050235771337,0.40676484917610783,0.07978683538500203,0.32982972779076014,0.14884225481528107,-0.815543561807945,39,0,Unstable
cube104_cluster0,65,Post-COVID,0.9538461538461539,0.18703082776025234,2022.5846153846153,2021,2023,35,0.12307692307692308,24,THEFT,0.49230769230769234,0.2105089016142255,0.08102394293842806,0.18424959346704553,357.9094368056122,0.08970392213060696,0.14831431477514348,0.02613032902493476,0.133019362565437,0.011051715170209418,0.06247020143581431,0.1749602596109262,0.00610358581322435,0.011950911398577846,0.062280970697722184,0.007612459534872075,0.041847147393989446,0.00674662377045284,0.18344586200512203,0.03436233467296705,0.22015193486146095,0.11568117181994272,0.29649810398175885,0.5157591949955612,0.09299345518424727,58421.651059176314,0.11733109852270333,0.52822794670543,0.07228005299470039,0.2507819134644957,0.17919445911574605,-0.959500458775838,35,13,State 13
cube105_cluster0,27,Pre-COVID,0.5555555555555556,0.6869615765973234,2019.4074074074074,2018,2021,18,0.14814814814814814,17,THEFT,0.6296296296296297,0.23309406123570686,0.21812908907841297,0.22258308758059986,128.63337235125306,0.0746202520260253,0.18459390289815267,0.0296531844954678,0.10417978761018114,0.034556602783930974,0.09349131805617092,0.017224349313253222,0.06285187362573835,0.019690568717782055,0.09509361380189178,0.014836044221890275,0.02164841666211493,0.013919168632027345,0.21079340490958565,0.02284751224578762,0.16911307170709425,0.10197484133817178,0.28779341705462325,0.4436155729493514,0.09382045747569277,58852.44540951949,0.317389419590323,0.3512748426003344,0.05690494314611912,0.2540072996758901,0.4772279655109481,0.6598135485049169,18,6,State 06
cube106_cluster0,38,Pre-COVID,0.631578947368421,0.8092054732283178,2019.2894736842106,2018,2022,37,0.07894736842105263,25,THEFT,0.6842105263157895,0.23374221450274088,0.20343845929156243,0.2133005126247029,211.2019152510627,0.08568747900599757,0.1966810823324302,0.038955456222995365,0.10882455534107366,0.029700438040210136,0.08347985466930133,0.025979577023882334,0.0413778008111311,0.01720418367509625,0.08325253497543532,0.015832275034101756,0.026185105423149044,0.012585727244562637,0.21284834157842356,0.021405588622209714,0.19057432934310978,0.11091697958610665,0.2585484961215796,0.47639860457502137,0.10647762418705475,56057.0013559221,0.23349683947836244,0.36730167380044326,0.07235162947621204,0.3100125380744753,0.3968676324569396,0.7035409456197401,37,16,State 16
cube107_cluster0,42,Pre-COVID,0.7380952380952381,0.6992191683741922,2019.095238095238,2018,2022,44,0.09523809523809523,28,THEFT,0.6428571428571429,0.23878675472476898,0.18202669526296275,0.20945631794115951,261.80627886564685,0.08360374510765686,0.19023975084861539,0.04094959888831295,0.12080987078721916,0.02515108359092476,0.07985356358235436,0.03232736053025569,0.0384186262442065,0.013889518973342738,0.08561346730261077,0.011844286117377907,0.022546837642800226,0.01407222878878001,0.2179398699354125,0.022740191660130166,0.18106237066443362,0.100749694783783,0.2694494981130625,0.47699968315121893,0.09893717492434344,55924.29581465124,0.23626073944776405,0.3454588736562482,0.06985669753958068,0.33050111836087426,0.3042043936904324,0.6825644437796087,44,16,State 16
cube108_cluster0,44,Pre-COVID,0.7272727272727273,0.739316748654135,2019.1818181818182,2018,2023,73,0.09090909090909091,25,THEFT,0.5909090909090909,0.23094928483900767,0.17612181400807014,0.1981058548532499,268.43230524548903,0.07375227257567545,0.17925708583547706,0.041935120232888354,0.12358739467173926,0.024330708989682412,0.07894255465333057,0.04020684602832108,0.03787024723482473,0.01645048471895237,0.09139175797661964,0.01452371297568929,0.0266054587092861,0.01596461791815519,0.21419430042559204,0.02098743705376652,0.17171498750286818,0.09460683115414059,0.2922522956570398,0.449664535974117,0.09343231261386128,59297.848003941304,0.25633951359600354,0.29434776739911545,0.07421709915679929,0.3574877555450263,0.238028657460978,0.5747722612353787,73,16,State 16
cube109_cluster0,44,Pre-COVID,0.6590909090909091,0.8771786692265877,2019.5,2018,2023,51,0.11363636363636363,28,THEFT,0.6136363636363636,0.23609753660869776,0.16171516204632744,0.21456602599458002,266.91154375529504,0.08423616594010103,0.1952104941530429,0.043115651413376484,0.12137515159294346,0.02404141172516319,0.07631912755129362,0.03881960403815335,0.025062504684741135,0.01712127333472877,0.07950381160600752,0.011864021395113793,0.02804422390777357,0.01635227795875555,0.21680518931825069,0.02212909138055499,0.1716993199360664,0.09405159836122583,0.28617026680795754,0.4568105329124062,0.0909157566342539,59702.29628181844,0.2620013243934545,0.277034108443969,0.07232647638520819,0.36974875028577897,0.1962931646587647,0.4433422903583362,51,16,State 16
cube110_cluster0,51,Pre-COVID,0.5294117647058824,0.9909521568146773,2019.6666666666667,2018,2022,51,0.11764705882352941,26,THEFT,0.7254901960784313,0.23416368423175543,0.15035197477106652,0.21120247674822806,334.88574731476257,0.09072848385751595,0.18995058609990215,0.03610563256598687,0.1253228507970749,0.02023726970838319,0.08281078655716292,0.040840540874343405,0.022023005008597718,0.017780559787834948,0.071981151307592,0.011045228150867017,0.029080274419123163,0.01367527889927186,0.22091222918070705,0.02750612278563688,0.17774734617618893,0.10013822836265376,0.284587471699621,0.46312439680627937,0.09917576697710419,59066.93423113249,0.23366410268433788,0.3353927289505274,0.07612091492302327,0.334710027679165,0.17280759970154147,0.2979178159221791,51,0,Unstable
cube111_cluster0,66,COVID,0.4090909090909091,1.0622866568986145,2020.2272727272727,2018,2023,14,0.12121212121212122,32,THEFT,0.5303030303030303,0.22312228981046925,0.13402013738599658,0.22144047598719094,418.98681092749877,0.0898438172885123,0.18902091619286443,0.0414639704262413,0.12088805364481045,0.01880051132899917,0.09001498833926204,0.04708435575823389,0.020076809269348586,0.018596732439983797,0.07967480544398635,0.009918299401106837,0.027694863983821167,0.014088043747521824,0.2053209414517408,0.02751289128356702,0.15307646810913975,0.085393667813674,0.2936803260812761,0.44314276466291774,0.09028343004219463,64961.61866493839,0.27902148924227443,0.2253643862851277,0.0817405155659026,0.3920003988099905,0.16980677759315793,0.1469339820593896,14,7,State 07
cube112_cluster0,45,COVID,0.4888888888888889,1.006979721479061,2020.0666666666666,2018,2023,15,0.1111111111111111,29,THEFT,0.4444444444444444,0.2195818257084056,0.12519452583884735,0.21163418106393383,285.8850666106844,0.08810905800334379,0.18656241180420596,0.042239620337530974,0.1334907425463574,0.018956679531614052,0.09016553253852937,0.05034816526210006,0.016499971396620117,0.016798697021704927,0.08123213789707145,0.008633586750893697,0.029881588996275386,0.014962717331219923,0.19668172371600884,0.025437366866524064,0.16902083744941912,0.09154560473362804,0.3230037187594495,0.47940702620457526,0.0891289215339302,62822.567861245094,0.2691348730338109,0.2784587442229723,0.08650910361510561,0.34251111869987744,0.19433832941837856,-0.00872427737532774,15,7,State 07
cube113_cluster0,35,COVID,0.4,1.0827565298295394,2020.1714285714286,2018,2023,60,0.08571428571428572,23,THEFT,0.5714285714285714,0.21667980238873702,0.11329999453294166,0.18887894961172114,211.54042382776575,0.09298896196539644,0.1686512453886772,0.05146250961118174,0.13428707521019365,0.016589624671054824,0.09128180197626967,0.0524975096912009,0.014835062826223374,0.013464454410538708,0.07777568895291366,0.008731292899715042,0.03127044758992061,0.01419374622654959,0.19867751457937896,0.033293064000785653,0.1657024958087458,0.08603415142797187,0.3042050905650949,0.4728106374545013,0.08388154168008626,62895.18645124086,0.2673992126704464,0.21038945211574278,0.11924306438561474,0.38130654128807234,0.23331209244097584,-0.17211025756085643,60,0,Unstable
cube114_cluster0,40,COVID,0.575,0.9393185459640125,2020.8,2018,2023,70,0.1,23,THEFT,0.625,0.21773602269602949,0.11481948344359458,0.2091643656930529,234.7003136626106,0.09104473773220426,0.17365272439549995,0.03583376596448619,0.1349977963216813,0.018196818216878297,0.09903259000274199,0.060879896889326005,0.012380642167985753,0.015558116734226263,0.07298168284369817,0.007361700053024464,0.032889559077793375,0.014703710351658805,0.19834988111166546,0.0321363781371297,0.16396590602483813,0.0963507110188995,0.28087243471489076,0.43192530347791414,0.08657536821353395,64470.402905409224,0.20918810959035464,0.3350981122453923,0.07575165273111568,0.35955985633041615,0.2853227347909486,-0.3283386761550364,70,0,Unstable
cube115_cluster0,53,Post-COVID,0.4339622641509434,1.0126535498975544,2021.0943396226414,2018,2023,31,0.09433962264150944,24,THEFT,0.7169811320754716,0.22060848683390946,0.10990538903361391,0.19739260560953859,316.78200641615354,0.09388373890975393,0.16840131222040386,0.037104594511585993,0.12795784505149888,0.01566257841246121,0.08508848137551005,0.06783320004428989,0.012933549004710745,0.017662000410089695,0.07346543254755346,0.006005017054567888,0.04063747322091934,0.01352598192535453,0.20775620461305372,0.03208259069824689,0.1625537465020907,0.09186166830657248,0.3055252078692713,0.4486076837880657,0.08117851727135215,66636.15900241767,0.23709220408248083,0.29155219412107614,0.08224840954945847,0.3662271491057535,0.3368192226559105,-0.4820405470879718,31,0,Unstable
cube116_cluster0,54,Post-COVID,0.48148148148148145,0.9051140583904078,2021.388888888889,2018,2023,34,0.07407407407407407,30,THEFT,0.5925925925925926,0.21749671935024603,0.10065901583590756,0.224668984814416,308.554426549363,0.0930664823404758,0.16893747529409373,0.03462042616304436,0.11822994420733933,0.017101996464963944,0.08587370686740428,0.08146043565040875,0.011396241754832682,0.018828570154602892,0.07705040603970177,0.0074337354171365565,0.04535359955685033,0.011405876474622803,0.19874262481122754,0.030498478803295124,0.17342422541835809,0.09723729699506263,0.2880597367566109,0.440805550880868,0.08366894175182236,64724.96942190578,0.22167299312338115,0.31040693114043544,0.07999419942702482,0.3658851663454812,0.36845123461891544,-0.6144487035114066,34,5,State 05
cube117_cluster0,69,Post-COVID,0.6811594202898551,0.7529888995169775,2021.8695652173913,2018,2023,70,0.10144927536231885,29,THEFT,0.5652173913043478,0.2124546165439874,0.08853923059420389,0.20991564966106094,411.0396473197608,0.09315369530971293,0.16768475577265946,0.03508965764927436,0.12128400965677731,0.018732484375013472,0.08448587718142155,0.09383526275324076,0.007434850638306336,0.018145048078787453,0.07554441420406106,0.007171335594621247,0.03870989301789306,0.010977570796444581,0.19778254072491688,0.029968604246869486,0.18248776101452435,0.09801824965534371,0.29906423872552784,0.4670957155286832,0.07865455165695,65095.35437323617,0.1930501291684939,0.3256594859951253,0.0816204552617307,0.3746747484220651,0.2863156353812479,-0.678369219864489,70,5,State 05
cube118_cluster0,65,Post-COVID,0.7230769230769231,0.6494401294444305,2022.123076923077,2019,2023,39,0.09230769230769231,27,THEFT,0.7076923076923077,0.211241653886165,0.08530227868020426,0.19264784614411987,373.0793981226111,0.09087519746222887,0.1552341556941102,0.029491939992718277,0.11960123304936113,0.014376297482365855,0.078509264587989,0.11908634415180587,0.006545145661070322,0.016437094393157204,0.07446097524727324,0.009075107641039613,0.04309597558427991,0.010412984420713154,0.20009149836201107,0.032706786269876297,0.1847027900645411,0.0977165449070927,0.3331430798019487,0.48690920815407757,0.07961309782096544,65663.06701940848,0.19344855330633365,0.3557499323909951,0.10070654436160124,0.32316862734985774,0.2941117220834942,-0.7894880761206502,39,5,State 05
cube119_cluster0,55,Post-COVID,0.9454545454545454,0.21168754464631545,2022.5636363636363,2020,2023,39,0.10909090909090909,27,THEFT,0.5454545454545454,0.20448095877439854,0.0850949138237762,0.17275152907335514,299.76202260290023,0.09005327448208565,0.1322823464382488,0.033186552050241555,0.1337031355922242,0.014178205180163758,0.0736101429316145,0.16536319416853257,0.004763770116259301,0.01112127635051515,0.06038432904010877,0.004733157338589713,0.04719637960883876,0.00888373290619088,0.18922883332023877,0.03131167047614773,0.202538505084007,0.10424892440614615,0.3258711341631166,0.5017061463630486,0.08788461385976892,63211.253906955215,0.15322581763835483,0.45009183977398265,0.09230834869843085,0.27353003432726564,0.25578975242983626,-0.8393560152589208,39,0,Unstable
cube120_cluster0,31,Pre-COVID,0.5806451612903226,0.8601215914518259,2019.4193548387098,2018,2023,76,0.1935483870967742,17,THEFT,0.7419354838709677,0.2419393909548005,0.22446454877982452,0.18474231209680952,157.8702166762377,0.07297821972134241,0.1774223516510425,0.03925904334358259,0.10177746226792937,0.04484385875154187,0.08561005160493149,0.019917335760574632,0.0681414903597207,0.017280498929172272,0.07382476891413584,0.013031485642272468,0.02207870174085005,0.01406784611128442,0.23027234943147648,0.01949453577014292,0.14824750524868696,0.08521832903211445,0.28080607626134074,0.41213314732642325,0.08714202270337693,63222.84834460921,0.3668119248651709,0.2145478597300378,0.08301580753079717,0.3164777296240445,0.44697280830138797,0.8466789443254712,76,6,State 06
cube121_cluster0,22,Pre-COVID,0.7272727272727273,0.5859526183035508,2019.090909090909,2018,2021,14,0.13636363636363635,13,THEFT,0.8181818181818182,0.2422986890469309,0.17622951410817775,0.20128994395212504,130.62130284365907,0.08211877433016612,0.1776630647393302,0.05283767162543993,0.11390107251471883,0.02885115289209572,0.07870103565060955,0.021024937850806717,0.03696819943777671,0.016544257638371026,0.07157641762618301,0.013423356255194722,0.02611286350194751,0.023036001467574993,0.23791969030433305,0.019321504165451944,0.1806145808355535,0.09515527797048268,0.285611164028126,0.464897661960986,0.09370181212992974,57304.39969455211,0.255110311799756,0.28689815652246425,0.12795649859011887,0.3115491368841336,0.4045705913164833,0.8126987766877246,14,6,State 06
cube122_cluster0,38,Pre-COVID,0.6578947368421053,0.8535836791418974,2019.3684210526317,2018,2022,75,0.18421052631578946,22,THEFT,0.8157894736842105,0.23759597221425377,0.1709370838239855,0.20234570539218907,245.61290262510926,0.07793583610912522,0.1839275112225093,0.0436677426766434,0.12617558562606335,0.024944121319153512,0.09132772920601086,0.029756600029029478,0.03183674567113883,0.016550078885341556,0.08154474529159181,0.010991530814165307,0.020272399652845545,0.017497892860057637,0.22646746254647784,0.017104018089846417,0.15982295283133963,0.09293185836957249,0.29475093689715703,0.4434635781791913,0.09025846500328012,60864.955642522335,0.27291405525371565,0.3052252413511279,0.084996082395919,0.3161557642423116,0.30583386343405766,0.7319601641621427,75,16,State 16
cube123_cluster0,51,Pre-COVID,0.5490196078431373,0.9244607799947734,2019.5098039215686,2018,2022,1,0.0784313725490196,29,THEFT,0.7450980392156863,0.23463680466530093,0.15573429682031642,0.1986732826810628,312.9599245688962,0.07670197710587062,0.18485984222013965,0.049154877597864945,0.11944858425046359,0.02401921741923623,0.09427168036282495,0.034482174933895306,0.026484771454067326,0.018820927960214423,0.08020625958047153,0.012769175796687604,0.02130866246388496,0.017397721876786836,0.22097632450631835,0.019097802471273677,0.15249578090840155,0.07982403569637726,0.32666799143135866,0.45525952688825555,0.08505567351319569,65174.89594808519,0.33554383549730815,0.17932717812809557,0.10379182154804754,0.3587096751439785,0.23931663359500183,0.6247465797558025,1,16,State 16
cube124_cluster0,57,Pre-COVID,0.5087719298245614,1.0131543969278982,2019.7543859649122,2018,2023,15,0.15789473684210525,25,THEFT,0.7017543859649122,0.23336496784599114,0.14551981494497288,0.20938236949951924,366.74963808596294,0.08627754347276725,0.19108364441798217,0.04384613736542303,0.12008687983622933,0.024269671971590207,0.09071487213505125,0.037100073168989514,0.02099637604888916,0.017690091811993526,0.08042846634219077,0.00905603620183957,0.02337349344884857,0.012256684014495593,0.2232417308890769,0.019578298874633193,0.15669377467151988,0.07882958248484112,0.3366906769070963,0.45471188618138425,0.08619867619506671,64739.09588688362,0.3296799957132382,0.23223643932110408,0.0960170655329997,0.31751990360788285,0.20248701542831998,0.4821011656794473,15,16,State 16
cube125_cluster0,50,Pre-COVID,0.44,1.0008374812389056,2019.88,2018,2023,15,0.18,27,THEFT,0.78,0.24204048533770603,0.13634939176080127,0.19798569887820894,333.4619019294029,0.088116210894104,0.19091338797552396,0.03882730062112458,0.11684279697926846,0.023606195069823692,0.08896108674294563,0.04008826977495923,0.01829240715709063,0.01704728231728059,0.07510092745063371,0.008610353274165383,0.02796406070854091,0.013978318447807862,0.2302623113060953,0.021389091280636072,0.1618881154598527,0.0798002221103533,0.3777684913785106,0.4925086418347465,0.09022301261535379,66129.18328326334,0.3513607463534207,0.24593542649046565,0.09601085792718082,0.2777115184004863,0.17486583645445428,0.33616999710151174,15,0,Unstable
cube126_cluster0,57,Pre-COVID,0.47368421052631576,0.9969800101251025,2019.842105263158,2018,2023,15,0.12280701754385964,29,THEFT,0.6666666666666666,0.22619135884174618,0.1279752912302138,0.21098953972268264,368.5145702546839,0.08962218423213968,0.1826634251725274,0.04477412790495693,0.11752747721504037,0.023441239843658347,0.09350147038499004,0.04610481434849585,0.01639604707377658,0.02021261656710815,0.07794611334394692,0.008529937681759175,0.027390399742946492,0.015848140769042583,0.21563372038758827,0.020408285332023164,0.159413483977454,0.08245391791719409,0.35082217035863905,0.47900218559506064,0.08783083326148487,65172.37038635564,0.31884170258342887,0.243822838966523,0.09400409310281575,0.31789033197027466,0.1711380143125525,0.18711370945470854,15,7,State 07
cube127_cluster0,64,COVID,0.4375,1.0612039759627614,2020.1875,2018,2023,15,0.09375,31,THEFT,0.671875,0.22779080293508364,0.1242770860380248,0.20198276746565075,388.96472164997687,0.08639596716076917,0.17654299924008665,0.04679268008862248,0.12261917391201496,0.0224789974023352,0.09318609142339918,0.049948999710427544,0.015095384363244053,0.01742383441950293,0.07589856122010623,0.008442331949283703,0.02883943768528483,0.015302708919228039,0.21742407837539018,0.02360875413030484,0.1531569719917999,0.08298913700279548,0.3378255400410681,0.44965297217176997,0.08662949780365549,67169.80341179951,0.3092925100860663,0.2457411226134496,0.08480959463180573,0.335268413277947,0.19125536925311254,0.03556301915251936,15,0,Unstable
cube128_cluster0,61,COVID,0.45901639344262296,1.058531741162136,2020.311475409836,2018,2023,14,0.09836065573770492,30,THEFT,0.6557377049180327,0.22898997730234155,0.10458798618544289,0.2023604575332421,377.06728694116816,0.08624259777987632,0.17857983441568234,0.04568682477757253,0.12567170657754073,0.01778084513509468,0.09835095524462907,0.054751502502961,0.013342376339479139,0.01731413105938788,0.07159380921554476,0.007290733727495503,0.027714144259661563,0.015793304068210282,0.21453042684222035,0.02535680805464384,0.145764134610795,0.07723954697944091,0.3227831971348689,0.4409489017863283,0.08056866176558358,68224.6020034442,0.3169666253275679,0.1747209485952162,0.09848812299589751,0.38431769702162316,0.23801023341841923,-0.12102468593774128,14,18,State 18
cube129_cluster0,57,COVID,0.543859649122807,1.000047682635344,2020.6842105263158,2018,2023,31,0.08771929824561403,30,THEFT,0.631578947368421,0.23011848991771047,0.10329939705549682,0.2075252180294059,340.51132257909643,0.08524587089174226,0.1757433693580559,0.037820247184799136,0.1390187289455068,0.01951008373658867,0.09471382924848991,0.05887005672020571,0.010836854631027957,0.01714418993334098,0.07568319975516516,0.005723999650255736,0.031282801502342396,0.010810747458024619,0.21339795565979866,0.02419806532465608,0.1588558288230751,0.08228389531276278,0.3328738831970044,0.47185091443197397,0.08240971192257163,67523.38324685757,0.28168943639694377,0.22572670649143933,0.10539327120525038,0.36398853685028554,0.29540181197411025,-0.27066713439315665,31,18,State 18
cube130_cluster0,52,COVID,0.4807692307692308,0.9412048886245337,2021.3076923076924,2018,2023,16,0.09615384615384616,28,THEFT,0.6346153846153846,0.23291469488418082,0.09948211225703402,0.2026447065370484,304.66561588832263,0.08793852769914298,0.17798514549558156,0.03945874761813569,0.129040307846919,0.018576765781168878,0.08914150671484421,0.06675174837387655,0.008825991851150275,0.02146807464246821,0.07565717333929853,0.005636353756930963,0.03199888382896487,0.008762688153146701,0.21620118644430525,0.02255689845406628,0.14837640275762404,0.08335864330468382,0.3361811077291513,0.4350149967361777,0.08352138832160637,71824.73386334137,0.3099082235373377,0.24255991459752485,0.0710724444014562,0.3515591818851753,0.345349599963312,-0.42028299260695257,16,0,Unstable
cube131_cluster0,46,COVID,0.5217391304347826,0.9485303456309022,2021.2608695652175,2018,2023,39,0.08695652173913043,28,THEFT,0.6086956521739131,0.22187554214704963,0.08821346710641363,0.219483125145425,261.72416237679244,0.08962199308752354,0.17163176244149767,0.0350694040905432,0.12021285907205398,0.01617729282196104,0.1003356438413956,0.08067541618409976,0.00834893869652895,0.016629283138627472,0.08237629291988528,0.006007192648390774,0.03511199432489508,0.010128491119255649,0.20480504196910534,0.02286839364423666,0.16908434744705403,0.09731770582692074,0.3225842699919745,0.44565267049925494,0.07941765960854362,66022.1736178954,0.24095681743905603,0.32064155303216774,0.06257537640171523,0.3525972429512059,0.4085384631094222,-0.5485874817802308,39,5,State 05
cube132_cluster0,66,Post-COVID,0.5303030303030303,0.8988232010740238,2021.5151515151515,2018,2023,33,0.09090909090909091,32,THEFT,0.6818181818181818,0.226782036033469,0.09380335603753305,0.19566467871213405,377.04625087975535,0.09176423020222187,0.1800432690043342,0.0330549121445639,0.1102968689264437,0.014066916089742138,0.0963794739041324,0.09393224292128774,0.006444496306262548,0.014862420215831363,0.06466684580015336,0.0060756920872707095,0.04145919811346166,0.01230098948785487,0.21048903511186168,0.02416340968457785,0.18257971259035635,0.09369712414915186,0.35831730619573426,0.5004506772868187,0.07987383877899078,67763.27552649198,0.24355216146465414,0.2951332744995677,0.12047311651718075,0.3132042290597276,0.4209315476267135,-0.6182021673656067,33,5,State 05
cube133_cluster0,56,Post-COVID,0.8392857142857143,0.44085243222802906,2022.4464285714287,2020,2023,33,0.125,25,THEFT,0.875,0.22989735152101984,0.08928391354090384,0.16379934176191804,325.20086083866283,0.08087578942072841,0.15627771402962656,0.03429026122911385,0.11749765326248238,0.01621495537249188,0.08175582372505806,0.12176758378196983,0.006971976625145087,0.012050953220762188,0.05869656954101245,0.0058977710046862,0.04651665959068507,0.012248953094452298,0.22342445002810285,0.025512886073682906,0.17833506439849836,0.0865340150195492,0.39115282162247084,0.5057717199174852,0.07401287571457973,73502.18887288956,0.2518896844944744,0.25233278211571075,0.16914844783800614,0.2943582798736207,0.4108318830138383,-0.67556515054823,33,5,State 05
cube134_cluster0,47,Post-COVID,0.8936170212765957,0.3388856117085273,2022.404255319149,2020,2023,39,0.1276595744680851,20,THEFT,0.723404255319149,0.23465584046997512,0.07666531321447369,0.17045161906087192,248.31889502666453,0.07939802275113803,0.14432522789832058,0.031763112132793,0.12087988016436589,0.013830552048406554,0.0718777107301055,0.16560620501358778,0.0037444472526877784,0.010066431697555016,0.05380816816224172,0.0038943403626434422,0.04223847366141762,0.008733601140855154,0.22343191696569512,0.026401910018186817,0.18454722327973233,0.09468074211158553,0.3498661890240163,0.4753290568881388,0.08202535090304285,69328.20667871484,0.2040392325520261,0.3617325990927032,0.10829855749230972,0.2962248216185037,0.45095347697124455,-0.7387686668362677,39,5,State 05
cube135_cluster0,24,Pre-COVID,0.4583333333333333,1.0635215028672123,2019.875,2018,2023,76,0.2916666666666667,14,THEFT,0.7083333333333334,0.2660100588970471,0.21764395201460837,0.17336307264036743,116.59759357151543,0.06513750153756656,0.18044444011438987,0.030605013574772383,0.07736905350788867,0.04972196181440955,0.0949039360733523,0.024394596813560043,0.07018891434816603,0.014985828332056986,0.07798946434086083,0.01003273496716438,0.01790863144648535,0.012401094114972542,0.256247312613268,0.017669516401086553,0.13239856510470654,0.07592870105621147,0.31912161081420426,0.3918779355476915,0.0741797216112056,69463.84270197051,0.44863907337364006,0.19841200354856467,0.059203407182658756,0.2709884780142009,0.3224181014001565,0.9221285445659384,76,6,State 06
cube136_cluster0,28,Pre-COVID,0.7142857142857143,0.7059182060870963,2019.107142857143,2018,2023,35,0.10714285714285714,21,THEFT,0.7857142857142857,0.25689499431805846,0.18381602649165307,0.1870083328902992,158.27050113473356,0.073306912722259,0.16530689122890774,0.05155281457479592,0.09999332433104995,0.0265756461999365,0.09327758547398857,0.02573481051478616,0.042316335553180144,0.0107129596727521,0.07806795492207631,0.01371069726058116,0.02367366683873077,0.022414695774312154,0.2514136529986014,0.021942051934042136,0.17935630585268145,0.09640519930872478,0.29542788723107555,0.47021330545669426,0.09225356467592906,57389.61357335171,0.2865813812098811,0.3021933824404083,0.08352653020931887,0.308091736005817,0.2714138141327586,0.8650123350075628,35,6,State 06
cube137_cluster0,41,Pre-COVID,0.8292682926829268,0.5270643922575318,2018.8536585365853,2018,2023,1,0.07317073170731707,27,THEFT,0.6829268292682927,0.24564385032902164,0.16785162864560982,0.18712216627235573,242.26981671664385,0.07478038063102015,0.18505570097200008,0.04552806989985626,0.12022915235687909,0.031615106439934114,0.09211311990141223,0.031222081285874403,0.0295952020039713,0.014317954110470998,0.08035527368870958,0.010388220284122887,0.018474828322822018,0.01904582942562233,0.23490256450347163,0.01237651617383289,0.15672090816317702,0.07903154441845675,0.34202666456903974,0.45986323807879165,0.08384741702654852,62142.30720064749,0.37053330664359,0.22281011906509843,0.09840737652933562,0.28618843391059257,0.18391666229383835,0.7605189441309138,1,6,State 06
cube138_cluster0,48,Pre-COVID,0.6458333333333334,0.8150292854983601,2019.3541666666667,2018,2022,56,0.08333333333333333,28,THEFT,0.7083333333333334,0.25054814131023034,0.1457443044993585,0.19276893053336316,297.75946923065567,0.07026942064735926,0.18699382270148743,0.046959233810921854,0.11577283406461264,0.02741554874423824,0.09866530392323536,0.03311340552807147,0.022671152972608213,0.0192477873854754,0.07811570920983792,0.011580478610201431,0.022401667894436067,0.013803407359907436,0.23677731796932297,0.016212909178284347,0.15282307965318445,0.08157717816928592,0.32414933811704943,0.4518319808945643,0.08481760145894679,63945.393145410526,0.3491264335981727,0.18545177577440075,0.09308670962014942,0.3502033999771208,0.14207172669885054,0.6363079194077678,56,16,State 16
cube139_cluster0,48,Pre-COVID,0.4583333333333333,1.0051875604613802,2019.8125,2018,2023,15,0.1875,21,THEFT,0.8125,0.2502503690985039,0.13604932206883488,0.19698626777156947,317.7478582526739,0.07904077248039094,0.1816935710385763,0.046295937230150686,0.11957556474573516,0.022714624943827737,0.0930121689044751,0.03547226795364998,0.018790906098191274,0.017240964447454238,0.08153858484600386,0.008429975766769458,0.024156523631404896,0.014499106279825017,0.24291371055727828,0.014625321076267064,0.1367569200137185,0.0680187821008054,0.36148765976549013,0.4423320691840815,0.08541203959957909,69935.11537019751,0.3982376704273709,0.1615722948540591,0.07953217714400423,0.3335920038111795,0.09810119025755065,0.4866688129851607,15,0,Unstable
cube140_cluster0,52,Pre-COVID,0.5961538461538461,0.8962011713305325,2019.4615384615386,2018,2022,1,0.11538461538461539,26,THEFT,0.9230769230769231,0.25825703128360666,0.12895591657268063,0.1783825739110248,350.72177719201835,0.08263863347261727,0.17299358844312557,0.05124355677987121,0.12383792606617337,0.0226611081131219,0.08290680649850413,0.038433170307590594,0.01667601875464301,0.012970573174975372,0.07241635884170372,0.008876199401993324,0.027637554754148586,0.014511254048952689,0.25408825511256805,0.018108996230011096,0.1419188237275411,0.06593928097373213,0.37633737433685155,0.4849017197790521,0.0862863059083067,67668.07845415053,0.38715670741281794,0.13182450009791397,0.09987399288809806,0.35146441071735174,0.07105526348440773,0.3447925126346821,1,0,Unstable
cube141_cluster0,56,Pre-COVID,0.48214285714285715,0.9305646037237549,2019.732142857143,2018,2022,16,0.10714285714285714,30,THEFT,0.8214285714285714,0.24871079135768545,0.1051170264956952,0.18560341804862754,344.5543135448056,0.08906442800274927,0.17467320177533122,0.04895397182417517,0.12098598971566239,0.022487237982015802,0.09699972766971444,0.04156941466068849,0.014275476660228341,0.01540440384517751,0.0721045211402378,0.007225377134090817,0.02492970969433426,0.014614108612239477,0.23796949831367661,0.018742932969678383,0.1445936640808294,0.06713191108103657,0.3716024800825078,0.461509083028202,0.08232744513634535,69194.73687100697,0.3861993008527331,0.14612648169128545,0.10583534098447693,0.3355508200277685,0.0646273789649933,0.1952666427162951,16,2,State 02
cube142_cluster0,57,COVID,0.47368421052631576,0.9969800101251025,2019.9649122807018,2018,2023,1,0.08771929824561403,26,THEFT,0.7719298245614035,0.2492988742573308,0.11027625470522455,0.18925107043233497,350.3683738840795,0.07818416526116476,0.17188036496431866,0.04457132423891372,0.12909975257946346,0.023787199286977555,0.09304650867692833,0.048243272154107786,0.014128404639510029,0.01697818425398644,0.06682152072568133,0.006046335054481289,0.033222579999109866,0.0175974255515379,0.2380079111141986,0.018385051499620206,0.1530917804406079,0.07441216167906434,0.3651207335108185,0.46828092753137485,0.08016068926057954,67671.36738312722,0.3533160998544759,0.1788788958988278,0.09431337688938454,0.34616012596503165,0.08818299830311055,0.04660797153547389,1,18,State 18
cube143_cluster0,65,COVID,0.46153846153846156,1.0363692973773122,2020.0923076923077,2018,2023,28,0.12307692307692308,30,THEFT,0.7384615384615385,0.246750765920596,0.11198567777667189,0.19244176919201197,395.4896308937983,0.07413936519420965,0.1786925362241528,0.04356895973932312,0.12260063092285334,0.023039957466845784,0.10320517052795705,0.05585895792122144,0.011253613597181083,0.01627521935007548,0.07042676103075433,0.006246505628715857,0.031252798425295825,0.015332046256476124,0.22860733396107638,0.019500143753861703,0.15131768682619257,0.07509784263644134,0.4027880814004589,0.47973149573302903,0.08332091919765998,71689.88776188831,0.3715565234738975,0.19066058388485946,0.09731314500799519,0.3115548250023578,0.13645610804700672,-0.1082914420172415,28,18,State 18
cube144_cluster0,67,COVID,0.417910447761194,1.0674423025284354,2020.2238805970148,2018,2023,16,0.08955223880597014,35,THEFT,0.6865671641791045,0.24275594326536643,0.1112859079251414,0.19416381529620336,392.5211330343844,0.07596113478535146,0.17908014421818558,0.04333870224625816,0.13054454847236974,0.018453952464910713,0.10111011213405231,0.05908235380561573,0.009173362459578751,0.014127328724104883,0.07817816592616222,0.005882967761249863,0.03314752132839354,0.013749610628180444,0.2231905772237452,0.014979517821841369,0.14091791795570924,0.06997112990726076,0.3788674827957074,0.4602630454141978,0.0790550284520543,71704.2013319752,0.39264638719864836,0.13457309497309947,0.10326192432662795,0.34271010814852126,0.21107672909506026,-0.24821822150718453,16,18,State 18
cube145_cluster0,49,Post-COVID,0.5306122448979592,0.9606836929497584,2021.3877551020407,2018,2023,21,0.14285714285714285,27,THEFT,0.7959183673469388,0.2518677470507144,0.09833238958571025,0.17246368029252904,290.81440058325205,0.07331101828740565,0.16552762231359602,0.04926732057839619,0.12713273674589598,0.016762531884742252,0.08686434708970257,0.0713271530808778,0.009105471858379757,0.015209443059220265,0.07041668290627916,0.0052165635484688845,0.03185986816828454,0.015715520430536475,0.24215465445985046,0.02012906558836399,0.1358526709239892,0.06681111027029023,0.39550323276648713,0.4546073457867187,0.07417838192065171,78584.50442007199,0.3834372915169762,0.10588096483380244,0.10337384315501084,0.37715657240117917,0.31586592104756983,-0.338727029969881,21,18,State 18
cube146_cluster0,56,Post-COVID,0.7142857142857143,0.787287656630395,2021.892857142857,2018,2023,21,0.07142857142857142,26,THEFT,0.8392857142857143,0.2428575017999272,0.0844071644765485,0.1757377595225698,337.67937558190835,0.08060754299402527,0.15403865019813173,0.041330960015170684,0.12584857108061476,0.0173245278471611,0.09254761117181783,0.0825398978479291,0.008625575437287878,0.010939081571651276,0.07638878673854418,0.006063702256231001,0.03384294821751547,0.013877066804480273,0.2367558577648099,0.01926922005462953,0.14380584445008196,0.0766488593624181,0.37573058284088884,0.4498794015921887,0.06887868463203799,77321.33736348881,0.3190972563915005,0.16956911055336077,0.09200640736190656,0.389490890351937,0.4372090641757667,-0.4359854207728877,21,5,State 05
cube147_cluster0,52,Post-COVID,0.6538461538461539,0.8653649791626999,2021.6153846153845,2018,2023,56,0.09615384615384616,26,THEFT,0.8269230769230769,0.23925151989972135,0.0846113995499757,0.18176797327560348,296.2016349505413,0.07812651469984523,0.1580450029223539,0.03842922610894881,0.12089626042492586,0.01947875348335659,0.0923508687565131,0.0896939150999813,0.004742229310958698,0.015058993194653779,0.0749595706366787,0.005079870622274314,0.0365825761102195,0.01147737391815182,0.23338996767440964,0.02168887703672873,0.15436819083634437,0.08441654131955828,0.3255298898544846,0.43471630041083625,0.07287547797560641,72110.94883633978,0.2637561211103131,0.21193140915369643,0.08626977972157185,0.41335732185057206,0.5192593168749613,-0.5088026679838078,56,5,State 05
cube148_cluster0,58,Post-COVID,0.8103448275862069,0.596851519515113,2022.1724137931035,2018,2023,33,0.1206896551724138,26,THEFT,0.8448275862068966,0.2435488525292383,0.08945331373606784,0.15443196339828044,331.9784310414006,0.07591672648169498,0.1485137396413061,0.03776218692563959,0.1200822461466224,0.015789007991579992,0.08781468236815723,0.12028847547814603,0.005171223690625364,0.012210961537965205,0.05854923498113578,0.0037031061770148965,0.03738886124570996,0.01093033718620612,0.23967445772877263,0.026204752419423688,0.1589828890514305,0.08072877407984319,0.3522288754950264,0.4511589704726908,0.07245721008901036,75671.43656138034,0.2605133497951688,0.20270690106612002,0.13119628628824437,0.37909131278041813,0.565717242036904,-0.5656876693220765,33,5,State 05
cube149_cluster0,48,Post-COVID,0.8958333333333334,0.38626804383908364,2022.3541666666667,2018,2023,34,0.10416666666666667,25,THEFT,0.7916666666666666,0.24598463211453825,0.07592557595583693,0.15558828164112704,254.92832630528798,0.07564296358853455,0.13070761818318757,0.03581573569832302,0.1222808443986984,0.011733676947487092,0.07600602525146517,0.16059845417008145,0.003740153493827054,0.012285065074547583,0.05247418979088192,0.003480358673161361,0.04233590603330789,0.008197588937252323,0.239617379870349,0.025084039888895654,0.17425008697073052,0.08791525623225654,0.37450291434202015,0.4722089061843954,0.07655668065002579,73219.3580383004,0.24315770581892096,0.31092806644480037,0.11619402662793477,0.29862449952552633,0.6209529790097752,-0.6172256171049993,34,5,State 05
cube150_cluster0,31,Pre-COVID,0.5161290322580645,1.0269445292379726,2019.9032258064517,2018,2023,76,0.2903225806451613,16,THEFT,0.7741935483870968,0.2852299589514804,0.20295874708615055,0.15471443888581957,147.00116628196565,0.05828171126572421,0.17129972395148466,0.03226012515244505,0.08506226026755169,0.045126992797280434,0.10573391662431976,0.025311613790080612,0.06316790609441426,0.011390908907638055,0.0799669605528032,0.012300382579587332,0.019254374935930386,0.014362128025173409,0.26250175798034225,0.013979237075224627,0.1363514083910452,0.062358761411860815,0.36068409738151824,0.4243354123534087,0.06967370710205407,70617.468158845,0.4869151035447955,0.12812468664151777,0.10284875744895006,0.2585459986136244,0.18860135764917055,0.8577696545926842,76,6,State 06
cube151_cluster0,30,Pre-COVID,0.6333333333333333,0.8720070548753093,2019.5,2018,2023,3,0.16666666666666666,16,THEFT,0.8333333333333334,0.27167511063090655,0.1660260406108542,0.16396161649683166,165.6864987657409,0.06337829586241546,0.18225163954976437,0.03819449215682829,0.09330091275020196,0.034289012456458386,0.10784822463035819,0.02899080264329896,0.03628720385423627,0.010910971502580474,0.07974601180396039,0.01198688613862019,0.022176907951271616,0.018648725108001935,0.25644238874194974,0.015547524850053843,0.15740458460944956,0.06679255769846046,0.39725074773316915,0.4839533272407443,0.07728076909595498,65907.57604426278,0.4423545949981718,0.1538477048656256,0.1222581887284852,0.25634233804677736,0.1281064048229096,0.8386833080486853,3,6,State 06
cube152_cluster0,51,Pre-COVID,0.7254901960784313,0.766606543978585,2019.313725490196,2018,2023,3,0.19607843137254902,21,THEFT,0.8235294117647058,0.2540194538586499,0.15518251981945583,0.1647972579761078,297.42836607721193,0.07316930151218352,0.18049532281612551,0.045145322440657054,0.11158831586145387,0.030668661267842026,0.10148529058642271,0.03242294018340129,0.027390150565232183,0.015445438444947278,0.07577779135504986,0.010762078574993192,0.01730298530951623,0.01791897265267906,0.2507981574112683,0.009629271018227855,0.14507386453926965,0.06013260835168465,0.4216587027841771,0.4770843654249477,0.07454018709287402,68006.10616782978,0.4928457201508216,0.1310626762275697,0.120646472337533,0.22908596221517727,0.06535030778431664,0.7519071986439492,3,6,State 06
cube153_cluster0,47,Pre-COVID,0.7021276595744681,0.685698853297424,2019.2340425531916,2018,2023,3,0.1276595744680851,27,THEFT,0.7872340425531915,0.2625171846746681,0.14217001029084264,0.17265980422916286,275.4737938235574,0.07333484187878264,0.17793794805633636,0.046050639538735824,0.11414524888055086,0.027025580531512276,0.1057124300335694,0.03050809136021716,0.020252488175641795,0.0173900000021123,0.07730505736834664,0.011807584353749996,0.021915902555817244,0.015580189977348249,0.24942856326132964,0.011605434025949634,0.14714969595618604,0.06302220293436685,0.3987126276634342,0.47218659920375566,0.07908723547817074,67263.81287405871,0.4638226177541854,0.14125851353115162,0.09917642505158812,0.2719575946116806,0.009125545458244528,0.6179927751554409,3,6,State 06
cube154_cluster0,58,Pre-COVID,0.5172413793103449,0.9956967476144709,2019.8103448275863,2018,2023,1,0.10344827586206896,29,THEFT,0.9137931034482759,0.2706326307518052,0.1289379473789163,0.1688663136640639,368.582746993785,0.07672511230684871,0.16959299977069267,0.048379867567068205,0.12013227135523197,0.024837232306838267,0.09653149998652599,0.033948985630069775,0.018490712423649365,0.012801626192558622,0.06901311198112034,0.0074237761258943,0.02658420295481925,0.01521844841092304,0.266084713100487,0.01423543988727251,0.14747069757767334,0.06759077647317811,0.3913148369571808,0.4856245390715571,0.08293680476493312,68817.9941944706,0.3979380980681643,0.15294530927672773,0.08570720330905622,0.3357011191870143,-0.04077640010908458,0.48168254455018833,1,2,State 02
cube155_cluster0,69,Pre-COVID,0.43478260869565216,1.0536047700148927,2019.927536231884,2018,2023,16,0.07246376811594203,28,THEFT,0.927536231884058,0.27845456456632567,0.12373116774344033,0.17390700484860086,437.79966247419435,0.07774181886967702,0.16818560522806697,0.04545991871916878,0.1173031652827515,0.022002971821448267,0.0946040909458234,0.03759564877208712,0.01680243651847377,0.013073083628214697,0.06730029550991894,0.008053480526037927,0.027596804564592334,0.015111651528617752,0.27396622337413185,0.015202804710989733,0.1397129066387693,0.06761871807053914,0.397341042912018,0.4751798033360321,0.08177850794019735,71396.00461478438,0.4018142708116651,0.14407366841074873,0.08663589025230652,0.3388063293401056,-0.07136902910622636,0.3395900186390313,16,2,State 02
cube156_cluster0,54,Pre-COVID,0.46296296296296297,1.054624745302854,2019.962962962963,2018,2023,1,0.07407407407407407,27,THEFT,0.9074074074074074,0.2692883817318157,0.11203413555023758,0.18113688266004854,335.10538177517844,0.07622823900806219,0.16719383750735814,0.04959366532387722,0.12944226792317406,0.023038651591457775,0.0953700413370707,0.04235877925819294,0.013686976641489924,0.014601164874485083,0.07178073479951573,0.007174229002193591,0.027019992568185255,0.013117629095375881,0.2581731592548045,0.011220631814756988,0.13960234009844094,0.06897529774412937,0.37493725217173735,0.4520229628190561,0.07958745336663349,72207.45196242571,0.39338394236942437,0.1462072372845948,0.10345177519212785,0.33033077548003387,-0.07563616190777288,0.1898057896831516,1,2,State 02
cube157_cluster0,53,COVID,0.4716981132075472,1.056386436472157,2020.5471698113208,2018,2023,21,0.11320754716981132,26,THEFT,0.7924528301886793,0.26684271242726687,0.10842423880753523,0.17732317741822806,323.3365382402996,0.07387040965328073,0.1629950697834407,0.041588712332751965,0.11920617570736267,0.021419372807687298,0.10680572871663169,0.04589624081725137,0.010519967056151314,0.013967048317125579,0.07031954477021207,0.008630015871523868,0.03359722375394259,0.014153182535433507,0.2583419813367261,0.018689326540478557,0.13100238483163582,0.06307362545575741,0.4187563438654038,0.46374041461206383,0.08100662229582926,78710.98168299999,0.421401246547554,0.12594962396994394,0.09127079528702152,0.332902894569009,-0.05547252397820286,0.036740310829642936,21,18,State 18
cube158_cluster0,54,COVID,0.5370370370370371,1.0109321851927238,2020.4444444444443,2018,2023,2,0.09259259259259259,29,THEFT,0.7777777777777778,0.26406797565847384,0.10630393541345706,0.16015174071154922,344.77220566180165,0.0746315286397495,0.1667066782770041,0.04387019452519714,0.11571491592381271,0.020346110227971656,0.11415985695668819,0.05133068888231952,0.008472114855041577,0.01178711305168533,0.06390912621493035,0.008109005246467918,0.03682234231536777,0.014128646886206579,0.25167904510911,0.01833263288844756,0.13899608504169905,0.0663630854743588,0.4746596869449292,0.5044480459746531,0.08597829794618729,80173.70801225698,0.4222071788372005,0.15513421017162735,0.11024089532013549,0.27993949285863334,0.013483519780113843,-0.09287522884072096,2,18,State 18
cube159_cluster0,48,COVID,0.5416666666666666,0.9901000747284985,2020.6458333333333,2018,2023,14,0.10416666666666667,27,THEFT,0.7708333333333334,0.25828196171836454,0.09498304755003374,0.1620849649713102,298.4075119280585,0.07653050175330962,0.16244040865419132,0.045209412479268095,0.13048968134564445,0.017202440237514504,0.10898990684905047,0.05731034989884487,0.0090792799517948,0.011406404347839398,0.06652224564013808,0.00614843723100976,0.03373121086790893,0.01154079437089933,0.24779700489258763,0.015601921479998724,0.1390591511695619,0.0701696839955334,0.4373616564063976,0.49063386049814667,0.08292065132798924,77440.52979037222,0.38888363407801235,0.1410210484229871,0.109252205962053,0.32835901736789896,0.11989008703413705,-0.21639947571635493,14,18,State 18
cube160_cluster0,58,Post-COVID,0.4827586206896552,0.9925086555080169,2021.2068965517242,2018,2023,21,0.08620689655172414,26,THEFT,0.8275862068965517,0.2602150518754463,0.09108503347261264,0.16195208433670674,351.3432934803088,0.07625501831193716,0.1515448306805345,0.04260076211435198,0.12315506512906062,0.019027615369375108,0.10575460438267291,0.0688858742866162,0.007779870952887662,0.013909271146384971,0.06845109957503605,0.004595968917131443,0.033360166816273094,0.01652862548979181,0.2492293497479507,0.018921877079995774,0.13970909330517783,0.07071644544427941,0.3953893871266583,0.45960019900701926,0.07683506595591363,77012.99798837754,0.3634993976217117,0.1229115545001773,0.10410880608770041,0.37919963402587065,0.27967612905800304,-0.2892358795300497,21,18,State 18
cube161_cluster0,59,Post-COVID,0.6779661016949152,0.8292310603985033,2021.7457627118645,2018,2023,15,0.1016949152542373,28,THEFT,0.9152542372881356,0.2645014713026442,0.09030062968447006,0.14967641836942236,372.6556429659888,0.07908743958721724,0.14512770466224656,0.037011157767408126,0.1184640470060382,0.016661538253835245,0.10313710597416618,0.07931420255652383,0.008182909790070062,0.012532611990672425,0.06353243555634468,0.004106064825260203,0.03749678016457227,0.015580582286277306,0.2602140318779203,0.019551387701447355,0.1366158393287538,0.06646045968149045,0.4223172876688734,0.4732584959948087,0.07369479722604011,81241.04800410941,0.37173535147279846,0.1219073255809016,0.11327868587022874,0.3608249680929865,0.4431085672736817,-0.33399120511007424,15,0,Unstable
cube162_cluster0,47,Post-COVID,0.7446808510638298,0.7306179861771283,2021.8510638297873,2018,2023,18,0.10638297872340426,23,THEFT,0.8723404255319149,0.2617801880305908,0.09019065754053258,0.1507708506241886,276.79694107677454,0.0774989183522865,0.14207828670666864,0.03957354741540153,0.12047081137339187,0.016524127313975134,0.10095766932755659,0.09645198953045558,0.006852805029351366,0.013534320886859732,0.06427064302307217,0.004376793519645691,0.034902417346190456,0.010452083113651759,0.2541189957036249,0.01793659135786804,0.13328054510317122,0.06828799477187802,0.4154641245492093,0.45739627199572086,0.07332789160677773,83941.10550079394,0.3639983203454998,0.12641554206967234,0.11556328514195842,0.36268149862610155,0.5744223871244283,-0.3816959599189083,18,5,State 05
cube163_cluster0,59,Post-COVID,0.9152542372881356,0.3472447364210578,2022.3050847457628,2018,2023,72,0.1016949152542373,26,THEFT,0.8983050847457628,0.25487532793731427,0.08468575513671545,0.14164679848803233,343.86796731780754,0.07398913809522507,0.13414041892940315,0.03696998325671346,0.11715913469509562,0.018627597542005957,0.10301314171208438,0.12546373138433314,0.004368356445679288,0.010069454211782765,0.06034724175022734,0.00445404072400526,0.02953132519843433,0.009404243115547904,0.24974813003386767,0.02271406290559469,0.12994026794186547,0.07032589808220213,0.41377743721398075,0.4265592936540697,0.0688442797124036,85791.0622191248,0.36122135810103534,0.17663125272420424,0.09544831440420261,0.336410670600644,0.6663984952106922,-0.42488944382057936,72,17,State 17
cube164_cluster0,35,Post-COVID,0.9428571428571428,0.25864093210673234,2022.4857142857143,2019,2023,41,0.14285714285714285,21,THEFT,0.8571428571428571,0.25199879477986015,0.07066280309719347,0.1417053274101567,195.08633603108453,0.0699914480902086,0.12334330775373464,0.03770300916586203,0.11423173467224852,0.01597409537490876,0.10018711040935988,0.1489231978642213,0.002338004606424887,0.008685855131449809,0.05578862272175565,0.0048860290540673895,0.04232721370673057,0.009813290472627615,0.24266439286181735,0.023142688114582942,0.15144293612918625,0.07676597587069102,0.4306274203607956,0.4620940912745629,0.07310717615071258,81901.54661923583,0.3166514505998745,0.25036947237537005,0.08907624575082194,0.3100313319573126,0.7302520477047189,-0.45622316083094155,41,5,State 05
cube165_cluster0,17,Pre-COVID,0.6470588235294118,0.8938885362449964,2019.7058823529412,2018,2023,76,0.29411764705882354,11,THEFT,0.8823529411764706,0.287092830028462,0.22085046647224132,0.1424170997355839,75.13305076358849,0.060792511892444744,0.17026966190567186,0.044831228844514695,0.07058022896233707,0.03407442445402511,0.11751295994407877,0.028110985031572545,0.06410190867417352,0.008817159995608947,0.0756981323763163,0.010018963337091251,0.016881021580651242,0.017794797360751374,0.272452307152645,0.008063708488117579,0.12351173162983234,0.06040850814715487,0.36864807114698867,0.3934566982357432,0.07076763554359741,72294.98583848482,0.5331280328624293,0.14310450986614137,0.08532875723221309,0.2166001259401209,-0.0050982498921382045,0.87346269516962,76,6,State 06
cube166_cluster0,17,Pre-COVID,0.5882352941176471,0.8463658296262874,2019.4705882352941,2018,2022,3,0.29411764705882354,8,THEFT,0.8823529411764706,0.2624354269966745,0.1827372559268448,0.16243321997042393,100.14306887816362,0.07099845698714637,0.17961189730048394,0.037486988409348714,0.10282724052735377,0.03495096050499816,0.13183019286333358,0.025254952788674196,0.029312719791795918,0.011569651277309398,0.0673024556541752,0.012653903853615202,0.014540840887428429,0.015539995944951198,0.25961723380869767,0.006502509400688203,0.1258713903507655,0.04811012433481595,0.46764112514501743,0.4662481980724177,0.07680532242632293,74691.4106895977,0.6088493826735314,0.09053412400111008,0.07260479102799793,0.1997987197901551,-0.04340470599687753,0.7700889448074031,3,6,State 06
cube167_cluster0,46,Pre-COVID,0.6521739130434783,0.777140995932613,2019.2826086956522,2018,2022,3,0.15217391304347827,22,THEFT,0.8913043478260869,0.2785101235138624,0.16314599138660216,0.15942464270045295,285.4163443777838,0.0706387573120325,0.16893214487512287,0.0445937365780622,0.104877657663085,0.03335213593938478,0.11234136030486075,0.02640682120944196,0.02023796305117199,0.012199727142520852,0.07311172954230186,0.012061049647716005,0.018262931733695933,0.016186166305653404,0.2756032555705027,0.011194563124447226,0.14347270452917324,0.05983490918186002,0.45364333344196833,0.4984989888555069,0.0836205470175251,71535.10044721057,0.4946277659081532,0.14036286319415486,0.09242630719439827,0.24283720022595673,-0.07281545498070577,0.6816975101926174,3,6,State 06
cube168_cluster0,51,Pre-COVID,0.6666666666666666,0.7572510206732957,2019.1568627450981,2018,2023,1,0.0784313725490196,27,THEFT,0.8823529411764706,0.27333012880535174,0.14326656799150378,0.17189927403497052,294.4170415725868,0.0763722880450259,0.162583853212603,0.04365804930787192,0.11237987757482891,0.031199044133433922,0.11751143659870236,0.02551504229690059,0.015483180255201203,0.013468744417783235,0.07652190160536967,0.009548591565760165,0.022493734294677107,0.017162537662020833,0.26498672150344627,0.01111499752637489,0.13977597179331694,0.062328613919406216,0.429632135072475,0.45693988483326897,0.08185963559771889,73310.209460387,0.47976528511188443,0.1338414321462112,0.10952862349638766,0.2498709078990589,-0.1434062494314715,0.5927192514050282,1,6,State 06
cube169_cluster0,65,Pre-COVID,0.5230769230769231,0.9919706551405321,2019.7076923076922,2018,2023,22,0.09230769230769231,30,THEFT,0.8923076923076924,0.2898696294113977,0.12818510949867834,0.15805368716215368,397.4909313433194,0.07231578930245398,0.1525431823049408,0.04924674485361265,0.11328767791597673,0.025881892183615474,0.10730699570577146,0.032067948636369,0.016384958689725445,0.012160111483295126,0.07201823103528393,0.007418015252365956,0.026216254617304938,0.014965597433688324,0.2841002841832727,0.014086316402323447,0.1345249878316656,0.05981706168046391,0.45578690557867146,0.487954830731967,0.08341346738770467,76968.89376044099,0.45469086237946815,0.1235098655358855,0.09910077957421819,0.29345014808010506,-0.19675086172716116,0.474795402573994,22,2,State 02
cube170_cluster0,64,Pre-COVID,0.421875,1.079713275513541,2020.125,2018,2023,22,0.109375,28,THEFT,0.953125,0.3000638799869385,0.12358905586816495,0.15836933941108372,385.05590550812923,0.07027135994885435,0.16245408445483828,0.04026222825263104,0.11320763486312357,0.02538171166701789,0.10500408109263502,0.0363881615547899,0.015058656700243369,0.011273148345328525,0.06333883694317043,0.005965876490902692,0.02920247737499819,0.012653938909303736,0.2932057069100154,0.0163320964921476,0.14174042915627658,0.06168141084941417,0.44485464989587975,0.4974143154444877,0.08111766236877958,76497.37171528168,0.4372875959077642,0.12417918879055692,0.11005769456965811,0.2998877714076811,-0.22891916860163683,0.33068463178530627,22,2,State 02
cube171_cluster0,67,Pre-COVID,0.373134328358209,1.083671453833269,2020.1940298507463,2018,2023,22,0.08955223880597014,30,THEFT,0.9402985074626866,0.29577458621583747,0.11721612670973629,0.15164396957464665,415.8005851461741,0.07364147855439968,0.16279540316536542,0.04355922248550923,0.11137948530496014,0.025981071235846535,0.11165791696123376,0.04236514027627745,0.012204910229365208,0.012152133569371703,0.06160168343408216,0.00687410008068347,0.026443791272322503,0.012139324249722859,0.283965967366763,0.013238371814096895,0.13982501632586516,0.05948095124568521,0.4803116436035297,0.5100099649152084,0.0832150548976644,79911.61216360284,0.4555682620206607,0.12475996794295845,0.11901359322087647,0.2691113503277142,-0.23168918806072802,0.17814787935385398,22,2,State 02
cube172_cluster0,64,COVID,0.5,1.0387435715615458,2020.390625,2018,2023,24,0.109375,28,THEFT,0.859375,0.2910571323906387,0.09583222625711015,0.15327472425587502,401.7453874033097,0.06916593175627855,0.16821039131732235,0.04448530156508268,0.10074467991368452,0.02664340019251249,0.12144959162324617,0.04713830669290729,0.008348656859634419,0.011650910320738261,0.05909137809957535,0.00659787746096062,0.03260091317064581,0.012712466333978302,0.27585734635248915,0.015302848340944,0.13809524075232926,0.05859563460310456,0.5122842294931544,0.5196111446230514,0.08641949246903863,83189.11679232251,0.47196045438650724,0.12896334252758584,0.10762586093142687,0.25862579680009157,-0.19273556144526802,0.042449332244758615,24,0,Unstable
cube173_cluster0,63,COVID,0.4126984126984127,1.0846975480605507,2020.4603174603174,2018,2023,2,0.1111111111111111,27,THEFT,0.8888888888888888,0.2793365191500077,0.10258895784443874,0.15148758066405094,390.36448765787355,0.07243686470589161,0.15879006384900424,0.04304469896049763,0.11029575081799455,0.02372563476003567,0.11336952783158225,0.05285400536106471,0.008282807390643564,0.01300633104496633,0.06047655834298686,0.006012991899941323,0.033845633773162395,0.01670934289305455,0.27387102402558716,0.013278764343587294,0.13481191938278464,0.06372674525524641,0.4727113282357978,0.49809253926943003,0.07952780594556141,79825.8232817424,0.4467649379492605,0.11829122420368035,0.12062992267810752,0.28026981353900265,-0.11039816264706691,-0.09854401470310568,2,0,Unstable
cube174_cluster0,54,Post-COVID,0.42592592592592593,1.0279780810776193,2021.0925925925926,2018,2023,2,0.1111111111111111,26,THEFT,0.8333333333333334,0.2795355616316756,0.0948882609251785,0.1578850535425307,312.49909540182523,0.08598764548960239,0.1466901392217507,0.0385142898322385,0.11325125529919415,0.019480230923012477,0.12342336971655486,0.06051978832344971,0.008334976931045072,0.012244221894277355,0.06273534194337795,0.004348505304858703,0.028587940078855813,0.019555009544525145,0.263869224426766,0.012458061070491086,0.13157946635922435,0.0680835937288101,0.4266614750161785,0.46647823750881046,0.07557406320513334,76421.20285631192,0.4277300024579885,0.1243892085288773,0.09392696612174356,0.32067431822670034,0.04445517453614041,-0.18505483021447075,2,18,State 18
cube175_cluster0,68,Post-COVID,0.5147058823529411,1.0108160413264395,2021.2205882352941,2018,2023,28,0.08823529411764706,31,THEFT,0.7941176470588235,0.2837561118613636,0.08842883431501633,0.15193455506528616,395.95798502334696,0.08044712824871413,0.14501409015042438,0.038881272236699495,0.11630149640702751,0.023443170274192692,0.11666892245870852,0.06861456472633679,0.00621174529946389,0.01142806366735305,0.0616758988524792,0.005090067892334314,0.033349214798403505,0.014037876963907493,0.264905601771231,0.01393088625272404,0.13459134177457208,0.06694199072212328,0.43186995266790074,0.46548254223309043,0.07613041191871037,79379.88381955348,0.4119998196179565,0.1321690266469513,0.09866347978545088,0.3248514754055533,0.2226619317417402,-0.2171690405884448,28,0,Unstable
cube176_cluster0,67,Post-COVID,0.6119402985074627,0.8066529392827364,2021.6567164179105,2018,2023,21,0.08955223880597014,30,THEFT,0.8955223880597015,0.2821605879048453,0.08765414363071707,0.13411235369669713,401.3105911263348,0.07784711818794926,0.1394872198094988,0.041760363960924675,0.11354918635527228,0.020114351936819996,0.11351119938193788,0.07766233197519858,0.006272396635844474,0.012052495554909743,0.05508458112042349,0.0050783721422786275,0.03579240321493157,0.011904473974054188,0.2734444616937529,0.01643904405620347,0.12726138331559883,0.0635589688845818,0.4535858086564753,0.4801828880726227,0.0728791280390811,85654.61744008175,0.41136927708152193,0.10715897325378194,0.10752284121404815,0.3420673689378501,0.4236799312276316,-0.2321825819751029,21,17,State 17
cube177_cluster0,51,Post-COVID,0.6666666666666666,0.8384466680855808,2021.7254901960785,2018,2023,2,0.0784313725490196,25,THEFT,0.9607843137254902,0.2856118240576868,0.08218405848244459,0.1367105304493527,313.7619337131184,0.07888237757368144,0.1327224653365057,0.03931761394595727,0.1111764657483367,0.01608218092321165,0.10214251020594554,0.09675095731639392,0.0062326679912842724,0.009132748674398072,0.057636486946211644,0.005756632088599102,0.03565503288110551,0.011561320898551433,0.28306827790359296,0.013882261566224716,0.13157831343809442,0.06389109642146872,0.4831166432548785,0.4899068684223568,0.07396496726560975,86722.30032546824,0.4240384638803078,0.12594037690026014,0.10647540959197899,0.3074591661358285,0.5794898136222659,-0.24878977724239687,2,17,State 17
cube178_cluster0,41,Post-COVID,0.9024390243902439,0.37455256343990206,2022.1951219512196,2018,2023,24,0.17073170731707318,22,THEFT,0.926829268292683,0.2822196941526072,0.07524211402172275,0.13511568616600286,247.39471914548542,0.0724611914663394,0.12445748870133191,0.0369614055160917,0.11297787933948761,0.018379589187459355,0.10027131101138459,0.12355336342784212,0.004257492488953101,0.006857980292700685,0.05952815667133209,0.005608338449685905,0.038757835740561304,0.010451009815997553,0.2721765148037631,0.013300443087069583,0.12751540172185838,0.06092990128855475,0.5251161940640721,0.49626183535121643,0.07171440118124577,95580.64975933859,0.442869243652839,0.15004414875785846,0.08366410034501963,0.2858722802969254,0.6885395683968732,-0.26069850747110496,24,5,State 05
cube179_cluster0,25,Post-COVID,0.96,0.167944147734173,2022.44,2019,2023,22,0.16,14,THEFT,0.92,0.2691968715686198,0.06206048450684278,0.1321649648078854,137.43901974151225,0.0669181276426464,0.1149388340242901,0.04333386590107002,0.10756502707686215,0.01303835976515195,0.10161160319650503,0.1555437523880908,0.0024367130292348035,0.009961424440159818,0.05911822002537885,0.002824983662549497,0.045950044987260005,0.010315772034014476,0.2565355812460392,0.009907690580746914,0.1329984879444818,0.061938439788912,0.5063433188390264,0.4759545460657181,0.07495578884986114,93596.7889684971,0.4230448178492857,0.1824137005843693,0.08589658849224886,0.2695999709069658,0.7816844194240125,-0.28502674285480456,22,12,State 12
cube180_cluster0,19,Pre-COVID,0.6842105263157895,0.8425434329028281,2019.5263157894738,2018,2023,76,0.3684210526315789,9,THEFT,0.7894736842105263,0.2830375547113867,0.18609666284460308,0.12349212813856987,80.09550463185282,0.05619730205318298,0.13631064228432468,0.032777464950782334,0.07420712636582255,0.05791597511397759,0.15752581320657388,0.021469947770886927,0.04763508541462191,0.010003785310239386,0.07755944906185895,0.011515729345052144,0.014708242072691446,0.01667327023722072,0.2711954494482288,0.014304717364535724,0.09976337810889553,0.055428819997648905,0.3696576158839086,0.334428978029625,0.06649430855577436,77569.78379295852,0.6086295707397315,0.0855458984944443,0.079846973758203,0.20552920934035837,-0.10778259558548027,0.9522451585070649,76,6,State 06
cube181_cluster0,34,Pre-COVID,0.7058823529411765,0.7854634705649196,2019.3823529411766,2018,2023,76,0.11764705882352941,20,THEFT,0.9411764705882353,0.30435459569806766,0.14179271092209256,0.13921833117116408,193.47317607133408,0.06851625094276227,0.14738090905630244,0.03732534171624438,0.09236840327884376,0.0383205482847986,0.13095560515486768,0.022053973605923042,0.025573477420884203,0.014203940880799095,0.06952817242230973,0.011396071224343446,0.01602523585365331,0.014046432592938448,0.30348954379495346,0.008816093770376099,0.1331209741570677,0.05740189516789033,0.4695873254556812,0.4619049653265582,0.0812622098041901,78908.81894696214,0.4940739470349195,0.1403709121038636,0.125781798706597,0.21379021601126771,-0.15926991108721122,0.8624812794918776,76,0,Unstable
cube182_cluster0,43,Pre-COVID,0.627906976744186,0.8002537817900648,2019.3720930232557,2018,2023,28,0.16279069767441862,21,THEFT,0.9302325581395349,0.31109869051249534,0.1419440411752648,0.14133682025195474,254.92554001423414,0.0660723984394564,0.15862785194669876,0.038724970827676765,0.09042757837204381,0.03719014631024675,0.12192016139272342,0.026127041852253462,0.01873749253712419,0.0124457734426089,0.06783436234950664,0.009981950421657663,0.020305221705927898,0.01543877386694027,0.3074606910210329,0.008705585514102195,0.1357648428452447,0.05566205075049615,0.48826693915226976,0.49499767738426215,0.08588993892722642,78094.58312931065,0.5081584541006373,0.13099562254175282,0.1086245129841451,0.22367967454545926,-0.23578435243785517,0.7625315606240334,28,0,Unstable
cube183_cluster0,58,Pre-COVID,0.603448275862069,0.8251384503875636,2019.448275862069,2018,2023,77,0.1206896551724138,25,THEFT,0.8793103448275862,0.2904446579365812,0.12308584749200827,0.14611836567942288,317.28162380816707,0.07438007594408975,0.14951969298075332,0.04585441327127806,0.10778630144616512,0.030988868549646553,0.1336274553918101,0.025705750530707554,0.01554066279391047,0.013737361103915838,0.0676126685109882,0.009449754036798992,0.020189197685182018,0.014011706467153606,0.28272577156634343,0.008870319721257038,0.1346487580537541,0.0568014629368229,0.48068008083711605,0.4677957792982262,0.08178433687696206,77712.40371844296,0.5094455043078017,0.1410420839279271,0.1039080315278101,0.21575121552619564,-0.2970773195705276,0.6152823859893314,77,0,Unstable
cube184_cluster0,62,Pre-COVID,0.532258064516129,0.9807728335047747,2019.725806451613,2018,2023,13,0.08064516129032258,28,THEFT,0.9354838709677419,0.3084670099073735,0.12873878413261336,0.13106711413672043,361.55410655119437,0.06850412851772031,0.1436891245039216,0.050924033533191096,0.10695307788268629,0.02858024858638164,0.12091772766747169,0.03324516008211339,0.016309963668474006,0.011547651728593252,0.060507879489188274,0.009320447814919633,0.023858450386381746,0.011542941662583416,0.30251913561045973,0.011580028865913866,0.12283868674405532,0.05279797360236974,0.5078192104471421,0.49083411586697356,0.08451990093065924,82907.95162170511,0.5170740361563938,0.09658991105675217,0.10480658452657564,0.25044588086148395,-0.35659735112550806,0.4842547861540912,13,17,State 17
cube185_cluster0,75,Pre-COVID,0.4533333333333333,1.0675431202000278,2020.04,2018,2023,8,0.09333333333333334,32,THEFT,0.8933333333333333,0.32315616072974274,0.1193932474772887,0.1352486453887412,445.46174712875506,0.0673418783798631,0.15529249671701623,0.04104890634281111,0.10137632501545868,0.029176691418446102,0.12426691759775375,0.03872922092631021,0.011610921087978452,0.011919727430337528,0.05801495220159339,0.00702443182627944,0.026384802610438855,0.01425163458032736,0.3036121492876196,0.009948944577766093,0.12556739812746406,0.05399305203714282,0.5316834005184503,0.5027255450491255,0.08644468978996946,86631.84335392396,0.5149393265809065,0.11618761413572627,0.1123622488967303,0.22515754705913021,-0.38670991766210505,0.32851849230177066,8,17,State 17
cube186_cluster0,76,Pre-COVID,0.35526315789473684,1.096332388483096,2020.2236842105262,2018,2023,32,0.10526315789473684,27,THEFT,0.881578947368421,0.31150603472145566,0.1145255845117444,0.12804246253866722,442.4624596560281,0.07180114594682142,0.15215879575780644,0.04500238374011472,0.09933764118475814,0.028603821625451224,0.1349750344059059,0.04268815798094803,0.009923061186868786,0.011952236785374656,0.0568018306570349,0.0059284740074010515,0.027971040922403923,0.016550849960552335,0.2865383411903341,0.0097671846482243,0.1279481238707885,0.05696534621513417,0.5568737783726024,0.5105583381056836,0.08909605541693003,88976.28939432255,0.5101926701152787,0.13438600202647596,0.11505709006649434,0.20728543368657928,-0.38546289214817675,0.17053160367576223,32,17,State 17
cube187_cluster0,71,COVID,0.4225352112676056,1.0603251664081275,2020.7887323943662,2018,2023,32,0.09859154929577464,26,THEFT,0.8732394366197183,0.3057560236966933,0.09788446425958591,0.13669912515588012,430.41123452191124,0.06969187874854381,0.1458784942569908,0.04280988256545253,0.09946255923534464,0.026302716808684286,0.14392697699672652,0.046456006597372694,0.006834472273512503,0.011472480378589191,0.05984746839068978,0.007911481118543577,0.029963282022142927,0.015027193579320943,0.28247284726027533,0.011942259767810456,0.12194285926516273,0.05671236898388727,0.5809323606183118,0.5126968543226399,0.08944264005916076,91434.0365336993,0.5254794439690303,0.13785297686621203,0.10101613003157117,0.2004616383334869,-0.32593379476282436,0.03168563294004654,32,17,State 17
cube188_cluster0,66,COVID,0.3939393939393939,1.0898089574065348,2020.4545454545455,2018,2023,22,0.06060606060606061,27,THEFT,0.8484848484848485,0.29045582752846144,0.09280706532233272,0.15483507214679684,386.45598081046774,0.06818190291337545,0.1396505828692417,0.04831101143916253,0.11279068388636815,0.02035233621246149,0.13370827460454754,0.05114473514890743,0.00717268342475295,0.014063732480922051,0.06344894968889615,0.005519118633611814,0.029336470718137688,0.016840925414439017,0.2807543664361653,0.00872422612901072,0.11745771239406093,0.06004652113487031,0.506857186858061,0.46573599854533565,0.08276144360896585,86674.29490579048,0.49924807822835265,0.1246508322032374,0.08733124868991071,0.2565725564058423,-0.20854942974671972,-0.09043304617583864,22,0,Unstable
cube189_cluster0,57,Post-COVID,0.43859649122807015,1.0342673989656306,2021.1052631578948,2018,2023,11,0.07017543859649122,29,THEFT,0.8421052631578947,0.29194007128866584,0.09028152228737633,0.1373867927818515,326.73390937186,0.07829010644811808,0.13549091782881736,0.044236721865398856,0.10059236661169411,0.02306896496500124,0.13753494600871183,0.06527941459285926,0.007439809268076406,0.013351647879265162,0.06036743647255823,0.0046525266791021085,0.02577192061135057,0.018699633263413565,0.27443880833415824,0.010784779171474948,0.11231626087078082,0.05682991928164047,0.5035962798028336,0.4558252047385116,0.07809889413169999,88559.47456590596,0.522639958422002,0.10052474045249689,0.09700167177533436,0.24457304755112186,-0.024626116095589106,-0.15257228573059614,11,0,Unstable
cube190_cluster0,58,Post-COVID,0.5172413793103449,0.9956967476144709,2021.2241379310344,2018,2023,13,0.06896551724137931,28,THEFT,0.8620689655172413,0.29896912995080666,0.09118928802105195,0.12443125763454747,342.15350553359445,0.07765421048376878,0.1366159904083992,0.043932104637869014,0.09808648438611677,0.024146174749835155,0.12364149469805183,0.07513802052398946,0.007119595720100016,0.010616606811038449,0.055396601906079285,0.005790487552768997,0.03142193804520476,0.011543385040912046,0.28785154572469746,0.01104535931116878,0.13522975932041262,0.06206477263539443,0.491967557085228,0.4906810577561432,0.07915496243156583,83313.81688383436,0.4731376804499476,0.1306117218305623,0.11873018531680551,0.24328039058586978,0.18941192986488078,-0.14378826599611466,13,17,State 17
cube191_cluster0,39,Post-COVID,0.6153846153846154,0.8893227391139455,2021.6153846153845,2018,2023,11,0.1282051282051282,22,THEFT,0.9743589743589743,0.30151979818171104,0.08117450818075334,0.13461046811280478,235.22072262593676,0.06820635172938842,0.13617656866412303,0.04507574113402052,0.10848132812707026,0.020986857623045422,0.11001756379615824,0.07786324005447595,0.004878646101011233,0.011319132972718813,0.059302485155973396,0.0030750530086731927,0.03323168499140475,0.012126521282405952,0.29647925467962905,0.012779570679901762,0.12346588183004333,0.06259270508405237,0.45922644579340866,0.4701669135112343,0.07521437640066649,84902.6751934495,0.444854889042432,0.10688370795618662,0.09667349469300185,0.31785698099865745,0.39418309305220917,-0.1359344027910845,11,0,Unstable
cube192_cluster0,46,Post-COVID,0.5217391304347826,0.9724399117161489,2021.3695652173913,2018,2023,11,0.10869565217391304,21,THEFT,0.9347826086956522,0.3008283879795736,0.07294436147906123,0.13558094602108287,268.44335873136316,0.07100085370953436,0.12448293812047323,0.04272960665087954,0.11460798636038674,0.018550403096193154,0.11109257114904375,0.08885757211182586,0.003752669912735481,0.01088175507160905,0.05617074495727192,0.0030421008143282986,0.04035673047423153,0.013154728204287997,0.29230857027811263,0.009010769089086402,0.12322043678653577,0.0629723458891212,0.5075804608497937,0.4636985470905973,0.07661114761617427,89182.46115396582,0.48740034815537725,0.1369564898415083,0.08987533439493578,0.24949931887143964,0.5704384349380791,-0.13105377225258827,11,17,State 17
cube193_cluster0,31,Post-COVID,0.7419354838709677,0.7417487078869116,2021.774193548387,2018,2023,22,0.1935483870967742,17,THEFT,0.9354838709677419,0.31085135031825667,0.0698123897697358,0.12351685631910807,177.23287580405136,0.06884472592555542,0.11098055894476809,0.04095164075644532,0.11366557133128541,0.015091368438392498,0.10217498716004736,0.11058708987354195,0.002198311129302312,0.007894389084177528,0.05531597330201039,0.003775830923155314,0.048445368608885736,0.00967266050835937,0.3006875190378559,0.009714004976217465,0.14385934600006384,0.0633793369622634,0.5401652367317835,0.5197005009438143,0.08039913624530996,90172.56611871993,0.43903831764502643,0.20155285166984385,0.08094499401237921,0.23636899447371224,0.675618770265168,-0.10404519478517969,22,12,State 12
cube194_cluster0,18,Post-COVID,0.9444444444444444,0.2145591551764051,2022.3333333333333,2021,2023,41,0.2222222222222222,10,THEFT,0.9444444444444444,0.3041761319752493,0.057226319270597244,0.11826919867856985,96.54469821538436,0.06189773422261882,0.09703874501168153,0.03430430266584394,0.11398267637619093,0.012792352898496147,0.09516700682889973,0.15080003706047745,0.002277576479840507,0.012438672155910654,0.04814505351581296,0.0014307403201620462,0.05781945983684389,0.0070636973009426335,0.2970076731938873,0.007834272132391453,0.14819296619697386,0.0644678546372846,0.5407403793917827,0.5291535255436168,0.07781959330922097,92247.9036104283,0.40294454551731107,0.216525448892615,0.088196542522547,0.2488298515173579,0.8110846173428911,-0.14324850553500962,41,12,State 12
cube195_cluster0,27,Pre-COVID,0.7407407407407407,0.7493309481686361,2019.148148148148,2018,2022,76,0.25925925925925924,10,THEFT,0.8518518518518519,0.31551071403717745,0.16404434802106602,0.13778463979325606,113.79959891328313,0.059789178861145556,0.1395609159428256,0.04304536425619849,0.06996081758950151,0.058000069674276684,0.14478197271094395,0.014205596390399686,0.03574995299419657,0.01694043771429868,0.07251352962889526,0.009209773053751117,0.010144861236413028,0.01399002069794565,0.30529654838482717,0.00681096086438105,0.09611016485819018,0.05469052865776837,0.39347729431991574,0.32093542437209277,0.0645024595629552,79801.39940161015,0.596886024936139,0.10405068453392616,0.06775405571602199,0.20904589410300267,-0.12393312940725328,0.8364781455739649,76,0,Unstable
cube196_cluster0,48,Pre-COVID,0.6458333333333334,0.8799300076747671,2019.4583333333333,2018,2022,33,0.16666666666666666,20,THEFT,0.875,0.3062127047544357,0.1333137353772976,0.14561384268521496,240.77080603684794,0.06694320999426225,0.1561207276709002,0.04063985089394498,0.08042933262964537,0.044006079055647275,0.14764059561298815,0.01671722415667791,0.01518259717458697,0.01216168040534022,0.07619063760495294,0.008965357950260126,0.015787123898295726,0.013878831260015994,0.301577297960139,0.0037594537323428746,0.11723890696319998,0.051471382338467965,0.5024782155552074,0.4266200431683176,0.07514411212107103,85326.98016595919,0.5572088880456374,0.12365947116517828,0.11479562809228061,0.17737977615735645,-0.25317588930504237,0.9194925986277758,33,1,State 01
cube197_cluster0,57,Pre-COVID,0.7017543859649122,0.8114302127839343,2019.3859649122808,2018,2023,4,0.14035087719298245,20,THEFT,0.8947368421052632,0.32166300542709275,0.13026445366686767,0.12240541528206081,311.4179342607027,0.06034758375353102,0.15016659993263962,0.045539266726170625,0.0898224904153453,0.036849078200201946,0.14411777339904405,0.02263306137866455,0.015095630572310401,0.011187144564722239,0.06351298542074103,0.00814825271572915,0.02009843819414584,0.016258479377722804,0.3115140322127482,0.004709183136283279,0.12224621534398779,0.04920035725949619,0.5218104146640409,0.4779323360333564,0.08181620609991368,82927.27210276976,0.569592819916522,0.09703323887158782,0.11159442730235473,0.19262702661105766,-0.34748595868984156,0.805591321476154,4,1,State 01
cube198_cluster0,55,Pre-COVID,0.5818181818181818,0.8986526380707852,2019.5454545454545,2018,2023,77,0.2,23,THEFT,0.8909090909090909,0.33403424297250467,0.11960734475978588,0.12438720603492033,305.1214738256645,0.06702199237969074,0.14272803107543178,0.04764243384326679,0.08863584043045993,0.026735098850232328,0.14200563087184115,0.024644358311727926,0.013838314840294571,0.0118602706931367,0.06054070566475953,0.008304474458805004,0.023612408095478755,0.015354659543609291,0.3214712567888288,0.005604524152436734,0.1310805313679906,0.051325229304919354,0.5484972701558266,0.4988986609028774,0.08598986191007332,82423.36647254332,0.5550879595322469,0.11686602410510925,0.11679376117648964,0.17932926023331452,-0.45885738768378503,0.6576989190533735,77,1,State 01
cube199_cluster0,70,Pre-COVID,0.45714285714285713,1.0280246895407048,2019.9142857142858,2018,2023,77,0.1,24,THEFT,0.9,0.33993131590773945,0.11880602193643787,0.11797210271319672,394.8557793888748,0.06339838775485068,0.13337612337988394,0.04093132046612327,0.09009033773739884,0.02923242055017313,0.1536435734348779,0.031553632415248355,0.012354034924608676,0.013412976633932525,0.05625309092505585,0.008145817972995911,0.023651719514258058,0.013227507441651968,0.3223410245198953,0.00838803232904566,0.11852838312638639,0.05102184799222874,0.5754106240961885,0.49439424534559473,0.08605989757103849,89577.5378350983,0.5647496024261647,0.12245232503721348,0.10331836850614827,0.17657977082947474,-0.49216829813797297,0.5072300468541872,77,17,State 17
cube200_cluster0,80,Pre-COVID,0.4,1.0883789912030477,2020.2625,2018,2023,8,0.1375,22,THEFT,0.9,0.3461659762241406,0.11708624151382038,0.10897479713468342,477.42649832943863,0.06356406055418329,0.13420640368092207,0.04160323005379501,0.09001577277690029,0.031409995093395135,0.13677792163452274,0.03844502209466782,0.009377618981938233,0.012003852501675539,0.05107234719930709,0.009335952111802517,0.027012794043180577,0.01449707114207951,0.3320591686928064,0.008618789438823772,0.11338503186206166,0.05016674968566176,0.6261456786130652,0.5242003991278634,0.09401719470598337,98098.07500116217,0.5607266455353738,0.13193375198379845,0.10969211850004568,0.1628489876490759,-0.5206840908298892,0.33892923126655267,8,17,State 17
cube201_cluster0,67,Post-COVID,0.3880597014925373,1.077172840792458,2020.6716417910447,2018,2023,8,0.1044776119402985,22,THEFT,0.8805970149253731,0.33721037984620117,0.09985436572696325,0.11500877650102816,391.13986127133256,0.06495318768654945,0.13715283223816196,0.04015588043370879,0.08646929357203711,0.02881476807512447,0.1537052718455627,0.040607402339008364,0.00697280457103383,0.011125528942270075,0.05579837890405024,0.007222053174032277,0.02816389451550291,0.014870289307455934,0.31575838113201593,0.008230033263485922,0.11151497777673468,0.051409396625625534,0.6279519865789117,0.510236122181261,0.08909061684378114,99001.2431369582,0.5814867795673018,0.12814466636617108,0.10578663567104928,0.14833408980463098,-0.5068544885323732,0.16964630208376852,8,17,State 17
cube202_cluster0,77,COVID,0.44155844155844154,1.0659502906746519,2020.5454545454545,2018,2023,32,0.1038961038961039,27,THEFT,0.8441558441558441,0.32951179798182906,0.09852318807814829,0.12067596692808719,440.5511816230169,0.057831162329988056,0.13573665732201795,0.04501912886236866,0.10050184568606636,0.02621989162877481,0.15022242824459953,0.04831816921552751,0.006992284820618605,0.008887289627190539,0.054925411464002906,0.006778921442478983,0.028558820190487912,0.01323553190689623,0.3086534271021964,0.008119030156785587,0.11450055667389201,0.05502413512080534,0.6009934822334387,0.5018507302452403,0.08704673879098553,94736.29754862942,0.5477011313186612,0.12352090128328735,0.11337937003435124,0.17897705451995913,-0.4352376615082437,0.016802530486145446,32,17,State 17
cube203_cluster0,72,Pre-COVID,0.4444444444444444,1.0713486094890345,2020.0833333333333,2018,2023,41,0.1111111111111111,27,THEFT,0.9166666666666666,0.34054242823187636,0.09870986263539663,0.1163320860211774,423.38704828123383,0.05832306327978349,0.13281510582552902,0.04805170486176375,0.10077666188627056,0.02759915921753101,0.12284434373308267,0.054752617966880184,0.006262899135948144,0.010485786539170833,0.0529576190602599,0.006118811970838796,0.026065362153303424,0.01275573420697302,0.3317430911860966,0.008448038976568664,0.1225821171809387,0.05460463512367668,0.5872550865233017,0.5069625973666335,0.08832079156509334,90630.57263682883,0.5292616572533106,0.14237405586738489,0.1100518938395147,0.18392167384714064,-0.2830990620508786,-0.07898047464766547,41,17,State 17
cube204_cluster0,54,Post-COVID,0.37037037037037035,1.0912111004202867,2020.6851851851852,2018,2023,6,0.16666666666666666,25,THEFT,0.9444444444444444,0.34257403484959453,0.08635750806454562,0.11625053755208335,325.91769612678894,0.06375338878310131,0.12589701798873046,0.043047307955004915,0.09224908320051778,0.024789994963051298,0.13065094018654047,0.06153714478064961,0.0048260746395052175,0.010141293007987504,0.054186271816329686,0.005344359399299503,0.02872725430205619,0.011985317287666662,0.33422984566972846,0.008634706019830886,0.11594455001335975,0.05586592332573486,0.5894688951942677,0.49796247795337745,0.08371214189075635,93832.34898514347,0.5414724778394843,0.12798728546244098,0.11599499378247785,0.18017986915992057,-0.06997798941002104,-0.0974074419663433,6,17,State 17
cube205_cluster0,37,Post-COVID,0.5675675675675675,0.9700698332523143,2020.918918918919,2018,2023,41,0.16216216216216217,21,THEFT,0.972972972972973,0.3391769131794439,0.08505510041025288,0.12162420334744072,230.2376256437454,0.07159991500680069,0.1283105258321212,0.03983723306055377,0.08756127362877153,0.023977420361529184,0.12593409597938862,0.07024063752993531,0.004543315656837774,0.008724642393457074,0.04829534529281961,0.004006841087990388,0.033560032892099426,0.01094441982005405,0.33386390786643855,0.008600393591202803,0.1392822990989768,0.061150627884677296,0.6009869952731639,0.5449854727451092,0.08523046626819142,89641.82882662668,0.509359150120784,0.17469210085168116,0.11410330453201811,0.16307419435039655,0.14809210223014016,-0.08046054804146852,41,0,Unstable
cube206_cluster0,36,Post-COVID,0.4722222222222222,1.0508242944789867,2020.861111111111,2018,2023,6,0.16666666666666666,15,THEFT,0.8333333333333334,0.3428006488422907,0.07416893591816007,0.11153635191507634,204.64088789214958,0.06181792817204665,0.1166300996824713,0.050481506392560146,0.10108618216737378,0.020385033554281,0.1423257335208128,0.07623347427923433,0.002488482329841071,0.010320099092204233,0.04939788739052417,0.004202181027056174,0.030781461224415732,0.01055879724541424,0.3170342105480746,0.006256923373689731,0.12099166272385402,0.054426670658815984,0.5982789873802539,0.5080233252659019,0.08004608799692431,93323.2408678258,0.5553532757080624,0.13573518779676608,0.09348829001945039,0.177196363338802,0.3744731414462369,-0.05743514102542878,6,12,State 12
cube207_cluster0,35,Post-COVID,0.42857142857142855,1.0319734201604107,2021.057142857143,2018,2023,41,0.14285714285714285,14,THEFT,0.9428571428571428,0.32746630740162896,0.06346388015739761,0.11366361996060861,192.05852839154468,0.06123096964685919,0.11346882047218357,0.046460834446673954,0.11600440512976558,0.017986373982489322,0.1289750999117415,0.08627563689778897,0.001232181197593419,0.010601515704732356,0.03916966193404008,0.004310412524347408,0.036864801732538234,0.01245137855896435,0.31831498465030617,0.006652923209975903,0.11601557125192608,0.057870021167234775,0.5935289787901623,0.47342459241599694,0.08161130781137073,97170.27065852494,0.5519356300433987,0.16589287012913895,0.07304625699936164,0.17255734105249876,0.5641527626641628,-0.03643861694476279,41,12,State 12
cube208_cluster0,19,Post-COVID,0.6842105263157895,0.7659373365785205,2021.7894736842106,2019,2023,41,0.2631578947368421,12,THEFT,0.8421052631578947,0.32423478390160937,0.0636417507581189,0.1108235788924317,98.73117219877828,0.06474618035632275,0.10832989781206363,0.04140499247627274,0.10727061735727643,0.01242721652775548,0.14280250943192674,0.11328257946254068,0.002771151501717284,0.007567225162137261,0.039053784992660566,0.0048196471931208655,0.03221633040852058,0.010872561862780327,0.305168782583466,0.0072665228714386115,0.1280545050920999,0.05682382445738393,0.5931326515334095,0.4729711028756344,0.07775111725235442,94996.44825578183,0.5543913247452857,0.18063461037264228,0.08169374828228176,0.13884041195880525,0.7246634733973866,-0.03479462975678669,41,12,State 12
cube209_cluster0,9,Post-COVID,0.8888888888888888,0.34883209584303193,2022.111111111111,2020,2023,41,0.3333333333333333,6,THEFT,0.8888888888888888,0.32142013322690843,0.05888604704020173,0.0830959872094589,45.489470807503324,0.05804053848499849,0.07940814188592821,0.029120519373393272,0.12795983400287558,0.01335213104636668,0.09841323411610385,0.1742121591438269,0.002459638158639585,0.006236794280884247,0.04018912916845374,0.004121791586128247,0.02962288941969865,0.011867702567230876,0.31978614629880386,0.005209350466667785,0.13885086636415025,0.06278581690992374,0.571191616628683,0.5084544120180509,0.08123924270256987,92769.7763944043,0.4690138714609407,0.23434300748661827,0.07200458031131135,0.1780180450519748,0.8414748173086913,-0.03182087640505345,41,12,State 12
cube210_cluster0,29,Pre-COVID,0.7241379310344828,0.7715028085945184,2019.1724137931035,2018,2023,32,0.27586206896551724,11,THEFT,0.896551724137931,0.40898478217812123,0.15489444859034704,0.08553632674154107,130.53917897535004,0.046468469449254785,0.1158503483719141,0.034484108408051904,0.06209014703965148,0.053937193838118055,0.15497806466039754,0.013240829637970854,0.023548217820925532,0.00627846822477503,0.045333754258097186,0.01163747775466776,0.015483787442919474,0.010158832068250368,0.40317024076847413,0.0033400602565318138,0.09000906785026563,0.03909591112187639,0.5999256851893581,0.428207657377478,0.09359584383540694,98513.50757804821,0.6419234315619662,0.060943323829804254,0.12014614712819499,0.14843082169650235,-0.17782004513376454,0.9682306404544344,32,1,State 01
cube211_cluster0,54,Pre-COVID,0.6851851851851852,0.7946603084287958,2019.2037037037037,2018,2023,32,0.3148148148148148,14,THEFT,0.8703703703703703,0.42034917059419724,0.13751137971193741,0.08288123400592937,246.21475936214767,0.04356461338349549,0.11114071375151612,0.03870905870319192,0.0597822269134202,0.04059799690215954,0.1829908573412418,0.015933147428626258,0.015548673134688058,0.005562636012674355,0.052069007828798565,0.010103616381312831,0.018812516474835332,0.012453973952687563,0.3894637578867009,0.0032672039046510604,0.08975675711483032,0.038928510605924206,0.6424946180085556,0.4531752559310746,0.10139235190868473,100742.55522328142,0.6469836596866634,0.06962915228345684,0.13115749649672367,0.1225782710673098,-0.25167972541528466,0.8552974696148076,32,1,State 01
cube212_cluster0,64,Pre-COVID,0.640625,0.8852465195339148,2019.484375,2018,2023,32,0.15625,15,THEFT,0.859375,0.41049916644721907,0.11262674152782098,0.09025648986941118,309.62890001831886,0.04548825436060894,0.12286716159401825,0.03900475631073977,0.07576585544048312,0.029031640180498107,0.19277165147315212,0.015690814111832638,0.00903254586790626,0.009830204862259675,0.04950373048838137,0.00816985731575754,0.018654330988132968,0.012404088267309456,0.36900502167847327,0.002780087060446562,0.09049814696297565,0.038416120997973986,0.6481300686811939,0.463236847864259,0.09616992962243759,100262.40442548822,0.6614486349391154,0.06806824781184728,0.11818465347622428,0.12156395319896036,-0.4145788895264082,0.8553347158664136,32,1,State 01
cube213_cluster0,61,Pre-COVID,0.6721311475409836,0.8533186696524702,2019.4262295081967,2018,2023,8,0.16393442622950818,16,THEFT,0.8852459016393442,0.4104361421137757,0.11197975793296942,0.08420824777102387,329.559678300828,0.050412155294604244,0.11917778769375467,0.04248369197000338,0.0734995175476411,0.031280048599277036,0.15829698875002945,0.02216028710261155,0.007284672316763627,0.008062756984713282,0.04453310487317569,0.0076406295856215065,0.02291717690364587,0.013015223852474288,0.39677965691566913,0.0024563016100151783,0.0978815903317285,0.04005418356888957,0.6722614207967815,0.49891193915744697,0.09934500236521966,99282.32074018699,0.6460061896601991,0.086321230017787,0.11275910727083248,0.12344382077438142,-0.5158866561248908,0.710471374697949,8,1,State 01
cube214_cluster0,63,Pre-COVID,0.5555555555555556,0.9178859495442191,2019.5555555555557,2018,2023,6,0.19047619047619047,18,THEFT,0.7936507936507936,0.381214348171257,0.10016822482561587,0.08748226047983948,325.47064651006093,0.05206724877180508,0.11389344739045787,0.049091550834959814,0.07825252216150388,0.03794172772034525,0.18329957461353152,0.0286864828064402,0.0065140980911815175,0.011111786340732554,0.046723312478991516,0.005821632317795916,0.022325867662954142,0.014366915836106135,0.34667495648285046,0.003228876490344099,0.10050722213774829,0.043476377248741226,0.6464443383576233,0.4816124485848453,0.08647950332635376,96138.13188127591,0.6561566689393302,0.09217425302862133,0.09296267514547342,0.12633178026455485,-0.5888272681984831,0.5308930978962779,6,0,Unstable
cube215_cluster0,63,Pre-COVID,0.5396825396825397,0.9865244189145119,2019.5873015873017,2018,2023,6,0.20634920634920634,19,THEFT,0.8571428571428571,0.3839112564362629,0.09484213648507182,0.08595717739964492,349.44874925829436,0.05273063728294472,0.10985606609988266,0.043735198885767254,0.09161164093742984,0.03268038378714982,0.16373027279923688,0.03156694008505761,0.005643480005338858,0.007988673282398445,0.048907077170135316,0.006747644590816339,0.026054744051774888,0.012794093540496288,0.36161678968194655,0.004336357799624461,0.09040530009315836,0.03989481251108286,0.6807366848862175,0.50342967693293,0.08788034121768365,104186.03265714215,0.6648356668862201,0.0703012182644729,0.08776338460418294,0.14361966502006973,-0.61927716154602,0.33936748261878913,6,17,State 17
cube216_cluster0,48,Pre-COVID,0.4791666666666667,0.9792996695349505,2019.5833333333333,2018,2023,7,0.25,16,THEFT,0.8541666666666666,0.3927477101013707,0.08222150582967505,0.0833452549926047,258.81420351862823,0.04841908646749604,0.10443209268002816,0.04646383388130872,0.08421841530761436,0.02839447064426978,0.18511850037707067,0.03846267409323513,0.004913275517241761,0.00701353293928172,0.04798070078471548,0.0062980472928169835,0.02548325669382791,0.012866847700262229,0.35563520812002364,0.00430005750080734,0.09042327839822051,0.04111751324893825,0.6671681473941113,0.48898016922295096,0.08478374384345437,104261.76158962189,0.6698821122140811,0.0763288741095461,0.08702839432177382,0.1324636270843537,-0.5960491584585943,0.15697034377335775,7,17,State 17
cube217_cluster0,48,Pre-COVID,0.375,1.0892080913644198,2020.125,2018,2023,5,0.1875,18,THEFT,0.75,0.36628437592685953,0.07661955078747512,0.09286773699154999,240.1796940863063,0.04814470213542645,0.1064561732247924,0.05472393837945258,0.09541757030519209,0.027161355303576034,0.18592694805221774,0.04541369389424422,0.004952838302293403,0.005844383536696997,0.048062127026023194,0.006848915054242957,0.023643272980042773,0.012090542444844872,0.3304854841779715,0.0048280551829828315,0.09715411246184226,0.045886285227562405,0.6040184765391211,0.45183380331044204,0.08004769777132724,99318.84353809692,0.6307865446804447,0.07591216938651048,0.09968517310889584,0.15857248809110017,-0.5092298044574143,-0.0032469558982963225,5,17,State 17
cube218_cluster0,42,Pre-COVID,0.5238095238095238,1.0220830508128003,2019.8333333333333,2018,2023,5,0.19047619047619047,15,THEFT,0.9285714285714286,0.3681751815963299,0.07893360115700021,0.08487190621422701,214.8697483764752,0.0487443412677981,0.0971485150565465,0.06774649537732233,0.09707074691587898,0.03135617414873123,0.1470194616308078,0.05180308885004716,0.0035173030747366434,0.008347092986487581,0.04899797068303837,0.007186405613789127,0.022132797650106572,0.01014242812450704,0.35378124220239043,0.005005936417812062,0.10682125941320915,0.04965399925652149,0.6023758324195535,0.4635789009489691,0.08386617023169073,95952.88551757722,0.5853314257388916,0.11139484409958116,0.10053460091191305,0.16847370599178416,-0.3395376868416907,-0.08259495106633678,5,17,State 17
cube219_cluster0,42,COVID,0.4523809523809524,1.042416619375411,2020.7857142857142,2018,2023,6,0.2857142857142857,13,THEFT,0.9523809523809523,0.37863696612595066,0.06809718793772343,0.07727966302225664,238.63124569317216,0.05115597605132374,0.09688970362634551,0.0567110709278833,0.09131939484736662,0.0220695804176392,0.14904874388157852,0.05530691937237796,0.0022333215789158444,0.0059874012146084715,0.04632779024728231,0.0055925778881469965,0.028852433439882592,0.011432862849736838,0.3705973866577998,0.0064748369991123505,0.09614976476550205,0.04550312118173419,0.6949065041595526,0.5126951706320286,0.0829084239412976,107956.57693929404,0.6558953298905644,0.08270393045542848,0.09154669050875264,0.13260031365168817,-0.10922277652513109,-0.06914474657989243,6,17,State 17
cube220_cluster0,30,Post-COVID,0.5,0.8894844141737214,2021.2333333333333,2018,2023,7,0.4666666666666667,8,THEFT,0.9666666666666667,0.37978988881619763,0.06431107841209159,0.0645480276470228,168.88587792898215,0.05136388545301395,0.08810550013927007,0.05928564863256266,0.08046043614661377,0.023903454660475065,0.1460751569738578,0.06709478675403484,0.0021117196845337415,0.006006056467430356,0.03751092200594169,0.0064264626827505765,0.03311265807231037,0.010497590628869815,0.37978988881619763,0.008255832882137647,0.08909365204632375,0.04308279342010543,0.7415516150121589,0.5196036066152755,0.08618437393888612,116948.98466962653,0.6821554827105384,0.08066750072919028,0.08070807373339671,0.11725763743959507,0.12468507625820499,-0.03515801998040475,7,12,State 12
cube221_cluster0,38,Post-COVID,0.631578947368421,0.8982308258698812,2021.421052631579,2018,2023,7,0.2894736842105263,9,THEFT,0.8421052631578947,0.36420572796370415,0.057614865218349104,0.07555721244457891,206.94379123019945,0.05542579343716535,0.09260807295031155,0.05386222421055359,0.09900055821169945,0.024284013758562567,0.1521926005323192,0.07661532155344068,0.0011395490599543808,0.007313253441654148,0.04171835907921892,0.005095136581849151,0.027303978920477562,0.010769852599170553,0.3489727471726659,0.0036985384909570583,0.09850432258632702,0.04436727205789187,0.6993074581733144,0.512240451258597,0.08244634182878177,109430.08754504695,0.6577895492573128,0.07482080472874478,0.09374927005993809,0.1338570865942783,0.37015274755087707,-0.006932779557622768,7,12,State 12
cube222_cluster0,25,Post-COVID,0.56,0.8945510979978214,2021.64,2018,2023,7,0.4,9,THEFT,0.92,0.3645502631939611,0.05505788235612189,0.07042182821160649,137.11195136314817,0.05380283385271501,0.08998547052565005,0.04896425177979927,0.10609092187664569,0.01984199399773706,0.14052270217143867,0.09207173597373901,0.002417217829744177,0.01078989160733571,0.03329789061140891,0.00517467807082104,0.03350710086691592,0.012022491329595965,0.3489235965272944,0.0025872229791591467,0.0913791764247987,0.045899673077796896,0.7181555212395923,0.5018679774255178,0.08371268891399747,114694.5882601706,0.6721559062807827,0.10846310709471993,0.07177576646011405,0.10882830009076892,0.5795982783280181,0.01571040124485713,7,12,State 12
cube223_cluster0,12,Post-COVID,0.5,0.9184277849930976,2021.5833333333333,2019,2023,7,0.3333333333333333,8,THEFT,0.75,0.36301045629789125,0.05301329480041609,0.07499123614721957,60.03026303311201,0.054605748987363305,0.09201954675804902,0.04784988074831061,0.0982490891491723,0.013471858489835502,0.1535035772055844,0.12203300671477336,0.0029640892607688454,0.006834806284547266,0.03561699620572283,0.0036570688719857174,0.02386926694688446,0.010284927506209006,0.33282262087749764,0.0022175159932957132,0.09050218899240174,0.044685851567665545,0.6432093151145293,0.43235023301337466,0.07586066553298947,109859.13203593495,0.687094281803886,0.0767490449721139,0.07487646944289804,0.12425258337970531,0.7409572072875773,0.029224220939306357,7,12,State 12
cube224_cluster0,5,Post-COVID,0.8,0.5004024235381879,2021.8,2020,2023,5,0.4,4,THEFT,0.8,0.3416829818532755,0.0631156277763991,0.06902545501125797,23.94542467148264,0.050688759540621596,0.07828400272329797,0.033135374713878854,0.09416198720757722,0.012325586618164722,0.15118617239202195,0.15186485850114084,0.0,0.005799949907897156,0.05106445644261516,0.0,0.036286735528776204,0.009954807291965176,0.32304944148060477,0.002197867651438442,0.11076583436157814,0.05209589268664311,0.5367607917102265,0.4618717828951227,0.07418134095301662,95936.51579198487,0.5563415795390462,0.1104998577942361,0.07414616995908979,0.21867369656735916,0.7898334022056882,0.06142805271229075,5,12,State 12
