Community,state_id,lag_months,correlation,n_start_points
1,2,1,0.13907284768211922,19
1,2,2,0.2052980132450331,19
1,2,3,0.08940397350993379,19
1,2,4,0.04304635761589404,19
1,2,5,0.15894039735099338,19
1,2,6,0.19205298013245034,19
1,2,7,0.12913907284768214,19
1,2,8,0.21582733812949642,18
1,2,9,0.20078740157480318,17
1,2,10,0.15748031496062992,17
1,2,11,0.19291338582677167,17
1,2,12,0.06299212598425197,17
1,2,13,0.19291338582677167,17
1,2,14,0.13043478260869568,16
1,2,15,0.3478260869565218,16
1,2,16,0.10434782608695653,16
1,2,17,0.11009174311926608,15
1,2,18,0.05504587155963304,15
1,2,19,0.10194174757281554,14
1,2,20,0.18446601941747576,14
1,2,21,0.2330097087378641,14
1,2,22,0.19417475728155342,14
1,2,23,0.1941747572815534,14
1,2,24,0.29126213592233013,14
1,2,25,0.09223300970873788,14
1,2,26,0.28155339805825247,14
1,2,27,0.0,14
1,2,28,0.14563106796116507,14
1,2,29,0.09890109890109891,13
1,2,30,0.23076923076923078,13
1,2,31,0.16483516483516483,13
1,2,32,0.21176470588235294,12
1,2,33,0.18823529411764706,12
1,2,34,0.15294117647058822,12
1,2,35,0.10588235294117647,12
1,2,36,0.1411764705882353,12
1,5,1,0.8,3
1,5,2,0.75,2
1,5,3,1.0,1
1,6,1,0.6153846153846154,19
1,6,2,0.5076923076923077,19
1,6,3,0.4076923076923077,19
1,6,4,0.36923076923076925,19
1,6,5,0.4,19
1,6,6,0.46153846153846156,19
1,6,7,0.47692307692307695,19
1,6,8,0.4230769230769231,19
1,6,9,0.3769230769230769,19
1,6,10,0.27692307692307694,19
1,6,11,0.35384615384615387,19
1,6,12,0.3,19
1,6,13,0.3384615384615385,19
1,6,14,0.3384615384615385,19
1,6,15,0.3230769230769231,19
1,6,16,0.18461538461538463,19
1,6,17,0.18461538461538463,19
1,6,18,0.2153846153846154,19
1,6,19,0.2153846153846154,19
1,6,20,0.24615384615384617,19
1,6,21,0.18461538461538463,19
1,6,22,0.15384615384615385,19
1,6,23,0.09230769230769231,19
1,6,24,0.06153846153846154,19
1,6,25,0.06153846153846154,19
1,6,26,0.06153846153846154,19
1,6,27,0.03076923076923077,19
1,6,28,0.0,19
1,6,29,0.0,19
1,6,30,0.0,19
1,6,31,0.0,19
1,6,32,0.0,19
1,6,33,0.0,19
1,6,34,0.0,19
1,6,35,0.0,19
1,6,36,0.0,19
1,7,1,0.0625,5
1,7,2,0.0,5
1,7,3,0.0,5
1,7,4,0.0,5
1,7,5,0.1875,5
1,7,6,0.09375,5
1,7,7,0.0625,5
1,7,8,0.0,5
1,7,9,0.0,5
1,7,10,0.0,5
1,7,11,0.2142857142857143,4
1,7,12,0.14285714285714288,4
1,7,13,0.0,4
1,7,14,0.0,4
1,7,15,0.0,4
1,7,16,0.0,4
1,7,17,0.0,4
1,7,18,0.0,4
1,7,19,0.14285714285714288,4
1,7,20,0.0,4
1,7,21,0.0,4
1,7,22,0.0,4
1,7,23,0.0,4
1,7,24,0.07142857142857144,4
1,7,25,0.0,4
1,7,26,0.0,4
1,7,27,0.0,4
1,7,28,0.0,4
1,7,29,0.0,4
1,7,30,0.125,3
1,7,31,0.08333333333333333,3
1,7,32,0.0,3
1,7,33,0.0,3
1,7,34,0.0,3
1,7,35,0.0,2
1,7,36,0.0,2
1,16,1,0.13793103448275862,9
1,16,2,0.0,9
1,16,3,0.0,9
1,16,4,0.13793103448275862,9
1,16,5,0.06896551724137931,9
1,16,6,0.10344827586206896,9
1,16,7,0.06896551724137931,9
1,16,8,0.13793103448275862,9
1,16,9,0.06896551724137931,9
1,16,10,0.06896551724137931,9
1,16,11,0.20689655172413793,9
1,16,12,0.13793103448275862,9
1,16,13,0.017241379310344827,9
1,16,14,0.034482758620689655,9
1,16,15,0.13793103448275862,9
1,16,16,0.13793103448275862,9
1,16,17,0.034482758620689655,9
1,16,18,0.0,8
1,16,19,0.08,8
1,16,20,0.0,8
1,16,21,0.0,8
1,16,22,0.09523809523809523,7
1,16,23,0.047619047619047616,7
1,16,24,0.047619047619047616,7
1,16,25,0.0,7
1,16,26,0.09523809523809523,7
1,16,27,0.10526315789473684,6
1,16,28,0.0,6
1,16,29,0.21052631578947367,6
1,16,30,0.23684210526315788,6
1,16,31,0.0,6
1,16,32,0.0,6
1,16,33,0.0,5
1,16,34,0.0,4
1,16,35,0.09090909090909091,4
1,16,36,0.18181818181818182,4
1,17,1,0.0,3
1,17,2,0.0,3
1,17,3,0.0,3
1,17,4,0.0,3
1,17,5,0.0,3
1,17,6,0.0,3
1,17,7,0.25,3
1,17,8,0.0,3
1,17,9,0.0,3
1,17,10,0.0,3
1,17,11,0.0,3
1,17,12,0.0,3
1,17,13,0.0,3
1,17,14,0.0,3
1,17,15,0.0,3
1,17,16,0.0,3
1,17,17,0.0,2
1,17,18,0.0,2
1,17,19,0.0,2
1,17,20,0.0,2
1,17,21,0.0,2
1,17,22,0.0,2
1,17,23,0.0,2
1,17,24,0.0,1
1,17,25,0.0,1
1,17,26,0.0,1
1,17,27,0.0,1
1,17,28,0.0,1
1,17,29,1.0,1
1,17,30,0.0,1
1,17,31,0.0,1
1,17,32,0.0,1
1,17,33,0.0,1
1,17,34,0.0,1
1,17,35,0.0,1
1,17,36,0.5,1
1,18,1,0.20588235294117643,15
1,18,2,0.2279411764705882,15
1,18,3,0.15441176470588233,15
1,18,4,0.1764705882352941,15
1,18,5,0.29838709677419356,14
1,18,6,0.16964285714285712,13
1,18,7,0.3113207547169811,12
1,18,8,0.45283018867924524,12
1,18,9,0.1509433962264151,12
1,18,10,0.3,11
1,18,11,0.0625,10
1,18,12,0.13333333333333333,9
1,18,13,0.3076923076923077,8
1,18,14,0.1794871794871795,8
1,18,15,0.4090909090909091,7
1,18,16,0.2727272727272727,7
1,18,17,0.1515151515151515,7
1,18,18,0.3181818181818182,7
1,18,19,0.18181818181818182,7
1,18,20,0.3888888888888889,6
1,18,21,0.3703703703703704,6
1,18,22,0.2777777777777778,6
1,18,23,0.5555555555555556,6
1,18,24,0.2222222222222222,6
1,18,25,0.2708333333333333,5
1,18,26,0.3125,5
1,18,27,0.16666666666666666,5
1,18,28,0.4166666666666667,4
1,18,29,0.16666666666666666,4
1,18,30,0.3333333333333333,4
1,18,31,0.5833333333333334,4
1,18,32,0.2,3
1,18,33,0.2,3
1,18,34,0.0,3
1,18,35,0.0,3
1,18,36,0.6666666666666666,2
10,1,1,0.20833333333333334,13
10,1,2,0.13636363636363635,12
10,1,3,0.22727272727272727,12
10,1,4,0.09090909090909091,12
10,1,5,0.3181818181818182,12
10,1,6,0.09090909090909091,12
10,1,7,0.22727272727272727,12
10,1,8,0.045454545454545456,12
10,1,9,0.022727272727272728,12
10,1,10,0.09090909090909091,12
10,1,11,0.0,12
10,1,12,0.45454545454545453,12
10,1,13,0.18181818181818182,12
10,1,14,0.045454545454545456,12
10,1,15,0.09090909090909091,12
10,1,16,0.09090909090909091,12
10,1,17,0.3181818181818182,12
10,1,18,0.1,11
10,1,19,0.3333333333333333,10
10,1,20,0.1111111111111111,10
10,1,21,0.0625,9
10,1,22,0.25,9
10,1,23,0.0,9
10,1,24,0.5,8
10,1,25,0.2857142857142857,8
10,1,26,0.07142857142857142,8
10,1,27,0.07142857142857142,8
10,1,28,0.0,8
10,1,29,0.35714285714285715,8
10,1,30,0.07142857142857142,8
10,1,31,0.16666666666666666,7
10,1,32,0.16666666666666666,7
10,1,33,0.08333333333333333,7
10,1,34,0.3333333333333333,7
10,1,35,0.16666666666666666,7
10,1,36,0.5,6
10,2,1,0.0,8
10,2,2,0.0,8
10,2,3,0.2857142857142857,8
10,2,4,0.0,8
10,2,5,0.047619047619047616,8
10,2,6,0.023809523809523808,8
10,2,7,0.0,7
10,2,8,0.11764705882352941,7
10,2,9,0.029411764705882353,7
10,2,10,0.0,6
10,2,11,0.0,6
10,2,12,0.0,6
10,2,13,0.0,6
10,2,14,0.0,6
10,2,15,0.07692307692307693,6
10,2,16,0.0,6
10,2,17,0.15384615384615385,6
10,2,18,0.0,6
10,2,19,0.0,6
10,2,20,0.15384615384615385,6
10,2,21,0.15384615384615385,6
10,2,22,0.0,6
10,2,23,0.07692307692307693,6
10,2,24,0.07692307692307693,6
10,2,25,0.0,6
10,2,26,0.07692307692307693,6
10,2,27,0.0,5
10,2,28,0.0,5
10,2,29,0.09090909090909091,5
10,2,30,0.09090909090909091,5
10,2,31,0.0,5
10,2,32,0.18181818181818182,5
10,2,33,0.05,4
10,2,34,0.0,4
10,2,35,0.2,4
10,2,36,0.2,4
10,6,1,0.3902439024390244,12
10,6,2,0.1951219512195122,12
10,6,3,0.1951219512195122,12
10,6,4,0.0975609756097561,12
10,6,5,0.0,12
10,6,6,0.10975609756097561,12
10,6,7,0.1951219512195122,12
10,6,8,0.1951219512195122,12
10,6,9,0.12162162162162163,11
10,6,10,0.10810810810810811,11
10,6,11,0.12121212121212122,10
10,6,12,0.13793103448275862,9
10,6,13,0.0,9
10,6,14,0.0,9
10,6,15,0.10344827586206896,9
10,6,16,0.13793103448275862,9
10,6,17,0.0,9
10,6,18,0.06896551724137931,9
10,6,19,0.06896551724137931,9
10,6,20,0.06896551724137931,9
10,6,21,0.034482758620689655,9
10,6,22,0.034482758620689655,9
10,6,23,0.0,9
10,6,24,0.034482758620689655,9
10,6,25,0.034482758620689655,9
10,6,26,0.06896551724137931,9
10,6,27,0.07407407407407407,8
10,6,28,0.1111111111111111,8
10,6,29,0.037037037037037035,8
10,6,30,0.07407407407407407,8
10,6,31,0.14814814814814814,8
10,6,32,0.0,8
10,6,33,0.07692307692307693,7
10,6,34,0.07692307692307693,7
10,6,35,0.11538461538461539,7
10,6,36,0.038461538461538464,7
10,16,1,0.0,3
10,16,2,0.0,3
10,16,3,0.3333333333333333,3
10,16,4,0.0,3
10,16,5,0.0,3
10,16,6,0.0,3
10,16,7,0.0,3
10,16,8,0.0,3
10,16,9,0.0,3
10,16,10,0.0,3
10,16,11,0.0,3
10,16,12,0.0,3
10,16,13,0.0,3
10,16,14,0.0,3
10,16,15,0.0,3
10,16,16,0.0,3
10,16,17,0.0,3
10,16,18,0.0,3
10,16,19,0.0,3
10,16,20,0.0,3
10,16,21,0.3333333333333333,3
10,16,22,0.0,3
10,16,23,0.0,3
10,16,24,0.3333333333333333,3
10,16,25,0.0,3
10,16,26,0.0,2
10,16,27,0.0,2
10,16,28,0.0,2
10,16,29,0.0,1
10,16,30,0.0,1
10,16,31,0.0,1
10,16,32,0.0,1
10,16,33,0.0,1
10,16,34,0.0,1
10,16,35,0.0,1
10,16,36,0.0,1
10,17,1,0.4144144144144144,33
10,17,2,0.44144144144144143,33
10,17,3,0.411214953271028,32
10,17,4,0.2616822429906542,32
10,17,5,0.3786407766990291,31
10,17,6,0.36633663366336633,30
10,17,7,0.46534653465346537,30
10,17,8,0.40404040404040403,29
10,17,9,0.3838383838383838,29
10,17,10,0.3333333333333333,29
10,17,11,0.3484848484848485,29
10,17,12,0.3333333333333333,29
10,17,13,0.36082474226804123,28
10,17,14,0.3655913978494624,27
10,17,15,0.4101123595505618,26
10,17,16,0.4,25
10,17,17,0.4567901234567901,24
10,17,18,0.4506172839506173,24
10,17,19,0.4567901234567901,24
10,17,20,0.38311688311688313,23
10,17,21,0.45454545454545453,23
10,17,22,0.4520547945205479,22
10,17,23,0.34782608695652173,21
10,17,24,0.5217391304347826,21
10,17,25,0.38405797101449274,21
10,17,26,0.4420289855072464,21
10,17,27,0.4420289855072464,21
10,17,28,0.391304347826087,21
10,17,29,0.4927536231884058,21
10,17,30,0.4153846153846154,20
10,17,31,0.5461538461538461,20
10,17,32,0.5081967213114754,19
10,17,33,0.4083333333333333,18
10,17,34,0.44642857142857145,17
10,17,35,0.40384615384615385,16
10,17,36,0.28846153846153844,16
10,18,1,0.0,4
10,18,2,0.0,4
10,18,3,0.25,4
10,18,4,0.0,3
10,18,5,0.0,3
10,18,6,0.0,3
10,18,7,0.0,3
10,18,8,0.0,3
10,18,9,0.0,3
10,18,10,0.0,3
10,18,11,0.0,3
10,18,12,0.0,3
10,18,13,0.0,3
10,18,14,0.0,3
10,18,15,0.0,3
10,18,16,0.0,3
10,18,17,0.0,3
10,18,18,0.0,3
10,18,19,0.0,3
10,18,20,0.0,3
10,18,21,0.6666666666666666,3
10,18,22,0.0,3
10,18,23,0.0,3
10,18,24,0.6666666666666666,3
10,18,25,0.0,2
10,18,26,0.0,2
10,18,27,0.0,2
10,18,28,0.0,1
10,18,29,0.0,1
10,18,30,0.0,1
10,18,31,0.0,1
10,18,32,0.0,1
10,18,33,0.0,1
10,18,34,0.0,1
10,18,35,0.0,1
10,18,36,0.0,1
11,1,1,0.20689655172413796,7
11,1,2,0.034482758620689655,7
11,1,3,0.10344827586206898,7
11,1,4,0.20689655172413796,7
11,1,5,0.10344827586206898,7
11,1,6,0.10344827586206898,7
11,1,7,0.0,7
11,1,8,0.05172413793103449,7
11,1,9,0.0,7
11,1,10,0.20689655172413796,7
11,1,11,0.20689655172413796,7
11,1,12,0.06896551724137931,7
11,1,13,0.0,7
11,1,14,0.20689655172413796,7
11,1,15,0.0,6
11,1,16,0.0,6
11,1,17,0.0,6
11,1,18,0.05,5
11,1,19,0.0,4
11,1,20,0.10714285714285715,4
11,1,21,0.0,4
11,1,22,0.14285714285714288,4
11,1,23,0.18181818181818182,3
11,1,24,0.27272727272727276,3
11,1,25,0.27272727272727276,3
11,1,26,0.09090909090909091,3
11,1,27,0.0,3
11,1,28,0.13636363636363638,3
11,1,29,0.0,2
11,1,30,0.0,2
11,1,31,0.0,2
11,1,32,0.0,2
11,1,33,0.0,2
11,1,34,0.0,2
11,1,35,0.0,2
11,1,36,0.0,2
11,2,1,0.21428571428571427,10
11,2,2,0.026785714285714284,10
11,2,3,0.0,10
11,2,4,0.017857142857142856,10
11,2,5,0.0,10
11,2,6,0.21428571428571427,10
11,2,7,0.3076923076923077,9
11,2,8,0.0,8
11,2,9,0.0,8
11,2,10,0.045454545454545456,8
11,2,11,0.045454545454545456,8
11,2,12,0.20454545454545456,8
11,2,13,0.3181818181818182,8
11,2,14,0.11363636363636363,8
11,2,15,0.09090909090909091,8
11,2,16,0.0,8
11,2,17,0.0,8
11,2,18,0.0,8
11,2,19,0.5454545454545454,8
11,2,20,0.3333333333333333,7
11,2,21,0.0,6
11,2,22,0.0,6
11,2,23,0.0,6
11,2,24,0.0,6
11,2,25,0.42857142857142855,6
11,2,26,0.5714285714285714,6
11,2,27,0.0,5
11,2,28,0.0,5
11,2,29,0.0,5
11,2,30,0.1,5
11,2,31,0.0,5
11,2,32,0.1,5
11,2,33,0.0,5
11,2,34,0.2,5
11,2,35,0.0,5
11,2,36,0.1,5
11,5,1,0.0,1
11,5,2,0.0,1
11,5,3,0.0,1
11,5,4,0.0,1
11,5,5,0.0,1
11,5,6,0.0,1
11,5,7,0.0,1
11,5,8,0.0,1
11,5,9,0.0,1
11,6,1,0.23809523809523808,13
11,6,2,0.10119047619047619,13
11,6,3,0.09523809523809523,13
11,6,4,0.30952380952380953,13
11,6,5,0.2619047619047619,13
11,6,6,0.23809523809523808,13
11,6,7,0.16666666666666666,13
11,6,8,0.11904761904761904,13
11,6,9,0.023809523809523808,13
11,6,10,0.14285714285714285,13
11,6,11,0.4166666666666667,13
11,6,12,0.14285714285714285,13
11,6,13,0.13095238095238096,13
11,6,14,0.19047619047619047,13
11,6,15,0.2619047619047619,13
11,6,16,0.14285714285714285,13
11,6,17,0.19047619047619047,13
11,6,18,0.14285714285714285,13
11,6,19,0.19047619047619047,13
11,6,20,0.047619047619047616,13
11,6,21,0.19047619047619047,13
11,6,22,0.14285714285714285,13
11,6,23,0.047619047619047616,13
11,6,24,0.023809523809523808,13
11,6,25,0.20238095238095238,13
11,6,26,0.11904761904761904,13
11,6,27,0.011904761904761904,13
11,6,28,0.0,13
11,6,29,0.0,13
11,6,30,0.09523809523809523,13
11,6,31,0.047619047619047616,13
11,6,32,0.1,12
11,6,33,0.05555555555555555,11
11,6,34,0.0,11
11,6,35,0.0,11
11,6,36,0.1111111111111111,11
11,12,1,0.0,4
11,12,2,0.0,4
11,12,3,0.0,4
11,12,4,0.0,4
11,12,5,0.0,4
11,12,6,0.0,3
11,12,7,0.0,3
11,12,8,0.0,3
11,12,9,0.0,3
11,12,10,0.0,3
11,12,11,0.0,3
11,12,12,0.0,3
11,12,13,0.0,3
11,12,14,0.0,3
11,12,15,0.0,3
11,12,16,0.0,3
11,12,17,0.0,3
11,12,18,0.0,3
11,12,19,0.6363636363636365,3
11,12,20,0.27272727272727276,3
11,12,21,0.0,3
11,12,22,0.0,3
11,12,23,0.0,3
11,12,24,0.0,3
11,12,25,0.0,2
11,12,26,0.0,2
11,12,27,0.0,2
11,12,28,0.0,2
11,12,29,0.0,2
11,12,30,0.0,2
11,12,31,0.0,2
11,12,32,0.0,2
11,12,33,0.0,2
11,12,34,0.0,2
11,12,35,0.0,2
11,12,36,0.0,2
11,17,1,0.3730769230769231,29
11,17,2,0.31988188976377957,28
11,17,3,0.2842741935483871,27
11,17,4,0.2603305785123967,26
11,17,5,0.22391304347826085,25
11,17,6,0.15434782608695652,25
11,17,7,0.22173913043478263,25
11,17,8,0.23043478260869565,25
11,17,9,0.2521739130434783,25
11,17,10,0.3304347826086957,25
11,17,11,0.37391304347826093,25
11,17,12,0.5173913043478261,25
11,17,13,0.3304347826086957,25
11,17,14,0.26605504587155965,24
11,17,15,0.2706422018348624,24
11,17,16,0.22330097087378642,23
11,17,17,0.23,22
11,17,18,0.275,22
11,17,19,0.32500000000000007,22
11,17,20,0.19000000000000003,22
11,17,21,0.37,22
11,17,22,0.38000000000000006,22
11,17,23,0.3516666666666667,22
11,17,24,0.31382978723404253,21
11,17,25,0.2872340425531915,21
11,17,26,0.2443181818181818,20
11,17,27,0.21590909090909088,20
11,17,28,0.2443181818181818,20
11,17,29,0.19318181818181818,20
11,17,30,0.28409090909090906,20
11,17,31,0.2443181818181818,20
11,17,32,0.20454545454545456,20
11,17,33,0.4090909090909091,20
11,17,34,0.34090909090909094,20
11,17,35,0.34756097560975613,19
11,17,36,0.3618421052631579,18
11,18,1,0.0,9
11,18,2,0.0,9
11,18,3,0.0,9
11,18,4,0.2692307692307692,9
11,18,5,0.15384615384615385,9
11,18,6,0.038461538461538464,9
11,18,7,0.0,8
11,18,8,0.08333333333333333,8
11,18,9,0.16666666666666666,8
11,18,10,0.08333333333333333,8
11,18,11,0.09090909090909091,7
11,18,12,0.09090909090909091,7
11,18,13,0.0,7
11,18,14,0.0,7
11,18,15,0.0,7
11,18,16,0.09090909090909091,7
11,18,17,0.18181818181818182,7
11,18,18,0.0,7
11,18,19,0.09090909090909091,7
11,18,20,0.09090909090909091,7
11,18,21,0.18181818181818182,7
11,18,22,0.09090909090909091,7
11,18,23,0.13636363636363635,7
11,18,24,0.0,7
11,18,25,0.0,7
11,18,26,0.2727272727272727,7
11,18,27,0.045454545454545456,7
11,18,28,0.045454545454545456,7
11,18,29,0.045454545454545456,7
11,18,30,0.2222222222222222,6
11,18,31,0.0,6
11,18,32,0.0,6
11,18,33,0.05555555555555555,6
11,18,34,0.0625,5
11,18,35,0.0,5
11,18,36,0.0,5
12,1,1,0.313953488372093,16
12,1,2,0.10465116279069768,16
12,1,3,0.13125,15
12,1,4,0.18750000000000003,15
12,1,5,0.2625,15
12,1,6,0.3875,15
12,1,7,0.30000000000000004,15
12,1,8,0.18750000000000003,15
12,1,9,0.11250000000000002,15
12,1,10,0.07500000000000001,15
12,1,11,0.11250000000000002,15
12,1,12,0.08750000000000001,15
12,1,13,0.2,15
12,1,14,0.35000000000000003,15
12,1,15,0.1375,15
12,1,16,0.0,14
12,1,17,0.0,13
12,1,18,0.17647058823529413,13
12,1,19,0.29411764705882354,13
12,1,20,0.4117647058823529,13
12,1,21,0.24193548387096778,12
12,1,22,0.2142857142857143,11
12,1,23,0.18000000000000002,10
12,1,24,0.18000000000000002,10
12,1,25,0.24000000000000005,10
12,1,26,0.42000000000000004,10
12,1,27,0.4772727272727273,9
12,1,28,0.4772727272727273,9
12,1,29,0.34090909090909094,9
12,1,30,0.0,8
12,1,31,0.07894736842105264,8
12,1,32,0.2368421052631579,8
12,1,33,0.5263157894736843,8
12,1,34,0.3684210526315789,8
12,1,35,0.15789473684210528,8
12,1,36,0.0,7
12,2,1,0.0,1
12,2,2,0.0,1
12,2,3,0.0,1
12,2,4,0.0,1
12,2,5,0.0,1
12,2,6,0.0,1
12,2,7,0.0,1
12,2,8,0.0,1
12,2,9,0.0,1
12,2,10,0.0,1
12,2,11,0.0,1
12,2,12,0.0,1
12,2,13,0.0,1
12,2,14,0.0,1
12,2,15,0.0,1
12,2,16,0.0,1
12,2,17,0.0,1
12,2,18,0.0,1
12,2,19,0.0,1
12,2,20,0.0,1
12,2,21,0.0,1
12,2,22,0.0,1
12,2,23,0.0,1
12,2,24,0.0,1
12,2,25,0.0,1
12,2,26,0.0,1
12,2,27,0.0,1
12,2,28,0.0,1
12,2,29,0.0,1
12,2,30,0.0,1
12,2,31,0.0,1
12,2,32,0.0,1
12,2,33,0.0,1
12,2,34,0.0,1
12,2,35,0.0,1
12,2,36,0.0,1
12,5,1,0.0,2
12,5,2,0.0,1
12,5,3,0.0,1
12,5,4,0.0,1
12,5,5,0.0,1
12,5,6,0.0,1
12,5,7,0.0,1
12,5,8,0.0,1
12,5,9,0.0,1
12,5,10,0.0,1
12,5,11,0.0,1
12,5,12,0.0,1
12,5,13,0.0,1
12,5,14,0.0,1
12,5,15,0.0,1
12,5,16,0.0,1
12,5,17,0.0,1
12,5,18,0.0,1
12,5,19,0.0,1
12,5,20,0.0,1
12,5,21,0.0,1
12,5,22,0.0,1
12,5,23,0.0,1
12,5,24,0.0,1
12,5,25,0.0,1
12,5,26,0.0,1
12,5,27,0.0,1
12,5,28,0.0,1
12,5,29,0.0,1
12,5,30,0.0,1
12,5,31,0.0,1
12,5,32,0.0,1
12,5,33,0.0,1
12,5,34,0.0,1
12,5,35,0.0,1
12,5,36,0.0,1
12,6,1,0.0,4
12,6,2,0.0,4
12,6,3,0.0,4
12,6,4,0.0,4
12,6,5,0.0,4
12,6,6,0.0,4
12,6,7,0.0,4
12,6,8,0.0,4
12,6,9,0.3333333333333333,4
12,6,10,0.0,4
12,6,11,0.0,4
12,6,12,0.0,4
12,6,13,0.0,4
12,6,14,0.16666666666666666,4
12,6,15,0.0,4
12,6,16,0.0,4
12,6,17,0.0,4
12,6,18,0.0,4
12,6,19,0.0,4
12,6,20,0.0,3
12,6,21,0.0,3
12,6,22,0.0,3
12,6,23,0.2,3
12,6,24,0.0,3
12,6,25,0.0,3
12,6,26,0.0,3
12,6,27,0.0,3
12,6,28,0.2,3
12,6,29,0.0,3
12,6,30,0.0,3
12,6,31,0.0,3
12,6,32,0.0,3
12,6,33,0.0,3
12,6,34,0.0,2
12,6,35,0.0,2
12,6,36,0.0,2
12,7,1,0.0,1
12,7,2,0.0,1
12,7,3,0.0,1
12,7,4,0.0,1
12,7,5,0.0,1
12,7,6,0.0,1
12,7,7,0.0,1
12,7,8,0.0,1
12,7,9,0.0,1
12,7,10,0.0,1
12,7,11,0.0,1
12,7,12,0.0,1
12,7,13,0.0,1
12,7,14,0.0,1
12,7,15,0.0,1
12,7,16,0.0,1
12,7,17,0.0,1
12,7,18,0.0,1
12,7,19,0.0,1
12,7,20,0.0,1
12,7,21,0.0,1
12,7,22,0.0,1
12,7,23,0.0,1
12,7,24,0.0,1
12,7,25,0.0,1
12,7,26,0.0,1
12,7,27,0.0,1
12,7,28,0.0,1
12,7,29,0.0,1
12,7,30,0.0,1
12,7,31,0.0,1
12,7,32,0.0,1
12,7,33,0.0,1
12,7,34,0.0,1
12,7,35,0.0,1
12,7,36,0.0,1
12,12,1,0.08333333333333333,13
12,12,2,0.125,13
12,12,3,0.20833333333333334,13
12,12,4,0.20833333333333334,13
12,12,5,0.0,13
12,12,6,0.125,13
12,12,7,0.3333333333333333,13
12,12,8,0.041666666666666664,13
12,12,9,0.0,12
12,12,10,0.13636363636363635,12
12,12,11,0.2727272727272727,12
12,12,12,0.0,11
12,12,13,0.2631578947368421,10
12,12,14,0.10526315789473684,10
12,12,15,0.23529411764705882,9
12,12,16,0.0,9
12,12,17,0.11764705882352941,9
12,12,18,0.11764705882352941,9
12,12,19,0.0,8
12,12,20,0.26666666666666666,8
12,12,21,0.06666666666666667,8
12,12,22,0.26666666666666666,8
12,12,23,0.06666666666666667,8
12,12,24,0.26666666666666666,8
12,12,25,0.0,8
12,12,26,0.38461538461538464,7
12,12,27,0.15384615384615385,7
12,12,28,0.23076923076923078,7
12,12,29,0.15384615384615385,7
12,12,30,0.15384615384615385,7
12,12,31,0.15384615384615385,7
12,12,32,0.15384615384615385,7
12,12,33,0.15384615384615385,7
12,12,34,0.0,7
12,12,35,0.3076923076923077,7
12,12,36,0.07692307692307693,7
12,16,1,0.0,1
12,16,2,0.0,1
12,16,3,0.0,1
12,16,4,0.0,1
12,16,5,0.0,1
12,16,6,0.0,1
12,16,7,0.0,1
12,16,8,0.0,1
12,16,9,0.0,1
12,16,10,0.0,1
12,16,11,0.0,1
12,16,12,0.0,1
12,16,13,0.0,1
12,16,14,0.0,1
12,16,15,0.0,1
12,16,16,0.0,1
12,16,17,0.0,1
12,16,18,0.0,1
12,16,19,0.0,1
12,16,20,0.0,1
12,16,21,0.0,1
12,16,22,0.0,1
12,16,23,0.0,1
12,16,24,0.0,1
12,16,25,0.0,1
12,16,26,0.0,1
12,16,27,0.0,1
12,16,28,0.0,1
12,17,1,0.3666666666666667,25
12,17,2,0.23846153846153845,25
12,17,3,0.4346153846153846,25
12,17,4,0.4435483870967743,24
12,17,5,0.3220338983050848,23
12,17,6,0.2033898305084746,23
12,17,7,0.34821428571428575,22
12,17,8,0.28301886792452835,21
12,17,9,0.22641509433962267,21
12,17,10,0.21359223300970878,20
12,17,11,0.22330097087378645,20
12,17,12,0.2864077669902913,20
12,17,13,0.18000000000000002,19
12,17,14,0.2872340425531915,18
12,17,15,0.3351063829787234,18
12,17,16,0.11702127659574468,18
12,17,17,0.23404255319148937,18
12,17,18,0.1931818181818182,17
12,17,19,0.36363636363636365,17
12,17,20,0.19318181818181818,17
12,17,21,0.09090909090909091,17
12,17,22,0.32386363636363635,17
12,17,23,0.27272727272727276,17
12,17,24,0.22727272727272727,17
12,17,25,0.15294117647058822,16
12,17,26,0.3647058823529412,16
12,17,27,0.4352941176470588,16
12,17,28,0.30588235294117644,16
12,17,29,0.36470588235294116,16
12,17,30,0.32941176470588235,16
12,17,31,0.3764705882352941,16
12,17,32,0.45569620253164544,15
12,17,33,0.34246575342465746,14
12,17,34,0.363013698630137,14
12,17,35,0.28169014084507044,13
12,17,36,0.34782608695652173,12
12,18,1,0.0,4
12,18,2,0.0,4
12,18,3,0.0,4
12,18,4,0.0,4
12,18,5,0.0,4
12,18,6,0.0,4
12,18,7,0.0,4
12,18,8,0.0,4
12,18,9,0.15384615384615385,4
12,18,10,0.0,4
12,18,11,0.15384615384615385,4
12,18,12,0.0,4
12,18,13,0.0,4
12,18,14,0.0,4
12,18,15,0.0,4
12,18,16,0.0,4
12,18,17,0.0,4
12,18,18,0.05128205128205128,4
12,18,19,0.0,4
12,18,20,0.23076923076923078,4
12,18,21,0.0,4
12,18,22,0.0,4
12,18,23,0.0,4
12,18,24,0.0,3
12,18,25,0.0,3
12,18,26,0.0,3
12,18,27,0.0,3
12,18,28,0.0,3
12,18,29,0.28571428571428575,3
12,18,30,0.0,3
12,18,31,0.0,3
12,18,32,0.0,3
12,18,33,0.0,3
12,18,34,0.0,3
12,18,35,0.0,2
12,18,36,0.0,2
13,1,1,0.0,5
13,1,2,0.0,5
13,1,3,0.30000000000000004,5
13,1,4,0.0,5
13,1,5,0.0,5
13,1,6,0.0,5
13,1,7,0.0,5
13,1,8,0.0,5
13,1,9,0.0,5
13,1,10,0.0,5
13,1,11,0.1,5
13,1,12,0.0,5
13,1,13,0.0,5
13,1,14,0.175,5
13,1,15,0.0,5
13,1,16,0.0,5
13,1,17,0.0,5
13,1,18,0.0,5
13,1,19,0.05,5
13,1,20,0.0,5
13,1,21,0.0,5
13,1,22,0.0,5
13,1,23,0.0,4
13,1,24,0.0,4
13,1,25,0.0,4
13,1,26,0.0,3
13,1,27,0.0,3
13,1,28,0.0,3
13,1,29,0.0,3
13,1,30,0.375,3
13,1,31,0.0,3
13,1,32,0.0,3
13,1,33,0.5,3
13,1,34,0.0,3
13,1,35,0.0,3
13,1,36,0.0,3
13,2,1,0.0,7
13,2,2,0.0,7
13,2,3,0.21052631578947367,7
13,2,4,0.05263157894736842,7
13,2,5,0.0,7
13,2,6,0.10526315789473684,7
13,2,7,0.0,7
13,2,8,0.0,7
13,2,9,0.0,7
13,2,10,0.23684210526315788,7
13,2,11,0.0,7
13,2,12,0.05263157894736842,7
13,2,13,0.23529411764705882,6
13,2,14,0.029411764705882353,6
13,2,15,0.058823529411764705,6
13,2,16,0.11764705882352941,6
13,2,17,0.0,5
13,2,18,0.0,5
13,2,19,0.13333333333333333,5
13,2,20,0.0,5
13,2,21,0.0,5
13,2,22,0.13333333333333333,5
13,2,23,0.0,5
13,2,24,0.0,5
13,2,25,0.2,5
13,2,26,0.13333333333333333,5
13,2,27,0.0,4
13,2,28,0.0,4
13,2,29,0.14285714285714285,4
13,2,30,0.0,4
13,2,31,0.03571428571428571,4
13,2,32,0.0,4
13,2,33,0.0,4
13,2,34,0.0,4
13,2,35,0.14285714285714285,4
13,2,36,0.0,4
13,5,1,0.2222222222222222,6
13,5,2,0.07142857142857142,5
13,5,3,0.0,5
13,5,4,0.14285714285714285,5
13,5,5,0.0,5
13,5,6,0.0,5
13,5,7,0.0,5
13,5,8,0.14285714285714285,5
13,5,9,0.0,5
13,5,10,0.14285714285714285,5
13,5,11,0.0,5
13,5,12,0.2857142857142857,5
13,5,13,0.2857142857142857,5
13,5,14,0.0,4
13,5,15,0.0,4
13,5,16,0.0,4
13,5,17,0.0,4
13,5,18,0.0,4
13,5,19,0.0,4
13,5,20,0.2,4
13,5,21,0.2,4
13,5,22,0.25,3
13,5,23,0.25,3
13,5,24,0.0,2
13,5,25,0.0,2
13,5,26,0.0,2
13,5,27,0.3333333333333333,2
13,5,28,0.0,2
13,5,29,0.3333333333333333,2
13,5,30,0.0,2
13,5,31,0.16666666666666666,2
13,5,32,0.0,2
13,5,33,0.16666666666666666,2
13,5,34,0.0,2
13,5,35,0.0,2
13,5,36,0.0,2
13,6,1,0.0,3
13,6,2,0.0,3
13,6,3,0.0,3
13,6,4,0.0,3
13,6,5,0.0,3
13,6,6,0.0,3
13,6,7,0.1,3
13,6,8,0.0,3
13,6,9,0.0,3
13,6,10,0.0,3
13,6,11,0.0,3
13,6,12,0.0,3
13,6,13,0.0,3
13,6,14,0.0,3
13,6,15,0.0,3
13,6,16,0.0,3
13,6,17,0.0,3
13,6,18,0.0,3
13,6,19,0.0,3
13,6,20,0.0,3
13,6,21,0.0,3
13,6,22,0.0,3
13,6,23,0.0,3
13,6,24,0.0,3
13,6,25,0.0,3
13,6,26,0.2,3
13,6,27,0.0,2
13,6,28,0.0,2
13,6,29,0.0,2
13,6,30,0.0,2
13,6,31,0.0,2
13,6,32,0.0,2
13,6,33,0.125,2
13,6,34,0.0,1
13,6,35,0.0,1
13,6,36,0.0,1
13,7,1,0.1,4
13,7,2,0.0,4
13,7,3,0.0,4
13,7,4,0.0,4
13,7,5,0.0,4
13,7,6,0.0,3
13,7,7,0.0,3
13,7,8,0.0,3
13,7,9,0.0,3
13,7,10,0.16666666666666666,3
13,7,11,0.16666666666666666,3
13,7,12,0.0,3
13,7,13,0.0,3
13,7,14,0.3333333333333333,3
13,7,15,0.3333333333333333,3
13,7,16,0.0,3
13,7,17,0.0,3
13,7,18,0.0,3
13,7,19,0.0,3
13,7,20,0.0,2
13,7,21,0.0,1
13,7,22,0.0,1
13,7,23,0.0,1
13,7,24,0.0,1
13,7,25,1.0,1
13,7,26,0.0,1
13,7,27,0.0,1
13,7,28,0.0,1
13,7,29,0.0,1
13,7,30,0.0,1
13,12,1,0.0,3
13,12,2,0.0,3
13,12,3,0.0,3
13,12,4,0.0,3
13,12,5,0.0,3
13,12,6,0.2,3
13,12,7,0.0,3
13,12,8,0.0,3
13,12,9,0.2,3
13,12,10,0.0,3
13,12,11,0.0,3
13,12,12,0.0,3
13,12,13,0.0,3
13,12,14,0.0,3
13,12,15,0.6666666666666666,2
13,12,16,0.0,2
13,12,17,0.0,2
13,12,18,0.0,2
13,12,19,0.0,2
13,12,20,0.0,2
13,12,21,0.0,2
13,12,22,0.0,2
13,12,23,0.0,2
13,12,24,0.0,1
13,12,25,0.0,1
13,12,26,0.0,1
13,12,27,0.0,1
13,12,28,0.0,1
13,12,29,0.0,1
13,15,1,0.0,1
13,15,2,0.0,1
13,15,3,0.0,1
13,15,4,0.0,1
13,15,5,0.0,1
13,15,6,0.0,1
13,15,7,0.0,1
13,15,8,0.0,1
13,15,9,0.0,1
13,15,10,0.0,1
13,15,11,0.0,1
13,15,12,0.0,1
13,15,13,0.0,1
13,15,14,0.0,1
13,15,15,0.0,1
13,15,16,0.0,1
13,15,17,0.0,1
13,15,18,0.0,1
13,15,19,0.0,1
13,15,20,0.0,1
13,15,21,0.0,1
13,15,22,0.0,1
13,15,23,0.0,1
13,15,24,0.0,1
13,15,25,0.0,1
13,15,26,0.0,1
13,15,27,0.0,1
13,15,28,0.0,1
13,15,29,0.0,1
13,15,30,0.0,1
13,16,1,0.0,2
13,16,2,0.0,2
13,16,3,0.0,2
13,16,4,0.0,2
13,16,5,0.0,2
13,16,6,0.0,2
13,16,7,0.0,2
13,16,8,0.0,2
13,16,9,0.0,2
13,16,10,0.0,2
13,16,11,0.0,2
13,16,12,0.0,2
13,16,13,0.0,2
13,16,14,0.0,2
13,16,15,0.0,2
13,16,16,0.0,2
13,16,17,0.0,2
13,16,18,0.0,2
13,16,19,0.0,1
13,16,20,0.0,1
13,16,21,0.0,1
13,16,22,0.0,1
13,16,23,0.0,1
13,16,24,0.0,1
13,16,25,0.0,1
13,16,26,0.0,1
13,16,27,0.0,1
13,16,28,0.0,1
13,16,29,0.0,1
13,16,30,0.0,1
13,16,31,0.0,1
13,16,32,0.0,1
13,16,33,0.0,1
13,16,34,0.0,1
13,16,35,0.0,1
13,16,36,0.0,1
13,17,1,0.4472140762463343,37
13,17,2,0.29325513196480935,37
13,17,3,0.4105571847507332,37
13,17,4,0.44281524926686217,37
13,17,5,0.38145896656534956,36
13,17,6,0.3586626139817629,36
13,17,7,0.3404255319148936,36
13,17,8,0.34055727554179566,35
13,17,9,0.3823529411764706,35
13,17,10,0.3553054662379421,34
13,17,11,0.36454849498327757,33
13,17,12,0.3797909407665505,32
13,17,13,0.44306049822064064,31
13,17,14,0.34519572953736655,31
13,17,15,0.3345195729537367,31
13,17,16,0.3197026022304833,30
13,17,17,0.4030418250950571,29
13,17,18,0.4007782101167315,28
13,17,19,0.4455252918287938,28
13,17,20,0.4182879377431907,28
13,17,21,0.4046692607003892,28
13,17,22,0.43824701195219123,27
13,17,23,0.43625498007968133,27
13,17,24,0.47410358565737054,27
13,17,25,0.36122733612273367,26
13,17,26,0.37238493723849375,26
13,17,27,0.40254237288135597,25
13,17,28,0.39130434782608703,24
13,17,29,0.2844036697247707,23
13,17,30,0.37385321100917435,23
13,17,31,0.35550458715596334,23
13,17,32,0.4271844660194175,22
13,17,33,0.470873786407767,22
13,17,34,0.3131067961165049,22
13,17,35,0.4123711340206186,21
13,17,36,0.543956043956044,20
13,18,1,0.15000000000000002,6
13,18,2,0.05,6
13,18,3,0.10714285714285715,5
13,18,4,0.27272727272727276,4
13,18,5,0.0,4
13,18,6,0.0,4
13,18,7,0.0,3
13,18,8,0.0,3
13,18,9,0.0,3
13,18,10,0.0,3
13,18,11,0.0,3
13,18,12,0.0,3
13,18,13,0.0,3
13,18,14,0.0,3
13,18,15,0.0,3
13,18,16,0.0,3
13,18,17,0.0,3
13,18,18,0.0,3
13,18,19,0.0,3
13,18,20,0.0,3
13,18,21,0.0,3
13,18,22,0.0,3
13,18,23,0.0,3
13,18,24,0.0,3
13,18,25,0.0,3
13,18,26,0.1875,3
13,18,27,0.0,3
13,18,28,0.0,3
13,18,29,0.3125,3
13,18,30,0.375,3
13,18,31,0.1875,3
13,18,32,0.0,3
13,18,33,0.0,2
13,18,34,0.0,2
13,18,35,0.0,2
13,18,36,0.0,2
14,2,1,0.0,3
14,2,2,0.2857142857142857,3
14,2,3,0.0,3
14,2,4,0.0,3
14,2,5,0.0,3
14,2,6,0.0,3
14,2,7,0.0,3
14,2,8,0.0,3
14,2,9,0.0,3
14,2,10,0.0,3
14,2,11,0.0,3
14,2,12,0.0,3
14,2,13,0.0,3
14,2,14,0.0,3
14,2,15,0.0,3
14,2,16,0.0,3
14,2,17,0.0,3
14,2,18,0.0,3
14,2,19,0.0,2
14,2,20,0.0,2
14,2,21,0.0,2
14,2,22,0.0,2
14,2,23,0.0,2
14,2,24,0.0,2
14,2,25,0.0,2
14,2,26,0.0,2
14,2,27,0.0,2
14,2,28,0.0,2
14,2,29,0.0,2
14,2,30,0.16666666666666666,2
14,2,31,0.0,2
14,2,32,0.08333333333333333,2
14,2,33,0.0,2
14,2,34,0.0,2
14,2,35,0.0,2
14,2,36,0.0,2
14,3,1,0.0,1
14,3,2,0.0,1
14,3,3,0.0,1
14,3,4,0.0,1
14,3,5,0.0,1
14,3,6,0.0,1
14,3,7,0.0,1
14,3,8,0.0,1
14,3,9,0.0,1
14,3,10,0.0,1
14,3,11,0.0,1
14,3,12,0.0,1
14,3,13,0.0,1
14,3,14,0.0,1
14,3,15,0.0,1
14,3,16,0.0,1
14,3,17,0.0,1
14,3,18,0.0,1
14,3,19,0.0,1
14,3,20,0.0,1
14,3,21,0.0,1
14,4,1,0.0,1
14,4,2,0.0,1
14,4,3,0.0,1
14,4,4,0.0,1
14,4,5,0.0,1
14,4,6,0.0,1
14,4,7,0.0,1
14,4,8,0.0,1
14,4,9,0.0,1
14,4,10,0.0,1
14,4,11,0.0,1
14,4,12,0.0,1
14,4,13,0.0,1
14,4,14,0.0,1
14,4,15,0.0,1
14,4,16,0.0,1
14,4,17,0.0,1
14,4,18,0.0,1
14,4,19,0.0,1
14,4,20,0.0,1
14,4,21,0.0,1
14,4,22,0.0,1
14,4,23,0.0,1
14,4,24,0.0,1
14,4,25,0.0,1
14,4,26,0.0,1
14,4,27,0.0,1
14,4,28,0.0,1
14,4,29,0.0,1
14,4,30,0.0,1
14,4,31,0.0,1
14,4,32,0.0,1
14,4,33,0.0,1
14,4,34,0.0,1
14,4,35,0.0,1
14,4,36,0.0,1
14,5,1,0.24390243902439024,9
14,5,2,0.08571428571428572,8
14,5,3,0.14285714285714285,8
14,5,4,0.39999999999999997,8
14,5,5,0.15625,7
14,5,6,0.0,6
14,5,7,0.26666666666666666,6
14,5,8,0.3333333333333333,6
14,5,9,0.0625,5
14,5,10,0.0,5
14,5,11,0.25,5
14,5,12,0.375,5
14,5,13,0.16666666666666666,4
14,5,14,0.1,3
14,5,15,0.2,3
14,5,16,0.2,3
14,5,17,0.4,3
14,5,18,0.0,3
14,5,19,0.2,3
14,5,20,0.0,3
14,5,21,0.4,3
14,5,22,0.06666666666666667,3
14,5,23,0.1,3
14,5,24,0.13333333333333333,3
14,5,25,0.2,3
14,5,26,0.2,3
14,5,27,0.2,3
14,5,28,0.5,2
14,5,29,0.5,2
14,5,30,0.0,1
14,5,31,0.0,1
14,5,32,0.0,1
14,5,33,0.0,1
14,5,34,0.0,1
14,5,35,0.0,1
14,5,36,0.0,1
14,6,1,0.0,4
14,6,2,0.0,4
14,6,3,0.16666666666666666,4
14,6,4,0.0,4
14,6,5,0.0,4
14,6,6,0.16666666666666666,4
14,6,7,0.0,4
14,6,8,0.0,4
14,6,9,0.3333333333333333,4
14,6,10,0.0,4
14,6,11,0.0,4
14,6,12,0.0,4
14,6,13,0.0,4
14,6,14,0.0,4
14,6,15,0.0,4
14,6,16,0.0,4
14,6,17,0.0,4
14,6,18,0.0,4
14,6,19,0.16666666666666666,4
14,6,20,0.0,4
14,6,21,0.0,4
14,6,22,0.0,4
14,6,23,0.0,4
14,6,24,0.0,4
14,6,25,0.08333333333333333,4
14,6,26,0.0,4
14,6,27,0.0,3
14,6,28,0.2,3
14,6,29,0.0,3
14,6,30,0.0,3
14,6,31,0.0,3
14,6,32,0.0,3
14,6,33,0.0,3
14,6,34,0.0,3
14,6,35,0.0,3
14,6,36,0.0,3
14,7,1,0.33653846153846156,16
14,7,2,0.09615384615384616,16
14,7,3,0.1201923076923077,16
14,7,4,0.09615384615384616,16
14,7,5,0.23076923076923078,16
14,7,6,0.23076923076923078,16
14,7,7,0.22115384615384615,16
14,7,8,0.2692307692307692,16
14,7,9,0.23076923076923078,16
14,7,10,0.17307692307692307,16
14,7,11,0.020833333333333332,15
14,7,12,0.09090909090909091,14
14,7,13,0.20454545454545456,14
14,7,14,0.18181818181818182,14
14,7,15,0.18181818181818182,14
14,7,16,0.18181818181818182,14
14,7,17,0.10227272727272728,14
14,7,18,0.09523809523809523,13
14,7,19,0.0975609756097561,12
14,7,20,0.012195121951219513,12
14,7,21,0.1891891891891892,11
14,7,22,0.19444444444444445,10
14,7,23,0.1388888888888889,10
14,7,24,0.1111111111111111,10
14,7,25,0.027777777777777776,10
14,7,26,0.08823529411764706,9
14,7,27,0.23529411764705882,9
14,7,28,0.11764705882352941,9
14,7,29,0.0,9
14,7,30,0.0,9
14,7,31,0.029411764705882353,9
14,7,32,0.3235294117647059,9
14,7,33,0.35294117647058826,9
14,7,34,0.20588235294117646,9
14,7,35,0.14705882352941177,9
14,7,36,0.08823529411764706,9
14,9,1,0.0,2
14,9,2,0.0,2
14,9,3,0.0,2
14,9,4,0.0,2
14,9,5,0.0,2
14,9,6,0.0,2
14,9,7,0.0,2
14,9,8,0.0,2
14,9,9,0.0,2
14,9,10,0.0,2
14,9,11,0.0,2
14,9,12,0.0,2
14,9,13,0.0,2
14,9,14,0.0,2
14,9,15,0.0,2
14,9,16,0.0,2
14,9,17,0.0,2
14,9,18,0.0,2
14,9,19,0.0,2
14,9,20,0.0,2
14,9,21,0.0,2
14,9,22,0.0,1
14,9,23,0.0,1
14,9,24,0.0,1
14,9,25,0.25,1
14,9,26,0.0,1
14,9,27,0.0,1
14,9,28,0.0,1
14,9,29,0.0,1
14,9,30,0.0,1
14,9,31,0.0,1
14,9,32,0.0,1
14,9,33,0.0,1
14,9,34,0.0,1
14,9,35,0.0,1
14,9,36,0.0,1
14,10,1,0.0,2
14,10,2,0.0,2
14,10,3,0.0,2
14,10,4,0.0,2
14,10,5,0.0,2
14,10,6,0.0,2
14,10,7,0.0,2
14,10,8,0.0,2
14,10,9,0.0,2
14,10,10,0.0,2
14,10,11,0.0,2
14,10,12,0.0,2
14,10,13,0.0,2
14,10,14,0.0,2
14,10,15,0.0,2
14,10,16,0.0,2
14,10,17,0.0,2
14,10,18,0.0,1
14,10,19,0.0,1
14,10,20,0.0,1
14,10,21,0.0,1
14,10,22,0.5,1
14,10,23,0.0,1
14,10,24,0.0,1
14,10,25,0.0,1
14,10,26,0.0,1
14,10,27,0.0,1
14,10,28,0.0,1
14,10,29,0.0,1
14,10,30,0.0,1
14,10,31,0.0,1
14,10,32,0.0,1
14,10,33,0.0,1
14,10,34,0.0,1
14,10,35,0.0,1
14,10,36,0.0,1
14,15,1,0.0,2
14,15,2,0.0,2
14,15,3,0.0,2
14,15,4,0.0,2
14,15,5,0.0,2
14,15,6,0.0,2
14,15,7,0.0,2
14,15,8,0.0,2
14,15,9,0.0,2
14,15,10,0.0,1
14,15,11,0.0,1
14,15,12,0.0,1
14,15,13,0.0,1
14,15,14,1.0,1
14,15,15,0.0,1
14,15,16,0.0,1
14,15,17,0.0,1
14,15,18,0.0,1
14,15,19,0.0,1
14,15,20,0.0,1
14,15,21,0.0,1
14,15,22,0.0,1
14,15,23,0.0,1
14,16,1,0.0,10
14,16,2,0.2,10
14,16,3,0.06666666666666667,10
14,16,4,0.1,10
14,16,5,0.0,10
14,16,6,0.2,10
14,16,7,0.1,10
14,16,8,0.26666666666666666,10
14,16,9,0.0,10
14,16,10,0.1,10
14,16,11,0.0,10
14,16,12,0.06666666666666667,10
14,16,13,0.0,10
14,16,14,0.2,10
14,16,15,0.06666666666666667,10
14,16,16,0.13333333333333333,10
14,16,17,0.03571428571428571,9
14,16,18,0.17857142857142858,9
14,16,19,0.0,9
14,16,20,0.16666666666666666,8
14,16,21,0.08333333333333333,8
14,16,22,0.20833333333333334,8
14,16,23,0.08333333333333333,8
14,16,24,0.0,8
14,16,25,0.125,8
14,16,26,0.16666666666666666,8
14,16,27,0.0,7
14,16,28,0.18181818181818182,7
14,16,29,0.045454545454545456,7
14,16,30,0.18181818181818182,7
14,16,31,0.09090909090909091,7
14,16,32,0.09090909090909091,7
14,16,33,0.09090909090909091,7
14,16,34,0.1,6
14,16,35,0.05,6
14,16,36,0.1,6
14,17,1,0.0,1
14,17,2,0.0,1
14,17,3,0.0,1
14,17,4,0.0,1
14,17,5,0.0,1
14,17,6,0.0,1
14,17,7,0.0,1
14,17,8,0.0,1
14,17,9,0.0,1
14,17,10,0.0,1
14,17,11,0.0,1
14,17,12,0.0,1
14,17,13,0.0,1
14,17,14,0.0,1
14,17,15,0.0,1
14,17,16,0.0,1
14,17,17,0.0,1
14,17,18,0.0,1
14,17,19,0.0,1
14,17,20,0.0,1
14,17,21,0.0,1
14,17,22,0.0,1
14,17,23,0.0,1
14,17,24,0.0,1
14,17,25,0.0,1
14,17,26,0.0,1
14,17,27,0.0,1
14,17,28,0.0,1
14,17,29,0.0,1
14,17,30,0.0,1
14,17,31,0.0,1
14,17,32,0.0,1
14,17,33,0.0,1
14,17,34,0.0,1
14,17,35,0.0,1
14,17,36,0.0,1
14,18,1,0.21472392638036808,19
14,18,2,0.2331288343558282,19
14,18,3,0.17549668874172186,18
14,18,4,0.2266187050359712,17
14,18,5,0.2158273381294964,17
14,18,6,0.08888888888888889,16
14,18,7,0.16279069767441862,15
14,18,8,0.23076923076923078,14
14,18,9,0.04273504273504273,14
14,18,10,0.2222222222222222,14
14,18,11,0.07692307692307693,14
14,18,12,0.16666666666666666,14
14,18,13,0.05982905982905983,14
14,18,14,0.1282051282051282,14
14,18,15,0.13513513513513514,13
14,18,16,0.05714285714285714,12
14,18,17,0.07142857142857142,12
14,18,18,0.08571428571428572,12
14,18,19,0.11764705882352941,11
14,18,20,0.20588235294117646,11
14,18,21,0.20588235294117646,11
14,18,22,0.17647058823529413,11
14,18,23,0.0,11
14,18,24,0.20588235294117646,11
14,18,25,0.17647058823529413,11
14,18,26,0.14705882352941177,11
14,18,27,0.33333333333333337,11
14,18,28,0.20588235294117646,11
14,18,29,0.5392156862745099,11
14,18,30,0.25490196078431376,11
14,18,31,0.24509803921568624,11
14,18,32,0.29411764705882354,11
14,18,33,0.23333333333333334,10
14,18,34,0.26666666666666666,10
14,18,35,0.3076923076923077,9
14,18,36,0.25,8
15,2,1,0.3867924528301887,13
15,2,2,0.1886792452830189,13
15,2,3,0.05660377358490567,13
15,2,4,0.0,13
15,2,5,0.05660377358490567,13
15,2,6,0.11320754716981134,13
15,2,7,0.0849056603773585,13
15,2,8,0.07547169811320756,13
15,2,9,0.11320754716981134,13
15,2,10,0.169811320754717,13
15,2,11,0.339622641509434,13
15,2,12,0.22641509433962267,13
15,2,13,0.0849056603773585,13
15,2,14,0.028301886792452834,13
15,2,15,0.0,13
15,2,16,0.03191489361702128,12
15,2,17,0.06382978723404256,12
15,2,18,0.0,12
15,2,19,0.06382978723404256,12
15,2,20,0.09574468085106383,12
15,2,21,0.14893617021276598,12
15,2,22,0.1595744680851064,12
15,2,23,0.19148936170212766,12
15,2,24,0.06382978723404256,12
15,2,25,0.09574468085106383,12
15,2,26,0.09574468085106383,12
15,2,27,0.06097560975609756,11
15,2,28,0.07894736842105264,10
15,2,29,0.0,10
15,2,30,0.07894736842105264,10
15,2,31,0.15789473684210528,10
15,2,32,0.21052631578947367,10
15,2,33,0.17105263157894737,10
15,2,34,0.17105263157894737,10
15,2,35,0.06578947368421052,10
15,2,36,0.08571428571428572,9
15,5,1,0.4444444444444444,4
15,5,2,0.41666666666666663,3
15,5,3,0.75,2
15,5,4,0.16666666666666666,2
15,5,5,1.0,1
15,5,6,1.0,1
15,5,7,0.3333333333333333,1
15,6,1,0.0,1
15,6,2,0.0,1
15,6,3,0.0,1
15,6,4,0.0,1
15,6,5,0.0,1
15,6,6,0.0,1
15,6,7,0.0,1
15,6,8,0.0,1
15,6,9,0.0,1
15,6,10,0.0,1
15,6,11,0.0,1
15,6,12,0.0,1
15,6,13,0.0,1
15,6,14,0.0,1
15,6,15,0.0,1
15,6,16,0.0,1
15,6,17,0.0,1
15,6,18,0.0,1
15,6,19,0.0,1
15,6,20,0.0,1
15,6,21,0.0,1
15,6,22,0.0,1
15,6,23,0.0,1
15,6,24,0.0,1
15,6,25,0.0,1
15,6,26,0.0,1
15,6,27,0.0,1
15,6,28,0.0,1
15,6,29,0.0,1
15,6,30,0.0,1
15,6,31,0.0,1
15,6,32,0.0,1
15,6,33,0.0,1
15,6,34,0.0,1
15,6,35,0.0,1
15,6,36,0.0,1
15,7,1,0.28358208955223885,16
15,7,2,0.15671641791044777,16
15,7,3,0.1492537313432836,16
15,7,4,0.11194029850746269,16
15,7,5,0.04477611940298508,16
15,7,6,0.08955223880597016,16
15,7,7,0.15671641791044777,16
15,7,8,0.31343283582089554,16
15,7,9,0.1865671641791045,16
15,7,10,0.3046875,15
15,7,11,0.234375,15
15,7,12,0.234375,15
15,7,13,0.10937499999999999,15
15,7,14,0.24218750000000003,15
15,7,15,0.125,15
15,7,16,0.0234375,15
15,7,17,0.08064516129032258,14
15,7,18,0.19354838709677422,14
15,7,19,0.1532258064516129,14
15,7,20,0.1774193548387097,14
15,7,21,0.14516129032258066,14
15,7,22,0.35593220338983056,13
15,7,23,0.22641509433962267,12
15,7,24,0.12765957446808512,11
15,7,25,0.0425531914893617,11
15,7,26,0.06382978723404256,11
15,7,27,0.0425531914893617,11
15,7,28,0.12765957446808512,11
15,7,29,0.12765957446808512,11
15,7,30,0.1595744680851064,11
15,7,31,0.07317073170731708,10
15,7,32,0.2142857142857143,9
15,7,33,0.08571428571428572,9
15,7,34,0.12643678160919541,8
15,7,35,0.08620689655172413,8
15,7,36,0.20689655172413796,8
15,9,1,0.0,1
15,9,2,0.0,1
15,9,3,0.0,1
15,9,4,0.0,1
15,9,5,0.0,1
15,9,6,0.0,1
15,9,7,0.0,1
15,9,8,0.0,1
15,9,9,0.0,1
15,9,10,0.0,1
15,9,11,0.0,1
15,9,12,0.0,1
15,9,13,0.0,1
15,9,14,0.0,1
15,9,15,0.0,1
15,9,16,0.0,1
15,10,1,0.0,1
15,10,2,0.0,1
15,10,3,0.0,1
15,10,4,0.0,1
15,10,5,0.0,1
15,10,6,0.0,1
15,10,7,0.0,1
15,10,8,0.0,1
15,10,9,0.0,1
15,10,10,0.0,1
15,10,11,0.0,1
15,10,12,0.0,1
15,10,13,0.0,1
15,10,14,0.0,1
15,10,15,0.0,1
15,10,16,0.0,1
15,10,17,0.0,1
15,10,18,0.0,1
15,10,19,0.0,1
15,10,20,0.0,1
15,10,21,0.0,1
15,10,22,0.0,1
15,10,23,0.0,1
15,10,24,0.0,1
15,10,25,0.0,1
15,10,26,0.0,1
15,10,27,0.0,1
15,10,28,0.0,1
15,10,29,0.0,1
15,10,30,0.0,1
15,10,31,0.0,1
15,10,32,0.0,1
15,10,33,0.0,1
15,10,34,0.0,1
15,10,35,0.0,1
15,10,36,0.0,1
15,15,1,0.0,1
15,15,2,0.0,1
15,15,3,0.0,1
15,15,4,0.0,1
15,15,5,0.0,1
15,15,6,0.0,1
15,15,7,0.0,1
15,15,8,0.0,1
15,15,9,0.0,1
15,15,10,0.0,1
15,15,11,0.0,1
15,15,12,0.0,1
15,15,13,0.0,1
15,15,14,0.0,1
15,15,15,0.0,1
15,15,16,0.0,1
15,15,17,0.0,1
15,15,18,0.0,1
15,15,19,0.0,1
15,15,20,0.0,1
15,15,21,0.0,1
15,15,22,0.0,1
15,15,23,0.0,1
15,15,24,0.0,1
15,15,25,0.0,1
15,15,26,0.0,1
15,15,27,0.0,1
15,15,28,0.0,1
15,15,29,0.0,1
15,15,30,0.0,1
15,15,31,0.0,1
15,15,32,0.0,1
15,15,33,0.0,1
15,15,34,0.0,1
15,15,35,0.0,1
15,15,36,0.0,1
15,16,1,0.4090909090909091,14
15,16,2,0.09090909090909091,14
15,16,3,0.045454545454545456,14
15,16,4,0.13636363636363635,14
15,16,5,0.1590909090909091,14
15,16,6,0.06818181818181818,14
15,16,7,0.09090909090909091,14
15,16,8,0.22727272727272727,14
15,16,9,0.3409090909090909,14
15,16,10,0.2727272727272727,14
15,16,11,0.125,13
15,16,12,0.0,12
15,16,13,0.10526315789473684,12
15,16,14,0.18421052631578946,12
15,16,15,0.05263157894736842,12
15,16,16,0.0,12
15,16,17,0.02631578947368421,12
15,16,18,0.1111111111111111,11
15,16,19,0.125,10
15,16,20,0.07142857142857142,9
15,16,21,0.0,9
15,16,22,0.0,9
15,16,23,0.14285714285714285,9
15,16,24,0.25,9
15,16,25,0.07142857142857142,9
15,16,26,0.0,9
15,16,27,0.21428571428571427,9
15,16,28,0.35714285714285715,9
15,16,29,0.2692307692307692,8
15,16,30,0.07692307692307693,8
15,16,31,0.07692307692307693,8
15,16,32,0.15384615384615385,8
15,16,33,0.07692307692307693,8
15,16,34,0.07692307692307693,8
15,16,35,0.11538461538461539,8
15,16,36,0.38461538461538464,8
15,17,1,0.23076923076923078,5
15,17,2,0.23076923076923078,5
15,17,3,0.0,5
15,17,4,0.23076923076923078,5
15,17,5,0.23076923076923078,5
15,17,6,0.23076923076923078,5
15,17,7,0.30000000000000004,4
15,17,8,0.0,4
15,17,9,0.0,3
15,17,10,0.0,3
15,17,11,0.0,3
15,17,12,0.0,3
15,17,13,0.0,2
15,17,14,0.0,1
15,17,15,0.0,1
15,17,16,0.0,1
15,17,17,0.0,1
15,17,18,0.0,1
15,17,19,0.0,1
15,17,20,0.0,1
15,17,21,0.0,1
15,17,22,0.0,1
15,17,23,0.0,1
15,17,24,0.0,1
15,17,25,0.0,1
15,17,26,0.0,1
15,17,27,0.0,1
15,17,28,0.0,1
15,17,29,0.0,1
15,17,30,0.0,1
15,17,31,0.0,1
15,17,32,0.0,1
15,17,33,0.0,1
15,17,34,0.0,1
15,17,35,1.0,1
15,17,36,1.0,1
15,18,1,0.05952380952380952,12
15,18,2,0.08730158730158731,12
15,18,3,0.023809523809523808,12
15,18,4,0.07692307692307693,11
15,18,5,0.23076923076923078,11
15,18,6,0.0,11
15,18,7,0.0,11
15,18,8,0.0,11
15,18,9,0.16666666666666666,11
15,18,10,0.23076923076923078,11
15,18,11,0.17948717948717946,11
15,18,12,0.07692307692307693,11
15,18,13,0.02564102564102564,11
15,18,14,0.10256410256410256,11
15,18,15,0.07692307692307693,11
15,18,16,0.02564102564102564,11
15,18,17,0.0,11
15,18,18,0.0,11
15,18,19,0.05128205128205128,11
15,18,20,0.17094017094017094,11
15,18,21,0.11538461538461539,11
15,18,22,0.13247863247863248,11
15,18,23,0.05128205128205128,11
15,18,24,0.05128205128205128,11
15,18,25,0.13888888888888887,10
15,18,26,0.1212121212121212,9
15,18,27,0.045454545454545456,9
15,18,28,0.0,9
15,18,29,0.0606060606060606,9
15,18,30,0.2222222222222222,8
15,18,31,0.12962962962962962,8
15,18,32,0.2222222222222222,8
15,18,33,0.0,8
15,18,34,0.14814814814814814,8
15,18,35,0.125,7
15,18,36,0.22916666666666666,7
16,2,1,0.2125984251968504,16
16,2,2,0.09448818897637797,16
16,2,3,0.2125984251968504,16
16,2,4,0.02362204724409449,16
16,2,5,0.07086614173228348,16
16,2,6,0.07874015748031496,16
16,2,7,0.16535433070866143,16
16,2,8,0.08267716535433071,16
16,2,9,0.14173228346456695,16
16,2,10,0.16535433070866143,16
16,2,11,0.015748031496062992,16
16,2,12,0.09448818897637797,16
16,2,13,0.09448818897637797,16
16,2,14,0.18897637795275593,16
16,2,15,0.17355371900826444,15
16,2,16,0.21900826446280988,15
16,2,17,0.21074380165289255,15
16,2,18,0.11009174311926605,14
16,2,19,0.3349514563106796,13
16,2,20,0.11650485436893203,13
16,2,21,0.0,13
16,2,22,0.11650485436893203,13
16,2,23,0.05339805825242718,13
16,2,24,0.07281553398058252,13
16,2,25,0.08737864077669902,13
16,2,26,0.17676767676767677,12
16,2,27,0.10606060606060606,12
16,2,28,0.06060606060606061,12
16,2,29,0.09090909090909091,12
16,2,30,0.06060606060606061,12
16,2,31,0.12121212121212122,12
16,2,32,0.057471264367816084,11
16,2,33,0.18666666666666665,10
16,2,34,0.391304347826087,9
16,2,35,0.11594202898550723,9
16,2,36,0.08695652173913043,9
16,5,1,0.3181818181818182,8
16,5,2,0.09090909090909091,8
16,5,3,0.1,7
16,5,4,0.125,6
16,5,5,0.16666666666666666,5
16,5,6,0.08333333333333333,5
16,5,7,0.0,5
16,5,8,0.2,4
16,5,9,0.4,4
16,5,10,0.5,4
16,5,11,0.3,4
16,5,12,0.0,4
16,5,13,0.0,3
16,5,14,0.0,2
16,5,15,0.0,2
16,5,16,0.3333333333333333,2
16,5,17,0.3333333333333333,2
16,5,18,0.0,2
16,5,19,0.6666666666666666,2
16,5,20,0.6666666666666666,2
16,5,21,0.3333333333333333,2
16,5,22,0.0,2
16,5,23,0.0,2
16,5,24,0.0,1
16,5,25,0.0,1
16,5,26,0.0,1
16,5,27,0.5,1
16,5,28,0.5,1
16,5,29,0.0,1
16,5,30,0.0,1
16,5,31,0.0,1
16,5,32,0.0,1
16,5,33,0.5,1
16,5,34,0.0,1
16,5,35,0.0,1
16,5,36,1.0,1
16,6,1,0.16666666666666666,5
16,6,2,0.25,5
16,6,3,0.08333333333333333,5
16,6,4,0.16666666666666666,5
16,6,5,0.08333333333333333,5
16,6,6,0.0,5
16,6,7,0.0,5
16,6,8,0.08333333333333333,5
16,6,9,0.0,5
16,6,10,0.08333333333333333,5
16,6,11,0.0,5
16,6,12,0.16666666666666666,5
16,6,13,0.08333333333333333,5
16,6,14,0.0,5
16,6,15,0.0,5
16,6,16,0.0,5
16,6,17,0.0,5
16,6,18,0.0,5
16,6,19,0.0,5
16,6,20,0.0,5
16,6,21,0.0,5
16,6,22,0.0,5
16,6,23,0.0,5
16,6,24,0.0,5
16,6,25,0.0,5
16,6,26,0.0,5
16,6,27,0.0,5
16,6,28,0.0,5
16,6,29,0.0,5
16,6,30,0.0,5
16,6,31,0.0,5
16,6,32,0.0,5
16,6,33,0.0,5
16,6,34,0.0,5
16,6,35,0.0,5
16,6,36,0.0,5
16,7,1,0.0,5
16,7,2,0.0,5
16,7,3,0.0,5
16,7,4,0.09302325581395347,5
16,7,5,0.09302325581395347,5
16,7,6,0.0,5
16,7,7,0.0,5
16,7,8,0.0,5
16,7,9,0.27906976744186046,5
16,7,10,0.0,5
16,7,11,0.0,5
16,7,12,0.13953488372093023,5
16,7,13,0.0,5
16,7,14,0.0,5
16,7,15,0.0,5
16,7,16,0.02325581395348837,5
16,7,17,0.0,5
16,7,18,0.0,5
16,7,19,0.0,5
16,7,20,0.0,5
16,7,21,0.0967741935483871,4
16,7,22,0.0,4
16,7,23,0.0,4
16,7,24,0.3870967741935484,4
16,7,25,0.0,4
16,7,26,0.0,3
16,7,27,0.0,3
16,7,28,0.14814814814814814,3
16,7,29,0.0,3
16,7,30,0.0,2
16,7,31,0.0,2
16,7,32,0.0,2
16,7,33,0.8,2
16,7,34,0.0,2
16,7,35,0.0,2
16,7,36,0.0,2
16,9,1,0.0,1
16,9,2,0.0,1
16,9,3,0.0,1
16,9,4,0.0,1
16,9,5,0.0,1
16,9,6,0.0,1
16,9,7,0.0,1
16,9,8,0.0,1
16,9,9,0.0,1
16,9,10,0.0,1
16,9,11,0.0,1
16,9,12,0.0,1
16,9,13,0.0,1
16,9,14,0.0,1
16,9,15,0.0,1
16,9,16,0.0,1
16,9,17,0.0,1
16,9,18,0.0,1
16,9,19,0.0,1
16,9,20,0.0,1
16,9,21,0.0,1
16,9,22,0.0,1
16,15,1,0.0,2
16,15,2,0.0,2
16,15,3,0.0,2
16,15,4,0.0,2
16,15,5,0.0,2
16,15,6,0.0,2
16,15,7,0.0,2
16,15,8,0.0,2
16,15,9,0.0,1
16,15,10,0.0,1
16,15,11,0.0,1
16,15,12,0.0,1
16,15,13,0.0,1
16,15,14,0.0,1
16,15,15,0.0,1
16,15,16,0.0,1
16,15,17,0.0,1
16,15,18,0.0,1
16,15,19,0.0,1
16,15,20,0.0,1
16,15,21,0.0,1
16,15,22,0.0,1
16,15,23,0.0,1
16,15,24,0.0,1
16,15,25,0.0,1
16,15,26,0.0,1
16,15,27,0.0,1
16,15,28,0.0,1
16,15,29,0.0,1
16,15,30,0.0,1
16,15,31,0.0,1
16,15,32,0.0,1
16,15,33,0.0,1
16,15,34,0.5,1
16,15,35,0.0,1
16,15,36,0.0,1
16,16,1,0.2,8
16,16,2,0.08571428571428572,8
16,16,3,0.05714285714285714,8
16,16,4,0.0,8
16,16,5,0.0,8
16,16,6,0.0,8
16,16,7,0.17142857142857143,8
16,16,8,0.38571428571428573,8
16,16,9,0.08571428571428572,8
16,16,10,0.0,8
16,16,11,0.0,8
16,16,12,0.0,8
16,16,13,0.0,8
16,16,14,0.0,8
16,16,15,0.08571428571428572,8
16,16,16,0.17142857142857143,8
16,16,17,0.0,8
16,16,18,0.0,8
16,16,19,0.0,8
16,16,20,0.0,7
16,16,21,0.0,7
16,16,22,0.0,6
16,16,23,0.0,5
16,16,24,0.08333333333333333,5
16,16,25,0.16666666666666666,5
16,16,26,0.0625,5
16,16,27,0.25,5
16,16,28,0.125,5
16,16,29,0.0,5
16,16,30,0.0,5
16,16,31,0.0,5
16,16,32,0.08333333333333333,5
16,16,33,0.16666666666666666,5
16,16,34,0.0625,5
16,16,35,0.25,5
16,16,36,0.125,5
16,17,1,0.15789473684210525,12
16,17,2,0.18421052631578946,12
16,17,3,0.10526315789473684,12
16,17,4,0.0,12
16,17,5,0.02631578947368421,12
16,17,6,0.18421052631578946,12
16,17,7,0.1111111111111111,11
16,17,8,0.027777777777777776,11
16,17,9,0.05555555555555555,11
16,17,10,0.0,10
16,17,11,0.11764705882352941,10
16,17,12,0.0,10
16,17,13,0.3125,9
16,17,14,0.125,9
16,17,15,0.3333333333333333,8
16,17,16,0.23076923076923078,7
16,17,17,0.0,7
16,17,18,0.07692307692307693,7
16,17,19,0.0,7
16,17,20,0.15384615384615385,7
16,17,21,0.23076923076923078,7
16,17,22,0.38461538461538464,7
16,17,23,0.07692307692307693,7
16,17,24,0.15384615384615385,7
16,17,25,0.07692307692307693,7
16,17,26,0.15384615384615385,7
16,17,27,0.23076923076923078,7
16,17,28,0.15384615384615385,7
16,17,29,0.07692307692307693,7
16,17,30,0.07692307692307693,7
16,17,31,0.09090909090909091,6
16,17,32,0.0,6
16,17,33,0.18181818181818182,6
16,17,34,0.0,6
16,17,35,0.2727272727272727,6
16,17,36,0.09090909090909091,6
16,18,1,0.30158730158730157,21
16,18,2,0.22950819672131148,20
16,18,3,0.16101694915254236,19
16,18,4,0.1694915254237288,19
16,18,5,0.13559322033898305,19
16,18,6,0.13559322033898305,19
16,18,7,0.1864406779661017,19
16,18,8,0.0847457627118644,19
16,18,9,0.0847457627118644,19
16,18,10,0.1694915254237288,19
16,18,11,0.3389830508474576,19
16,18,12,0.21052631578947367,18
16,18,13,0.18421052631578946,18
16,18,14,0.10909090909090909,17
16,18,15,0.2818181818181818,17
16,18,16,0.14545454545454545,17
16,18,17,0.18627450980392157,16
16,18,18,0.27450980392156865,16
16,18,19,0.1568627450980392,16
16,18,20,0.11764705882352941,16
16,18,21,0.11764705882352941,16
16,18,22,0.3333333333333333,16
16,18,23,0.21568627450980393,16
16,18,24,0.21568627450980393,16
16,18,25,0.30612244897959184,15
16,18,26,0.23469387755102042,15
16,18,27,0.23404255319148937,14
16,18,28,0.26744186046511625,13
16,18,29,0.21951219512195122,12
16,18,30,0.18292682926829268,12
16,18,31,0.0975609756097561,12
16,18,32,0.1951219512195122,12
16,18,33,0.2926829268292683,12
16,18,34,0.14634146341463414,12
16,18,35,0.10810810810810811,11
16,18,36,0.08108108108108109,11
17,2,1,0.0,11
17,2,2,0.2,11
17,2,3,0.1,11
17,2,4,0.06666666666666667,11
17,2,5,0.35,11
17,2,6,0.08333333333333333,11
17,2,7,0.26666666666666666,11
17,2,8,0.03333333333333333,11
17,2,9,0.0,11
17,2,10,0.15,11
17,2,11,0.08333333333333333,11
17,2,12,0.06666666666666667,11
17,2,13,0.06666666666666667,11
17,2,14,0.0,11
17,2,15,0.0,11
17,2,16,0.0,11
17,2,17,0.03571428571428571,10
17,2,18,0.0,10
17,2,19,0.0,10
17,2,20,0.0,10
17,2,21,0.0,10
17,2,22,0.03571428571428571,10
17,2,23,0.0,9
17,2,24,0.08333333333333333,9
17,2,25,0.0,9
17,2,26,0.08333333333333333,9
17,2,27,0.041666666666666664,9
17,2,28,0.1956521739130435,8
17,2,29,0.08695652173913043,8
17,2,30,0.05263157894736842,7
17,2,31,0.10526315789473684,7
17,2,32,0.02631578947368421,7
17,2,33,0.34210526315789475,7
17,2,34,0.11764705882352941,6
17,2,35,0.29411764705882354,6
17,2,36,0.058823529411764705,6
17,4,1,0.0,1
17,4,2,0.0,1
17,4,3,0.0,1
17,4,4,0.0,1
17,4,5,0.0,1
17,4,6,0.0,1
17,4,7,0.0,1
17,4,8,0.0,1
17,4,9,0.0,1
17,4,10,0.0,1
17,4,11,0.0,1
17,5,1,0.0,2
17,5,2,0.0,1
17,5,3,0.0,1
17,5,4,0.0,1
17,5,5,0.5,1
17,5,6,0.0,1
17,6,1,0.0,8
17,6,2,0.0,8
17,6,3,0.13636363636363635,8
17,6,4,0.045454545454545456,8
17,6,5,0.045454545454545456,8
17,6,6,0.022727272727272728,8
17,6,7,0.0,8
17,6,8,0.09090909090909091,8
17,6,9,0.045454545454545456,8
17,6,10,0.0,8
17,6,11,0.022727272727272728,8
17,6,12,0.22727272727272727,8
17,6,13,0.0,8
17,6,14,0.0,8
17,6,15,0.18181818181818182,8
17,6,16,0.18181818181818182,8
17,6,17,0.0,8
17,6,18,0.0,8
17,6,19,0.0,7
17,6,20,0.2222222222222222,7
17,6,21,0.0,7
17,6,22,0.0,7
17,6,23,0.2222222222222222,7
17,6,24,0.0,7
17,6,25,0.0,7
17,6,26,0.05555555555555555,7
17,6,27,0.027777777777777776,7
17,6,28,0.0,6
17,6,29,0.0,6
17,6,30,0.0,6
17,6,31,0.15384615384615385,5
17,6,32,0.038461538461538464,5
17,6,33,0.0,5
17,6,34,0.0,4
17,6,35,0.45454545454545453,4
17,6,36,0.18181818181818182,4
17,7,1,0.0,5
17,7,2,0.2222222222222222,5
17,7,3,0.0,5
17,7,4,0.0,5
17,7,5,0.0,5
17,7,6,0.0,5
17,7,7,0.0,5
17,7,8,0.0,5
17,7,9,0.0,5
17,7,10,0.0,5
17,7,11,0.2857142857142857,4
17,7,12,0.0,4
17,7,13,0.2857142857142857,4
17,7,14,0.0,4
17,7,15,0.0,4
17,7,16,0.0,4
17,7,17,0.14285714285714285,4
17,7,18,0.0,4
17,7,19,0.14285714285714285,4
17,7,20,0.0,4
17,7,21,0.0,4
17,7,22,0.0,4
17,7,23,0.0,4
17,7,24,0.0,4
17,7,25,0.0,4
17,7,26,0.0,4
17,7,27,0.0,4
17,7,28,0.0,4
17,7,29,0.0,4
17,7,30,0.14285714285714285,4
17,7,31,0.2857142857142857,4
17,7,32,0.0,4
17,7,33,0.0,4
17,7,34,0.0,4
17,7,35,0.0,4
17,7,36,0.0,4
17,9,1,0.08333333333333333,4
17,9,2,0.0,4
17,9,3,0.0,4
17,9,4,0.0,4
17,9,5,0.0,4
17,9,6,0.0,4
17,9,7,0.0,4
17,9,8,0.0,4
17,9,9,0.0,4
17,9,10,0.0,4
17,9,11,0.0,4
17,9,12,0.0,4
17,9,13,0.0,4
17,9,14,0.0,4
17,9,15,0.16666666666666666,4
17,9,16,0.16666666666666666,4
17,9,17,0.0,4
17,9,18,0.0,4
17,9,19,0.0,4
17,9,20,0.0,3
17,9,21,0.0,3
17,9,22,0.0,3
17,9,23,0.0,3
17,9,24,0.0,3
17,9,25,0.0,3
17,9,26,0.0,3
17,9,27,0.0,3
17,9,28,0.0,3
17,9,29,0.0,3
17,9,30,0.0,3
17,9,31,0.25,3
17,9,32,0.25,3
17,9,33,0.0,3
17,9,34,0.0,3
17,9,35,0.0,3
17,9,36,0.0,3
17,10,1,0.0,1
17,10,2,0.0,1
17,10,3,0.0,1
17,10,4,0.0,1
17,10,5,0.0,1
17,10,6,0.0,1
17,10,7,0.0,1
17,10,8,0.0,1
17,10,9,0.0,1
17,10,10,0.0,1
17,10,11,0.0,1
17,10,12,0.0,1
17,10,13,0.0,1
17,10,14,0.0,1
17,10,15,0.0,1
17,10,16,0.0,1
17,10,17,0.0,1
17,10,18,0.0,1
17,10,19,0.0,1
17,10,20,0.0,1
17,10,21,0.0,1
17,10,22,0.0,1
17,10,23,0.0,1
17,10,24,0.0,1
17,10,25,0.0,1
17,10,26,0.0,1
17,10,27,0.0,1
17,10,28,0.0,1
17,10,29,0.0,1
17,10,30,0.0,1
17,10,31,0.0,1
17,10,32,0.0,1
17,10,33,0.0,1
17,10,34,0.0,1
17,10,35,0.0,1
17,10,36,0.0,1
17,12,1,0.16666666666666666,2
17,12,2,0.0,1
17,12,3,0.0,1
17,12,4,0.0,1
17,12,5,0.0,1
17,12,6,0.0,1
17,12,7,0.0,1
17,12,8,0.0,1
17,12,9,0.0,1
17,12,10,0.0,1
17,12,11,0.5,1
17,12,12,0.5,1
17,15,1,0.0,1
17,15,2,0.0,1
17,15,3,0.0,1
17,15,4,0.0,1
17,15,5,0.0,1
17,15,6,0.0,1
17,15,7,0.0,1
17,15,8,0.0,1
17,15,9,0.0,1
17,15,10,0.0,1
17,15,11,0.0,1
17,15,12,0.0,1
17,15,13,0.0,1
17,15,14,0.0,1
17,15,15,0.0,1
17,15,16,0.0,1
17,15,17,0.0,1
17,15,18,0.0,1
17,15,19,0.0,1
17,15,20,0.0,1
17,15,21,0.0,1
17,15,22,0.0,1
17,15,23,0.0,1
17,15,24,0.0,1
17,15,25,0.0,1
17,15,26,0.0,1
17,15,27,0.0,1
17,15,28,0.0,1
17,15,29,0.0,1
17,15,30,0.0,1
17,15,31,0.0,1
17,15,32,0.0,1
17,15,33,0.0,1
17,15,34,0.0,1
17,15,35,0.0,1
17,15,36,0.0,1
17,16,1,0.14705882352941177,12
17,16,2,0.11764705882352941,12
17,16,3,0.11764705882352941,12
17,16,4,0.14705882352941177,12
17,16,5,0.23529411764705882,12
17,16,6,0.058823529411764705,12
17,16,7,0.04411764705882353,12
17,16,8,0.0,12
17,16,9,0.058823529411764705,12
17,16,10,0.058823529411764705,12
17,16,11,0.11764705882352941,12
17,16,12,0.08823529411764706,12
17,16,13,0.11764705882352941,12
17,16,14,0.2647058823529412,12
17,16,15,0.08823529411764706,12
17,16,16,0.04411764705882353,12
17,16,17,0.07352941176470588,12
17,16,18,0.2647058823529412,12
17,16,19,0.20588235294117646,12
17,16,20,0.08823529411764706,12
17,16,21,0.016666666666666666,11
17,16,22,0.11666666666666667,11
17,16,23,0.2,11
17,16,24,0.13333333333333333,11
17,16,25,0.2,11
17,16,26,0.06666666666666667,11
17,16,27,0.06666666666666667,11
17,16,28,0.0,10
17,16,29,0.13793103448275862,10
17,16,30,0.0,10
17,16,31,0.017241379310344827,10
17,16,32,0.16,9
17,16,33,0.0,9
17,16,34,0.04,9
17,16,35,0.0,9
17,16,36,0.04,9
17,17,1,0.3157894736842105,11
17,17,2,0.15789473684210525,11
17,17,3,0.15789473684210525,11
17,17,4,0.10526315789473684,11
17,17,5,0.0,10
17,17,6,0.058823529411764705,10
17,17,7,0.17647058823529413,10
17,17,8,0.06666666666666667,9
17,17,9,0.06666666666666667,9
17,17,10,0.4666666666666667,9
17,17,11,0.4666666666666667,9
17,17,12,0.36666666666666664,9
17,17,13,0.16666666666666666,9
17,17,14,0.10714285714285714,8
17,17,15,0.08333333333333333,7
17,17,16,0.0,7
17,17,17,0.16666666666666666,7
17,17,18,0.08333333333333333,7
17,17,19,0.0,7
17,17,20,0.16666666666666666,7
17,17,21,0.25,7
17,17,22,0.3333333333333333,7
17,17,23,0.4166666666666667,7
17,17,24,0.16666666666666666,7
17,17,25,0.15,6
17,17,26,0.05555555555555555,5
17,17,27,0.0,5
17,17,28,0.2222222222222222,5
17,17,29,0.2222222222222222,5
17,17,30,0.2222222222222222,5
17,17,31,0.2222222222222222,5
17,17,32,0.3333333333333333,5
17,17,33,0.4444444444444444,5
17,17,34,0.1111111111111111,5
17,17,35,0.2222222222222222,5
17,17,36,0.14285714285714285,4
17,18,1,0.07894736842105263,14
17,18,2,0.02631578947368421,14
17,18,3,0.2222222222222222,13
17,18,4,0.1111111111111111,13
17,18,5,0.027777777777777776,13
17,18,6,0.28125,12
17,18,7,0.09375,12
17,18,8,0.09375,12
17,18,9,0.2,11
17,18,10,0.07142857142857142,10
17,18,11,0.0,10
17,18,12,0.10714285714285714,10
17,18,13,0.14285714285714285,10
17,18,14,0.10714285714285714,10
17,18,15,0.10714285714285714,10
17,18,16,0.14285714285714285,10
17,18,17,0.03571428571428571,10
17,18,18,0.03571428571428571,10
17,18,19,0.03571428571428571,10
17,18,20,0.14285714285714285,10
17,18,21,0.17857142857142858,10
17,18,22,0.21428571428571427,10
17,18,23,0.07142857142857142,10
17,18,24,0.10714285714285714,10
17,18,25,0.03571428571428571,10
17,18,26,0.10714285714285714,10
17,18,27,0.11538461538461539,9
17,18,28,0.0,9
17,18,29,0.125,8
17,18,30,0.16666666666666666,8
17,18,31,0.041666666666666664,8
17,18,32,0.125,8
17,18,33,0.08333333333333333,8
17,18,34,0.041666666666666664,8
17,18,35,0.18181818181818182,7
17,18,36,0.18181818181818182,7
18,2,1,0.0,4
18,2,2,0.0,4
18,2,3,0.0,4
18,2,4,0.0,4
18,2,5,0.2,4
18,2,6,0.1,4
18,2,7,0.0,4
18,2,8,0.0,4
18,2,9,0.0,4
18,2,10,0.0,4
18,2,11,0.2,4
18,2,12,0.0,4
18,2,13,0.0,4
18,2,14,0.0,4
18,2,15,0.0,4
18,2,16,0.0,4
18,2,17,0.0,4
18,2,18,0.0,4
18,2,19,0.0,4
18,2,20,0.0,4
18,2,21,0.0,4
18,2,22,0.0,4
18,2,23,0.0,3
18,2,24,0.25,3
18,2,25,0.0,3
18,2,26,0.0,3
18,2,27,0.0,3
18,2,28,0.0,3
18,2,29,0.125,3
18,2,30,0.0,3
18,2,31,0.0,3
18,2,32,0.0,3
18,2,33,0.0,3
18,2,34,0.0,3
18,2,35,0.125,3
18,2,36,0.0,3
18,3,1,0.0,1
18,3,2,0.0,1
18,3,3,0.0,1
18,3,4,0.0,1
18,3,5,0.0,1
18,3,6,0.0,1
18,3,7,0.0,1
18,3,8,0.0,1
18,3,9,0.0,1
18,3,10,0.0,1
18,3,11,0.0,1
18,3,12,0.0,1
18,3,13,0.0,1
18,3,14,0.0,1
18,3,15,0.0,1
18,3,16,0.0,1
18,3,17,0.0,1
18,3,18,0.0,1
18,3,19,0.0,1
18,3,20,0.0,1
18,3,21,0.0,1
18,3,22,0.0,1
18,3,23,0.0,1
18,3,24,0.0,1
18,3,25,0.0,1
18,3,26,0.0,1
18,3,27,0.0,1
18,3,28,0.0,1
18,3,29,0.0,1
18,3,30,0.0,1
18,3,31,0.0,1
18,3,32,0.0,1
18,3,33,0.0,1
18,3,34,0.0,1
18,3,35,0.0,1
18,3,36,0.0,1
18,5,1,0.34337349397590367,19
18,5,2,0.38961038961038963,18
18,5,3,0.5064935064935066,18
18,5,4,0.3802816901408451,17
18,5,5,0.4384615384615385,16
18,5,6,0.2903225806451613,15
18,5,7,0.38392857142857145,14
18,5,8,0.4245283018867925,13
18,5,9,0.22340425531914895,12
18,5,10,0.34090909090909094,11
18,5,11,0.4431818181818182,11
18,5,12,0.35526315789473684,10
18,5,13,0.27631578947368424,10
18,5,14,0.31578947368421056,10
18,5,15,0.27631578947368424,10
18,5,16,0.2571428571428572,9
18,5,17,0.421875,8
18,5,18,0.09375,8
18,5,19,0.328125,8
18,5,20,0.46875,8
18,5,21,0.22413793103448276,7
18,5,22,0.4482758620689655,7
18,5,23,0.3448275862068965,7
18,5,24,0.3103448275862069,7
18,5,25,0.3103448275862069,7
18,5,26,0.20689655172413796,7
18,5,27,0.3461538461538462,6
18,5,28,0.46153846153846156,6
18,5,29,0.2,5
18,5,30,0.15000000000000002,5
18,5,31,0.7500000000000001,5
18,5,32,0.30000000000000004,5
18,5,33,0.575,5
18,5,34,0.5000000000000001,5
18,5,35,0.45000000000000007,5
18,5,36,0.6000000000000001,5
18,6,1,0.1111111111111111,9
18,6,2,0.3333333333333333,9
18,6,3,0.2222222222222222,9
18,6,4,0.0,9
18,6,5,0.2222222222222222,9
18,6,6,0.0,9
18,6,7,0.1111111111111111,9
18,6,8,0.1111111111111111,9
18,6,9,0.0,9
18,6,10,0.0,9
18,6,11,0.1111111111111111,9
18,6,12,0.1111111111111111,9
18,6,13,0.1111111111111111,9
18,6,14,0.1111111111111111,9
18,6,15,0.1111111111111111,9
18,6,16,0.2222222222222222,9
18,6,17,0.2222222222222222,9
18,6,18,0.2222222222222222,9
18,6,19,0.2222222222222222,9
18,6,20,0.1111111111111111,9
18,6,21,0.2222222222222222,9
18,6,22,0.0,9
18,6,23,0.1111111111111111,9
18,6,24,0.1111111111111111,9
18,6,25,0.0,9
18,6,26,0.0,9
18,6,27,0.0,9
18,6,28,0.1111111111111111,9
18,6,29,0.0,9
18,6,30,0.1111111111111111,9
18,6,31,0.0,9
18,6,32,0.0,8
18,6,33,0.125,8
18,6,34,0.0,7
18,6,35,0.2857142857142857,7
18,6,36,0.14285714285714285,7
18,7,1,0.06666666666666667,5
18,7,2,0.13333333333333333,5
18,7,3,0.13333333333333333,5
18,7,4,0.0,5
18,7,5,0.26666666666666666,5
18,7,6,0.0,5
18,7,7,0.0,5
18,7,8,0.0,5
18,7,9,0.0,5
18,7,10,0.06666666666666667,5
18,7,11,0.26666666666666666,5
18,7,12,0.0,5
18,7,13,0.03333333333333333,5
18,7,14,0.13333333333333333,5
18,7,15,0.06666666666666667,5
18,7,16,0.26666666666666666,5
18,7,17,0.0,5
18,7,18,0.0,5
18,7,19,0.0,5
18,7,20,0.0,5
18,7,21,0.0,5
18,7,22,0.0,5
18,7,23,0.0,5
18,7,24,0.0,5
18,7,25,0.0,5
18,7,26,0.0,4
18,7,27,0.0,4
18,7,28,0.0,3
18,7,29,0.0,3
18,7,30,0.0,3
18,7,31,0.0,2
18,7,32,0.0,2
18,7,33,0.0,2
18,7,34,0.0,2
18,7,35,0.0,2
18,7,36,0.0,2
18,8,1,0.0,3
18,8,2,0.0,3
18,8,3,0.0,2
18,8,4,0.0,2
18,8,5,0.0,2
18,8,6,0.0,2
18,8,7,0.0,2
18,8,8,0.0,2
18,8,9,0.0,2
18,8,10,0.0,2
18,8,11,0.5,2
18,8,12,0.0,2
18,8,13,0.0,2
18,8,14,0.0,2
18,8,15,0.0,2
18,8,16,0.0,2
18,8,17,0.0,2
18,8,18,0.0,2
18,8,19,0.0,2
18,8,20,0.0,2
18,8,21,0.0,2
18,8,22,0.0,2
18,8,23,0.0,2
18,8,24,0.0,2
18,8,25,0.0,2
18,8,26,0.0,2
18,8,27,0.0,2
18,8,28,0.0,2
18,8,29,0.0,2
18,8,30,0.0,2
18,8,31,0.0,2
18,8,32,0.0,2
18,8,33,0.0,2
18,8,34,0.0,2
18,8,35,0.0,2
18,8,36,0.0,2
18,9,1,0.0,2
18,9,2,0.0,2
18,9,3,0.0,2
18,9,4,0.0,2
18,9,5,0.0,2
18,9,6,0.0,2
18,9,7,0.0,2
18,9,8,0.0,2
18,9,9,0.0,2
18,9,10,0.0,2
18,9,11,0.0,2
18,9,12,0.0,2
18,9,13,0.0,2
18,9,14,0.0,2
18,9,15,0.0,2
18,9,16,0.0,2
18,9,17,0.0,2
18,9,18,0.0,2
18,9,19,0.0,2
18,9,20,0.0,2
18,9,21,0.0,2
18,9,22,0.25,2
18,9,23,0.0,2
18,9,24,0.0,2
18,9,25,0.0,2
18,9,26,0.0,2
18,9,27,0.0,2
18,9,28,0.0,2
18,9,29,0.0,2
18,9,30,0.0,2
18,9,31,0.0,2
18,9,32,0.0,2
18,9,33,0.0,1
18,9,34,0.0,1
18,9,35,0.0,1
18,9,36,0.0,1
18,10,1,0.0,1
18,10,2,0.0,1
18,10,3,0.0,1
18,10,4,0.0,1
18,10,5,0.0,1
18,10,6,0.0,1
18,10,7,0.0,1
18,10,8,0.0,1
18,10,9,0.0,1
18,10,10,0.0,1
18,10,11,0.0,1
18,10,12,0.0,1
18,10,13,0.0,1
18,10,14,0.0,1
18,10,15,0.0,1
18,10,16,0.0,1
18,10,17,0.0,1
18,10,18,0.0,1
18,10,19,0.0,1
18,10,20,0.0,1
18,10,21,0.0,1
18,10,22,0.0,1
18,10,23,0.0,1
18,10,24,0.0,1
18,10,25,0.0,1
18,10,26,0.0,1
18,10,27,0.0,1
18,10,28,0.0,1
18,10,29,0.0,1
18,10,30,0.0,1
18,10,31,0.0,1
18,10,32,0.0,1
18,10,33,0.0,1
18,10,34,0.0,1
18,10,35,0.0,1
18,10,36,0.0,1
18,12,1,0.3333333333333333,4
18,12,2,0.0,4
18,12,3,0.16666666666666666,4
18,12,4,0.16666666666666666,4
18,12,5,0.16666666666666666,4
18,12,6,0.16666666666666666,4
18,12,7,0.0,4
18,12,8,0.0,4
18,12,9,0.08333333333333333,4
18,12,10,0.0,3
18,12,11,0.0,3
18,12,12,0.0,3
18,12,13,0.0,2
18,12,14,0.0,1
18,12,15,0.0,1
18,12,16,0.0,1
18,12,17,0.0,1
18,12,18,0.0,1
18,13,1,0.0,2
18,13,2,0.0,2
18,13,3,0.0,2
18,13,4,0.0,2
18,13,5,0.0,2
18,13,6,0.0,2
18,13,7,0.0,2
18,13,8,0.0,2
18,13,9,0.0,2
18,13,10,0.0,2
18,13,11,0.0,2
18,13,12,0.0,2
18,13,13,0.0,2
18,13,14,0.0,2
18,13,15,0.0,1
18,13,16,0.0,1
18,13,17,0.0,1
18,13,18,0.0,1
18,13,19,0.0,1
18,13,20,0.0,1
18,13,21,0.0,1
18,13,22,0.0,1
18,13,23,0.0,1
18,13,24,0.0,1
18,13,25,0.0,1
18,13,26,0.0,1
18,13,27,0.0,1
18,13,28,0.0,1
18,13,29,0.0,1
18,13,30,0.0,1
18,13,31,0.0,1
18,13,32,0.0,1
18,13,33,0.0,1
18,13,34,0.0,1
18,13,35,0.0,1
18,13,36,0.0,1
18,15,1,0.0,3
18,15,2,0.0,3
18,15,3,0.0,3
18,15,4,0.0,3
18,15,5,0.0,3
18,15,6,0.0,3
18,15,7,0.0,3
18,15,8,0.0,3
18,15,9,0.0,3
18,15,10,0.0,3
18,15,11,0.0,3
18,15,12,0.0,3
18,15,13,0.0,3
18,15,14,0.0,3
18,15,15,0.0,3
18,15,16,0.0,3
18,15,17,0.07142857142857142,3
18,15,18,0.0,3
18,15,19,0.0,3
18,15,20,0.0,3
18,15,21,0.0,3
18,15,22,0.0,3
18,15,23,0.0,3
18,15,24,0.0,2
18,15,25,0.0,2
18,15,26,0.0,2
18,15,27,0.2,2
18,15,28,0.0,2
18,15,29,0.0,2
18,15,30,0.0,2
18,15,31,0.0,2
18,15,32,0.0,2
18,15,33,0.0,2
18,15,34,0.0,2
18,15,35,0.0,2
18,15,36,0.0,2
18,16,1,0.0,2
18,16,2,0.0,2
18,16,3,0.0,2
18,16,4,0.0,2
18,16,5,0.0,2
18,16,6,0.0,2
18,16,7,0.0,2
18,16,8,0.0,2
18,16,9,0.0,2
18,16,10,0.0,2
18,16,11,0.0,2
18,16,12,0.0,2
18,16,13,0.0,2
18,16,14,0.0,2
18,16,15,0.0,2
18,16,16,0.0,2
18,16,17,0.0,2
18,16,18,0.0,2
18,16,19,0.5,2
18,16,20,0.0,2
18,16,21,0.0,2
18,16,22,0.0,2
18,16,23,0.0,2
18,16,24,0.0,2
18,16,25,0.0,2
18,16,26,0.0,2
18,16,27,0.0,2
18,16,28,0.0,2
18,16,29,0.0,2
18,16,30,0.0,2
18,16,31,0.0,2
18,16,32,0.0,2
18,16,33,0.0,2
18,16,34,0.0,2
18,16,35,0.0,2
18,16,36,0.0,2
18,17,1,0.03571428571428571,12
18,17,2,0.07142857142857142,12
18,17,3,0.0,12
18,17,4,0.07142857142857142,12
18,17,5,0.0,12
18,17,6,0.038461538461538464,11
18,17,7,0.11538461538461539,11
18,17,8,0.25,10
18,17,9,0.125,10
18,17,10,0.0,10
18,17,11,0.125,10
18,17,12,0.16666666666666666,10
18,17,13,0.0,10
18,17,14,0.041666666666666664,10
18,17,15,0.08333333333333333,10
18,17,16,0.125,10
18,17,17,0.09090909090909091,9
18,17,18,0.0,9
18,17,19,0.18181818181818182,9
18,17,20,0.2727272727272727,9
18,17,21,0.09090909090909091,9
18,17,22,0.0,9
18,17,23,0.05,8
18,17,24,0.0,8
18,17,25,0.0,7
18,17,26,0.0,7
18,17,27,0.2777777777777778,7
18,17,28,0.16666666666666666,7
18,17,29,0.1111111111111111,7
18,17,30,0.05555555555555555,7
18,17,31,0.05555555555555555,7
18,17,32,0.0,7
18,17,33,0.0,7
18,17,34,0.0,7
18,17,35,0.16666666666666666,7
18,17,36,0.16666666666666666,7
18,18,1,0.15789473684210528,8
18,18,2,0.05263157894736842,8
18,18,3,0.07894736842105264,8
18,18,4,0.13157894736842105,8
18,18,5,0.0,8
18,18,6,0.15789473684210528,8
18,18,7,0.0,8
18,18,8,0.0,8
18,18,9,0.07894736842105264,8
18,18,10,0.0,8
18,18,11,0.1842105263157895,8
18,18,12,0.15789473684210528,8
18,18,13,0.2368421052631579,8
18,18,14,0.13157894736842105,8
18,18,15,0.18421052631578946,8
18,18,16,0.0,8
18,18,17,0.19736842105263158,8
18,18,18,0.15789473684210528,8
18,18,19,0.15789473684210528,8
18,18,20,0.0,8
18,18,21,0.0,8
18,18,22,0.0,7
18,18,23,0.0,7
18,18,24,0.0,7
18,18,25,0.0,7
18,18,26,0.1714285714285714,7
18,18,27,0.0,7
18,18,28,0.028571428571428567,7
18,18,29,0.1714285714285714,7
18,18,30,0.1714285714285714,7
18,18,31,0.0,7
18,18,32,0.0857142857142857,7
18,18,33,0.0,7
18,18,34,0.0,7
18,18,35,0.0,6
18,18,36,0.0,5
19,3,1,0.125,4
19,3,2,0.0,4
19,3,3,0.125,4
19,3,4,0.125,4
19,3,5,0.0,4
19,3,6,0.0,4
19,3,7,0.0,4
19,3,8,0.0,4
19,3,9,0.0,4
19,3,10,0.125,4
19,3,11,0.125,4
19,3,12,0.0,4
19,3,13,0.0,4
19,3,14,0.125,4
19,3,15,0.0,4
19,3,16,0.0,4
19,3,17,0.0,4
19,3,18,0.0,4
19,3,19,0.0,4
19,3,20,0.0,4
19,3,21,0.0,4
19,3,22,0.0,4
19,3,23,0.0,4
19,3,24,0.0,4
19,3,25,0.0,4
19,3,26,0.0,4
19,3,27,0.0,4
19,3,28,0.0,4
19,3,29,0.0,4
19,3,30,0.0,3
19,3,31,0.0,3
19,3,32,0.0,3
19,3,33,0.0,3
19,3,34,0.0,3
19,3,35,0.0,3
19,3,36,0.0,3
19,4,1,0.42857142857142855,4
19,4,2,0.0,3
19,4,3,0.0,2
19,4,4,0.3333333333333333,2
19,4,5,1.0,2
19,4,6,0.6666666666666666,2
19,4,7,0.0,1
19,5,1,0.0,3
19,5,2,0.25,3
19,5,3,0.5,3
19,5,4,0.0,2
19,5,5,0.5,2
19,5,6,0.5,1
19,5,7,0.0,1
19,5,8,1.0,1
19,5,9,0.0,1
19,5,10,0.0,1
19,5,11,1.0,1
19,6,1,0.0,1
19,6,2,0.0,1
19,6,3,0.0,1
19,6,4,0.0,1
19,6,5,0.0,1
19,6,6,0.0,1
19,6,7,0.0,1
19,6,8,0.0,1
19,6,9,0.0,1
19,6,10,0.0,1
19,6,11,0.0,1
19,6,12,0.0,1
19,6,13,0.0,1
19,6,14,0.0,1
19,6,15,0.0,1
19,6,16,0.0,1
19,6,17,0.0,1
19,6,18,0.0,1
19,6,19,0.0,1
19,6,20,0.0,1
19,6,21,0.0,1
19,6,22,0.0,1
19,6,23,0.0,1
19,6,24,0.0,1
19,6,25,0.0,1
19,6,26,0.0,1
19,6,27,0.0,1
19,6,28,0.0,1
19,6,29,0.0,1
19,6,30,0.0,1
19,6,31,0.0,1
19,6,32,0.0,1
19,6,33,0.0,1
19,6,34,0.0,1
19,6,35,0.0,1
19,6,36,0.0,1
19,7,1,0.3787878787878788,23
19,7,2,0.3333333333333333,23
19,7,3,0.3787878787878788,23
19,7,4,0.25757575757575757,23
19,7,5,0.24242424242424243,23
19,7,6,0.15151515151515152,23
19,7,7,0.15151515151515152,23
19,7,8,0.10606060606060606,23
19,7,9,0.030303030303030304,23
19,7,10,0.22727272727272727,23
19,7,11,0.10606060606060606,23
19,7,12,0.09090909090909091,23
19,7,13,0.24242424242424243,23
19,7,14,0.24242424242424243,23
19,7,15,0.24242424242424243,23
19,7,16,0.25757575757575757,23
19,7,17,0.24242424242424243,23
19,7,18,0.265625,22
19,7,19,0.16129032258064516,21
19,7,20,0.23333333333333334,20
19,7,21,0.1724137931034483,19
19,7,22,0.017241379310344827,19
19,7,23,0.14285714285714285,18
19,7,24,0.08928571428571429,18
19,7,25,0.125,18
19,7,26,0.125,18
19,7,27,0.16071428571428573,18
19,7,28,0.21428571428571427,18
19,7,29,0.19642857142857142,18
19,7,30,0.30357142857142855,18
19,7,31,0.3333333333333333,17
19,7,32,0.2037037037037037,17
19,7,33,0.2962962962962963,17
19,7,34,0.2037037037037037,17
19,7,35,0.17307692307692307,16
19,7,36,0.14583333333333334,15
19,9,1,0.5,14
19,9,2,0.3125,14
19,9,3,0.2916666666666667,14
19,9,4,0.3958333333333333,14
19,9,5,0.4166666666666667,14
19,9,6,0.3541666666666667,14
19,9,7,0.2916666666666667,14
19,9,8,0.3333333333333333,14
19,9,9,0.3541666666666667,14
19,9,10,0.375,14
19,9,11,0.2916666666666667,14
19,9,12,0.20833333333333334,14
19,9,13,0.22916666666666666,14
19,9,14,0.20833333333333334,14
19,9,15,0.14583333333333334,14
19,9,16,0.20833333333333334,14
19,9,17,0.16666666666666666,14
19,9,18,0.08333333333333333,14
19,9,19,0.041666666666666664,14
19,9,20,0.125,14
19,9,21,0.08333333333333333,14
19,9,22,0.08333333333333333,14
19,9,23,0.0,14
19,9,24,0.041666666666666664,14
19,9,25,0.0,14
19,9,26,0.0,14
19,9,27,0.0,14
19,9,28,0.0,14
19,9,29,0.0,14
19,9,30,0.0,14
19,9,31,0.0,14
19,9,32,0.0,14
19,9,33,0.0,14
19,9,34,0.0,14
19,9,35,0.0,14
19,9,36,0.0,14
19,10,1,0.041666666666666664,11
19,10,2,0.16666666666666666,11
19,10,3,0.041666666666666664,11
19,10,4,0.125,11
19,10,5,0.125,11
19,10,6,0.20833333333333334,11
19,10,7,0.16666666666666666,11
19,10,8,0.08333333333333333,11
19,10,9,0.0,11
19,10,10,0.0,11
19,10,11,0.16666666666666666,11
19,10,12,0.08333333333333333,11
19,10,13,0.125,11
19,10,14,0.08333333333333333,11
19,10,15,0.041666666666666664,11
19,10,16,0.0,11
19,10,17,0.0,11
19,10,18,0.16666666666666666,11
19,10,19,0.045454545454545456,10
19,10,20,0.2,9
19,10,21,0.0,9
19,10,22,0.1,9
19,10,23,0.05555555555555555,8
19,10,24,0.1111111111111111,8
19,10,25,0.1875,7
19,10,26,0.25,7
19,10,27,0.0,7
19,10,28,0.0625,7
19,10,29,0.0625,7
19,10,30,0.0625,7
19,10,31,0.14285714285714285,6
19,10,32,0.07142857142857142,6
19,10,33,0.07142857142857142,6
19,10,34,0.0,6
19,10,35,0.0,6
19,10,36,0.07142857142857142,6
19,13,1,0.25,2
19,13,2,0.0,2
19,13,3,0.0,2
19,13,4,0.0,2
19,13,5,0.0,2
19,13,6,0.0,2
19,13,7,0.0,2
19,13,8,0.0,2
19,13,9,0.0,2
19,13,10,0.0,2
19,13,11,0.0,2
19,13,12,0.0,2
19,13,13,0.0,2
19,13,14,0.0,1
19,14,1,0.0,3
19,14,2,0.0,3
19,14,3,0.0,3
19,14,4,0.375,3
19,14,5,0.0,3
19,14,6,0.0,3
19,14,7,0.0,3
19,14,8,0.25,3
19,14,9,0.0,3
19,14,10,0.0,3
19,14,11,0.0,3
19,14,12,0.0,3
19,14,13,0.0,3
19,14,14,0.0,3
19,14,15,0.0,3
19,14,16,0.0,3
19,14,17,0.0,3
19,14,18,0.0,3
19,14,19,0.0,3
19,14,20,0.0,3
19,14,21,0.0,3
19,14,22,0.0,3
19,14,23,0.0,3
19,14,24,0.0,2
19,14,25,0.0,2
19,14,26,0.0,2
19,14,27,0.0,2
19,14,28,0.0,1
19,14,29,0.0,1
19,14,30,0.0,1
19,14,31,0.0,1
19,15,1,0.1,8
19,15,2,0.1,8
19,15,3,0.1,8
19,15,4,0.0,8
19,15,5,0.1,8
19,15,6,0.0,8
19,15,7,0.05,8
19,15,8,0.1,8
19,15,9,0.1,8
19,15,10,0.05,8
19,15,11,0.2,8
19,15,12,0.1,8
19,15,13,0.0,8
19,15,14,0.0,8
19,15,15,0.0,8
19,15,16,0.15,8
19,15,17,0.05555555555555555,7
19,15,18,0.0,6
19,15,19,0.0,6
19,15,20,0.0,6
19,15,21,0.25,6
19,15,22,0.0,6
19,15,23,0.125,6
19,15,24,0.125,6
19,15,25,0.0,6
19,15,26,0.0,5
19,15,27,0.08333333333333333,4
19,15,28,0.0,4
19,15,29,0.0,3
19,15,30,0.0,3
19,15,31,0.0,3
19,15,32,0.5,3
19,15,33,0.25,3
19,15,34,0.16666666666666666,2
19,15,35,0.16666666666666666,2
19,15,36,0.0,2
19,16,1,0.0,2
19,16,2,0.0,2
19,16,3,0.0,2
19,16,4,0.0,2
19,16,5,0.0,2
19,16,6,0.0,2
19,16,7,0.0,2
19,16,8,0.0,2
19,16,9,0.0,2
19,16,10,0.0,2
19,16,11,0.0,2
19,16,12,0.25,2
19,16,13,0.0,2
19,16,14,0.0,2
19,16,15,0.0,2
19,16,16,0.0,2
19,16,17,0.0,2
19,16,18,0.0,2
19,16,19,0.0,2
19,16,20,0.0,2
19,16,21,0.0,2
19,16,22,0.0,2
19,16,23,0.0,2
19,16,24,0.0,2
19,16,25,0.0,2
19,16,26,0.0,2
19,16,27,0.0,2
19,16,28,0.0,2
19,16,29,0.0,2
19,16,30,0.0,2
19,16,31,0.0,2
19,16,32,0.0,2
19,16,33,0.0,2
19,16,34,0.0,2
19,16,35,0.0,2
19,16,36,0.0,2
19,18,1,0.0,2
19,18,2,0.0,2
19,18,3,0.0,2
19,18,4,0.0,2
19,18,5,0.0,2
19,18,6,0.25,2
19,18,7,0.0,2
19,18,8,0.0,2
19,18,9,0.0,2
19,18,10,0.0,1
19,18,11,0.0,1
19,18,12,0.0,1
19,18,13,0.0,1
19,18,14,0.0,1
19,18,15,0.0,1
2,1,1,0.0,1
2,1,2,0.0,1
2,1,3,0.0,1
2,1,4,0.0,1
2,1,5,0.0,1
2,1,6,0.0,1
2,1,7,0.0,1
2,1,8,0.0,1
2,1,9,0.0,1
2,1,10,0.0,1
2,1,11,0.0,1
2,1,12,0.0,1
2,1,13,0.0,1
2,1,14,0.0,1
2,1,15,0.0,1
2,1,16,0.0,1
2,1,17,0.0,1
2,1,18,0.0,1
2,1,19,0.0,1
2,1,20,0.0,1
2,1,21,0.0,1
2,1,22,0.0,1
2,1,23,0.0,1
2,1,24,0.0,1
2,1,25,0.0,1
2,1,26,0.0,1
2,1,27,0.0,1
2,1,28,0.0,1
2,1,29,0.0,1
2,1,30,0.0,1
2,1,31,0.0,1
2,1,32,0.0,1
2,1,33,0.0,1
2,1,34,0.0,1
2,1,35,0.0,1
2,1,36,0.0,1
2,2,1,0.05,13
2,2,2,0.225,13
2,2,3,0.125,13
2,2,4,0.2,13
2,2,5,0.05,13
2,2,6,0.075,13
2,2,7,0.0,13
2,2,8,0.027777777777777776,12
2,2,9,0.1111111111111111,12
2,2,10,0.0,12
2,2,11,0.1111111111111111,12
2,2,12,0.1388888888888889,12
2,2,13,0.16666666666666666,12
2,2,14,0.1111111111111111,12
2,2,15,0.08333333333333333,12
2,2,16,0.1111111111111111,12
2,2,17,0.16666666666666666,12
2,2,18,0.1388888888888889,12
2,2,19,0.125,11
2,2,20,0.28125,11
2,2,21,0.125,11
2,2,22,0.125,11
2,2,23,0.1875,11
2,2,24,0.0625,11
2,2,25,0.1875,11
2,2,26,0.0625,11
2,2,27,0.0,11
2,2,28,0.0,10
2,2,29,0.03333333333333333,10
2,2,30,0.06666666666666667,10
2,2,31,0.0,9
2,2,32,0.07692307692307693,9
2,2,33,0.18181818181818182,8
2,2,34,0.18181818181818182,8
2,2,35,0.18181818181818182,8
2,2,36,0.09090909090909091,8
2,5,1,0.40540540540540543,9
2,5,2,0.3235294117647059,8
2,5,3,0.37500000000000006,7
2,5,4,0.20454545454545453,6
2,5,5,0.42105263157894735,5
2,5,6,0.4117647058823529,4
2,5,7,0.44117647058823534,4
2,5,8,0.4705882352941177,4
2,5,9,0.4761904761904763,3
2,5,10,0.5000000000000001,3
2,5,11,1.0,2
2,5,12,0.625,2
2,5,13,0.125,2
2,5,14,0.0,1
2,6,1,0.4117647058823529,9
2,6,2,0.5294117647058824,9
2,6,3,0.23529411764705882,9
2,6,4,0.4117647058823529,9
2,6,5,0.23529411764705882,9
2,6,6,0.35294117647058826,9
2,6,7,0.23529411764705882,9
2,6,8,0.4117647058823529,9
2,6,9,0.17647058823529413,9
2,6,10,0.29411764705882354,9
2,6,11,0.11764705882352941,9
2,6,12,0.17647058823529413,9
2,6,13,0.11764705882352941,9
2,6,14,0.058823529411764705,9
2,6,15,0.0,9
2,6,16,0.0,9
2,6,17,0.0,9
2,6,18,0.0,9
2,6,19,0.0,9
2,6,20,0.0,9
2,6,21,0.0,9
2,6,22,0.0,9
2,6,23,0.0,9
2,6,24,0.0,9
2,6,25,0.0,9
2,6,26,0.0,9
2,6,27,0.0,9
2,6,28,0.0,9
2,6,29,0.0,9
2,6,30,0.0,9
2,6,31,0.0,9
2,6,32,0.0,9
2,6,33,0.0,9
2,6,34,0.0,9
2,6,35,0.0,9
2,6,36,0.0,9
2,7,1,0.0,2
2,7,2,0.0,2
2,7,3,0.0,2
2,7,4,0.0,2
2,7,5,0.0,2
2,7,6,0.0,2
2,7,7,0.0,2
2,7,8,0.0,2
2,7,9,0.0,2
2,7,10,0.3333333333333333,2
2,7,11,0.0,2
2,7,12,0.0,2
2,7,13,0.0,2
2,7,14,0.0,2
2,7,15,0.0,2
2,7,16,0.0,2
2,7,17,0.0,2
2,7,18,0.0,2
2,7,19,0.0,2
2,7,20,0.0,2
2,7,21,0.0,2
2,7,22,0.0,2
2,7,23,0.0,2
2,7,24,0.0,2
2,7,25,0.0,2
2,7,26,0.0,2
2,7,27,0.0,2
2,7,28,0.0,2
2,7,29,0.0,2
2,7,30,0.0,2
2,7,31,0.0,2
2,7,32,0.0,2
2,7,33,0.0,2
2,7,34,0.0,2
2,7,35,0.0,2
2,7,36,0.0,2
2,12,1,0.0,1
2,12,2,0.0,1
2,12,3,0.0,1
2,12,4,0.0,1
2,12,5,0.0,1
2,12,6,0.0,1
2,12,7,0.0,1
2,12,8,0.0,1
2,12,9,0.0,1
2,12,10,0.0,1
2,12,11,0.0,1
2,12,12,0.0,1
2,12,13,0.0,1
2,12,14,0.0,1
2,12,15,0.0,1
2,16,1,0.2222222222222222,5
2,16,2,0.0,5
2,16,3,0.0,5
2,16,4,0.0,5
2,16,5,0.0,5
2,16,6,0.0,5
2,16,7,0.0,5
2,16,8,0.0,5
2,16,9,0.0,5
2,16,10,0.0,5
2,16,11,0.0,5
2,16,12,0.3333333333333333,5
2,16,13,0.0,5
2,16,14,0.0,5
2,16,15,0.0,5
2,16,16,0.0,5
2,16,17,0.0,5
2,16,18,0.0,5
2,16,19,0.0,5
2,16,20,0.0,5
2,16,21,0.1111111111111111,5
2,16,22,0.14285714285714285,4
2,16,23,0.0,4
2,16,24,0.14285714285714285,4
2,16,25,0.0,4
2,16,26,0.0,4
2,16,27,0.0,4
2,16,28,0.0,4
2,16,29,0.0,4
2,16,30,0.0,4
2,16,31,0.0,4
2,16,32,0.0,4
2,16,33,0.2857142857142857,4
2,16,34,0.4,3
2,16,35,0.0,3
2,16,36,0.0,3
2,17,1,0.125,9
2,17,2,0.045454545454545456,8
2,17,3,0.13636363636363635,8
2,17,4,0.09090909090909091,8
2,17,5,0.045454545454545456,8
2,17,6,0.09090909090909091,8
2,17,7,0.05,7
2,17,8,0.25,7
2,17,9,0.1111111111111111,6
2,17,10,0.0,5
2,17,11,0.125,5
2,17,12,0.125,5
2,17,13,0.0,4
2,17,14,0.0,4
2,17,15,0.0,4
2,17,16,0.0,4
2,17,17,0.0,4
2,17,18,0.0,4
2,17,19,0.0,4
2,17,20,0.16666666666666666,4
2,17,21,0.08333333333333333,4
2,17,22,0.0,4
2,17,23,0.16666666666666666,4
2,17,24,0.3333333333333333,4
2,17,25,0.0,4
2,17,26,0.08333333333333333,4
2,17,27,0.25,4
2,17,28,0.16666666666666666,4
2,17,29,0.08333333333333333,4
2,17,30,0.16666666666666666,4
2,17,31,0.0,4
2,17,32,0.3333333333333333,4
2,17,33,0.0,4
2,17,34,0.08333333333333333,4
2,17,35,0.3333333333333333,4
2,17,36,0.2,3
2,18,1,0.2553191489361702,21
2,18,2,0.3191489361702127,21
2,18,3,0.3191489361702127,21
2,18,4,0.14361702127659573,21
2,18,5,0.07978723404255318,21
2,18,6,0.22826086956521738,20
2,18,7,0.16304347826086957,20
2,18,8,0.18478260869565213,20
2,18,9,0.25181159420289856,20
2,18,10,0.22282608695652176,20
2,18,11,0.2826086956521739,20
2,18,12,0.13372093023255813,19
2,18,13,0.19186046511627905,19
2,18,14,0.2325581395348837,19
2,18,15,0.1130952380952381,18
2,18,16,0.17857142857142858,18
2,18,17,0.22619047619047614,18
2,18,18,0.2037037037037037,17
2,18,19,0.17901234567901236,17
2,18,20,0.2839506172839506,17
2,18,21,0.19230769230769232,16
2,18,22,0.21153846153846154,16
2,18,23,0.15277777777777776,15
2,18,24,0.20833333333333334,15
2,18,25,0.05797101449275362,14
2,18,26,0.11111111111111109,13
2,18,27,0.12698412698412698,13
2,18,28,0.11111111111111109,13
2,18,29,0.34210526315789475,12
2,18,30,0.2777777777777778,11
2,18,31,0.3333333333333333,11
2,18,32,0.28125,10
2,18,33,0.22916666666666666,10
2,18,34,0.14583333333333334,10
2,18,35,0.19791666666666666,10
2,18,36,0.16666666666666666,10
20,2,1,0.0,1
20,2,2,0.0,1
20,2,3,0.0,1
20,2,4,0.0,1
20,2,5,0.0,1
20,2,6,0.0,1
20,2,7,0.0,1
20,2,8,0.0,1
20,2,9,0.0,1
20,2,10,0.0,1
20,2,11,0.0,1
20,2,12,0.0,1
20,2,13,0.0,1
20,2,14,0.0,1
20,2,15,0.0,1
20,2,16,0.0,1
20,2,17,0.0,1
20,2,18,0.0,1
20,2,19,0.0,1
20,2,20,0.0,1
20,2,21,0.0,1
20,2,22,0.0,1
20,2,23,0.0,1
20,2,24,0.0,1
20,2,25,0.0,1
20,2,26,0.0,1
20,2,27,0.0,1
20,2,28,0.0,1
20,2,29,0.0,1
20,2,30,0.0,1
20,2,31,0.0,1
20,2,32,0.0,1
20,2,33,0.0,1
20,2,34,0.0,1
20,2,35,0.0,1
20,2,36,0.0,1
20,3,1,0.0,2
20,3,2,0.0,2
20,3,3,0.0,2
20,3,4,0.0,2
20,3,5,0.0,2
20,3,6,0.0,2
20,3,7,0.0,2
20,3,8,0.0,2
20,3,9,0.0,2
20,3,10,0.0,2
20,3,11,0.0,2
20,3,12,0.0,2
20,3,13,0.3333333333333333,2
20,3,14,0.0,2
20,3,15,0.0,2
20,3,16,0.0,2
20,3,17,0.0,2
20,3,18,0.0,2
20,3,19,0.0,2
20,3,20,0.0,2
20,3,21,0.0,2
20,3,22,0.0,2
20,3,23,0.0,2
20,3,24,0.0,2
20,3,25,0.0,2
20,3,26,0.0,2
20,3,27,0.0,2
20,3,28,0.0,2
20,3,29,0.0,2
20,3,30,0.0,2
20,3,31,0.0,2
20,3,32,0.0,2
20,3,33,0.0,2
20,3,34,0.0,2
20,3,35,0.0,2
20,3,36,0.0,2
20,5,1,0.05263157894736842,8
20,5,2,0.28125,7
20,5,3,0.1,6
20,5,4,0.2,6
20,5,5,0.2,6
20,5,6,0.0,6
20,5,7,0.06666666666666667,6
20,5,8,0.2,6
20,5,9,0.23333333333333334,6
20,5,10,0.125,5
20,5,11,0.3333333333333333,5
20,5,12,0.2857142857142857,4
20,5,13,0.35714285714285715,4
20,5,14,0.4,3
20,5,15,0.2,3
20,5,16,0.2,3
20,5,17,0.0,3
20,5,18,0.4,3
20,5,19,0.0,3
20,5,20,0.13333333333333333,3
20,5,21,0.4,3
20,5,22,0.06666666666666667,3
20,5,23,0.3333333333333333,2
20,5,24,0.0,2
20,5,25,0.3333333333333333,1
20,5,26,1.0,1
20,5,27,0.0,1
20,7,1,0.18181818181818182,15
20,7,2,0.18181818181818182,15
20,7,3,0.09090909090909091,15
20,7,4,0.29545454545454547,15
20,7,5,0.22727272727272727,15
20,7,6,0.2727272727272727,15
20,7,7,0.22727272727272727,15
20,7,8,0.22727272727272727,15
20,7,9,0.20454545454545456,15
20,7,10,0.13636363636363635,15
20,7,11,0.09090909090909091,15
20,7,12,0.13636363636363635,15
20,7,13,0.22727272727272727,15
20,7,14,0.18181818181818182,15
20,7,15,0.1590909090909091,15
20,7,16,0.09090909090909091,15
20,7,17,0.1590909090909091,15
20,7,18,0.20454545454545456,15
20,7,19,0.1590909090909091,15
20,7,20,0.1590909090909091,15
20,7,21,0.09090909090909091,15
20,7,22,0.23809523809523808,14
20,7,23,0.09523809523809523,14
20,7,24,0.09523809523809523,14
20,7,25,0.11904761904761904,14
20,7,26,0.16666666666666666,14
20,7,27,0.05263157894736842,13
20,7,28,0.07894736842105263,13
20,7,29,0.10526315789473684,13
20,7,30,0.05263157894736842,13
20,7,31,0.08333333333333333,12
20,7,32,0.0,12
20,7,33,0.027777777777777776,12
20,7,34,0.0,12
20,7,35,0.15625,11
20,7,36,0.0,11
20,8,1,0.35714285714285715,5
20,8,2,0.42857142857142855,5
20,8,3,0.42857142857142855,5
20,8,4,0.08333333333333333,4
20,8,5,0.3333333333333333,4
20,8,6,0.125,3
20,8,7,0.16666666666666666,2
20,8,8,0.5,1
20,9,1,0.2213114754098361,15
20,9,2,0.024590163934426233,15
20,9,3,0.1885245901639344,15
20,9,4,0.19672131147540986,15
20,9,5,0.09836065573770493,15
20,9,6,0.13114754098360656,15
20,9,7,0.09289617486338798,15
20,9,8,0.11475409836065575,15
20,9,9,0.12295081967213116,15
20,9,10,0.13934426229508196,15
20,9,11,0.049180327868852465,15
20,9,12,0.10655737704918032,15
20,9,13,0.3770491803278688,15
20,9,14,0.30327868852459017,15
20,9,15,0.14754098360655737,15
20,9,16,0.16393442622950818,15
20,9,17,0.16363636363636364,14
20,9,18,0.05454545454545455,14
20,9,19,0.14545454545454545,14
20,9,20,0.15384615384615385,13
20,9,21,0.057692307692307696,13
20,9,22,0.057692307692307696,13
20,9,23,0.1634615384615385,13
20,9,24,0.057692307692307696,13
20,9,25,0.0,13
20,9,26,0.1826923076923077,13
20,9,27,0.22115384615384617,13
20,9,28,0.057692307692307696,13
20,9,29,0.14285714285714288,12
20,9,30,0.21739130434782608,11
20,9,31,0.06521739130434782,11
20,9,32,0.06976744186046512,10
20,9,33,0.05405405405405406,9
20,9,34,0.10810810810810811,9
20,9,35,0.20270270270270271,9
20,9,36,0.06756756756756757,9
20,10,1,0.25,8
20,10,2,0.08333333333333333,8
20,10,3,0.041666666666666664,8
20,10,4,0.041666666666666664,8
20,10,5,0.16666666666666666,8
20,10,6,0.25,8
20,10,7,0.25,8
20,10,8,0.0,8
20,10,9,0.08333333333333333,8
20,10,10,0.08333333333333333,8
20,10,11,0.041666666666666664,8
20,10,12,0.16666666666666666,8
20,10,13,0.08333333333333333,8
20,10,14,0.041666666666666664,8
20,10,15,0.0,8
20,10,16,0.08333333333333333,8
20,10,17,0.0,8
20,10,18,0.0,8
20,10,19,0.1,7
20,10,20,0.0,7
20,10,21,0.0,7
20,10,22,0.0,7
20,10,23,0.0,7
20,10,24,0.0,7
20,10,25,0.0,7
20,10,26,0.0,7
20,10,27,0.0,7
20,10,28,0.0,7
20,10,29,0.0,7
20,10,30,0.0,7
20,10,31,0.1,7
20,10,32,0.0,7
20,10,33,0.0,7
20,10,34,0.1,7
20,10,35,0.0,7
20,10,36,0.0,7
20,13,1,0.0,3
20,13,2,0.0,3
20,13,3,0.0,2
20,13,4,0.5,2
20,13,5,0.0,2
20,13,6,0.0,2
20,13,7,0.0,2
20,13,8,0.16666666666666666,2
20,13,9,0.0,2
20,13,10,0.0,2
20,13,11,0.0,1
20,13,12,0.3333333333333333,1
20,13,13,0.0,1
20,13,14,0.0,1
20,14,1,0.0,4
20,14,2,0.25,4
20,14,3,0.25,4
20,14,4,0.0,4
20,14,5,0.0,4
20,14,6,0.0,4
20,14,7,0.0,4
20,14,8,0.0,4
20,14,9,0.0,4
20,14,10,0.0,4
20,14,11,0.0,4
20,14,12,0.0,4
20,14,13,0.0,4
20,14,14,0.0,4
20,14,15,0.0,4
20,14,16,0.0,4
20,14,17,0.0,4
20,14,18,0.0,4
20,14,19,0.0,4
20,14,20,0.0,4
20,14,21,0.0,4
20,14,22,0.0,4
20,14,23,0.0,4
20,14,24,0.0,4
20,14,25,0.0,4
20,14,26,0.0,4
20,14,27,0.0,4
20,14,28,0.25,4
20,14,29,0.0,4
20,14,30,0.25,4
20,14,31,0.25,4
20,14,32,0.0,4
20,14,33,0.25,4
20,14,34,0.0,4
20,14,35,0.0,4
20,14,36,0.0,4
20,15,1,0.0,2
20,15,2,0.0,2
20,15,3,0.0,2
20,15,4,0.0,2
20,15,5,0.0,2
20,15,6,0.0,2
20,15,7,0.0,2
20,15,8,0.0,2
20,15,9,0.0,2
20,15,10,0.0,2
20,15,11,0.0,2
20,15,12,0.0,2
20,15,13,0.0,2
20,15,14,0.0,2
20,15,15,0.0,2
20,15,16,0.5,2
20,15,17,0.0,2
20,15,18,0.0,1
20,15,19,0.0,1
20,15,20,0.0,1
20,15,21,0.0,1
20,15,22,0.0,1
20,15,23,0.0,1
20,15,24,0.0,1
20,15,25,0.0,1
20,15,26,0.0,1
20,15,27,0.0,1
20,15,28,0.0,1
20,15,29,0.0,1
20,15,30,0.0,1
20,15,31,0.0,1
20,15,32,0.0,1
20,15,33,0.0,1
20,16,1,0.18181818181818182,5
20,16,2,0.0,5
20,16,3,0.0,5
20,16,4,0.0,5
20,16,5,0.0,5
20,16,6,0.09090909090909091,5
20,16,7,0.30303030303030304,5
20,16,8,0.09090909090909091,5
20,16,9,0.0,5
20,16,10,0.0,5
20,16,11,0.0,5
20,16,12,0.0,5
20,16,13,0.0,5
20,16,14,0.0,5
20,16,15,0.0,5
20,16,16,0.0,5
20,16,17,0.0,5
20,16,18,0.0,5
20,16,19,0.0,5
20,16,20,0.0,5
20,16,21,0.0,4
20,16,22,0.0,4
20,16,23,0.0,4
20,16,24,0.0,4
20,16,25,0.0,4
20,16,26,0.0,4
20,16,27,0.0,4
20,16,28,0.0,4
20,16,29,0.0,4
20,16,30,0.0,4
20,16,31,0.0,4
20,16,32,0.0,4
20,16,33,0.0,4
20,16,34,0.0,4
20,16,35,0.0,4
20,16,36,0.0,4
20,17,1,0.0,1
20,17,2,0.0,1
20,17,3,0.0,1
20,17,4,0.0,1
20,17,5,0.0,1
20,17,6,0.0,1
20,17,7,0.0,1
20,17,8,0.0,1
20,17,9,0.0,1
20,17,10,0.0,1
20,17,11,0.0,1
20,17,12,0.0,1
20,17,13,0.0,1
20,17,14,0.0,1
20,17,15,0.0,1
20,17,16,0.0,1
20,17,17,0.0,1
20,17,18,0.0,1
20,17,19,0.0,1
20,17,20,0.0,1
20,17,21,0.0,1
20,17,22,0.0,1
20,17,23,0.0,1
20,18,1,0.0,5
20,18,2,0.0,5
20,18,3,0.0,5
20,18,4,0.0,5
20,18,5,0.25,5
20,18,6,0.0,5
20,18,7,0.125,5
20,18,8,0.0,5
20,18,9,0.0,5
20,18,10,0.125,5
20,18,11,0.0,5
20,18,12,0.125,5
20,18,13,0.125,5
20,18,14,0.0,5
20,18,15,0.125,5
20,18,16,0.0,5
20,18,17,0.0,5
20,18,18,0.0,5
20,18,19,0.0,5
20,18,20,0.25,5
20,18,21,0.0,5
20,18,22,0.0625,5
20,18,23,0.0,5
20,18,24,0.0,5
20,18,25,0.25,5
20,18,26,0.0,4
20,18,27,0.0,4
20,18,28,0.0,4
20,18,29,0.0,4
20,18,30,0.0,4
20,18,31,0.0,4
20,18,32,0.0,4
20,18,33,0.0,4
20,18,34,0.0,4
20,18,35,0.14285714285714285,4
20,18,36,0.0,3
21,2,1,0.19230769230769232,12
21,2,2,0.11538461538461539,12
21,2,3,0.2692307692307693,12
21,2,4,0.09615384615384615,12
21,2,5,0.14423076923076925,12
21,2,6,0.15384615384615385,12
21,2,7,0.11538461538461539,12
21,2,8,0.11538461538461539,12
21,2,9,0.09615384615384615,12
21,2,10,0.14423076923076925,12
21,2,11,0.057692307692307696,12
21,2,12,0.0,12
21,2,13,0.15384615384615385,12
21,2,14,0.19230769230769232,12
21,2,15,0.0673076923076923,12
21,2,16,0.057692307692307696,12
21,2,17,0.057692307692307696,12
21,2,18,0.020408163265306124,11
21,2,19,0.08527131782945738,10
21,2,20,0.023255813953488372,10
21,2,21,0.06976744186046512,10
21,2,22,0.11627906976744186,10
21,2,23,0.06976744186046512,10
21,2,24,0.13953488372093023,10
21,2,25,0.046511627906976744,10
21,2,26,0.06976744186046512,10
21,2,27,0.13953488372093023,10
21,2,28,0.2,9
21,2,29,0.15000000000000002,9
21,2,30,0.0,9
21,2,31,0.0,9
21,2,32,0.13157894736842105,8
21,2,33,0.02857142857142857,7
21,2,34,0.0,7
21,2,35,0.17142857142857143,7
21,2,36,0.2571428571428572,7
21,5,1,0.38636363636363635,11
21,5,2,0.10975609756097561,10
21,5,3,0.14634146341463417,10
21,5,4,0.24390243902439024,10
21,5,5,0.4024390243902439,10
21,5,6,0.3815789473684211,9
21,5,7,0.234375,8
21,5,8,0.23076923076923073,7
21,5,9,0.4038461538461538,7
21,5,10,0.3846153846153846,7
21,5,11,0.21739130434782605,6
21,5,12,0.14285714285714285,5
21,5,13,0.0,4
21,5,14,0.16666666666666666,4
21,5,15,0.4166666666666667,4
21,5,16,0.25,3
21,5,17,0.0,2
21,5,18,0.0,2
21,5,19,0.0,2
21,5,20,0.0,2
21,5,21,0.0,2
21,5,22,0.0,2
21,5,23,0.0,2
21,5,24,0.16666666666666666,2
21,5,25,0.3333333333333333,2
21,5,26,0.0,2
21,5,27,0.3333333333333333,2
21,5,28,0.16666666666666666,2
21,5,29,0.1111111111111111,2
21,5,30,0.16666666666666666,2
21,5,31,0.0,2
21,5,32,0.0,2
21,5,33,0.3333333333333333,2
21,5,34,0.3333333333333333,2
21,5,35,0.16666666666666666,2
21,5,36,0.0,2
21,6,1,0.2,3
21,6,2,0.0,3
21,6,3,0.0,3
21,6,4,0.0,3
21,6,5,0.0,3
21,6,6,0.0,3
21,6,7,0.0,3
21,6,8,0.0,3
21,6,9,0.0,3
21,6,10,0.4,3
21,6,11,0.2,3
21,6,12,0.0,3
21,6,13,0.0,3
21,6,14,0.0,3
21,6,15,0.0,3
21,6,16,0.0,3
21,6,17,0.0,3
21,6,18,0.0,3
21,6,19,0.0,3
21,6,20,0.0,3
21,6,21,0.0,3
21,6,22,0.0,3
21,6,23,0.0,3
21,6,24,0.0,3
21,6,25,0.0,3
21,6,26,0.0,3
21,6,27,0.0,3
21,6,28,0.0,3
21,6,29,0.0,3
21,6,30,0.0,3
21,6,31,0.0,3
21,6,32,0.0,3
21,6,33,0.0,3
21,6,34,0.0,3
21,6,35,0.0,3
21,6,36,0.0,3
21,7,1,0.0,4
21,7,2,0.0,4
21,7,3,0.0,4
21,7,4,0.0,4
21,7,5,0.2142857142857143,4
21,7,6,0.0,4
21,7,7,0.0,4
21,7,8,0.07142857142857144,4
21,7,9,0.0,4
21,7,10,0.0,4
21,7,11,0.0,4
21,7,12,0.0,4
21,7,13,0.07142857142857144,4
21,7,14,0.0,4
21,7,15,0.0,4
21,7,16,0.0,4
21,7,17,0.0,4
21,7,18,0.14285714285714288,4
21,7,19,0.0,4
21,7,20,0.0,4
21,7,21,0.10714285714285715,4
21,7,22,0.0,4
21,7,23,0.0,4
21,7,24,0.0,3
21,7,25,0.0,3
21,7,26,0.27272727272727276,3
21,7,27,0.0,3
21,7,28,0.0,3
21,7,29,0.0,3
21,7,30,0.0,3
21,7,31,0.0,3
21,7,32,0.0,2
21,7,33,0.0,2
21,7,34,0.0,2
21,7,35,0.0,2
21,7,36,0.0,2
21,12,1,0.0,1
21,12,2,0.0,1
21,12,3,0.0,1
21,12,4,0.0,1
21,16,1,0.0,3
21,16,2,0.0,3
21,16,3,0.2,3
21,16,4,0.0,3
21,16,5,0.0,3
21,16,6,0.0,3
21,16,7,0.0,3
21,16,8,0.0,3
21,16,9,0.0,3
21,16,10,0.4,3
21,16,11,0.0,3
21,16,12,0.0,3
21,16,13,0.2,3
21,16,14,0.0,3
21,16,15,0.0,3
21,16,16,0.0,3
21,16,17,0.0,3
21,16,18,0.0,3
21,16,19,0.0,3
21,16,20,0.0,3
21,16,21,0.0,3
21,16,22,0.0,3
21,16,23,0.0,3
21,16,24,0.0,3
21,16,25,0.0,3
21,16,26,0.0,3
21,16,27,0.0,3
21,16,28,0.0,3
21,16,29,0.0,3
21,16,30,0.0,3
21,16,31,0.0,3
21,16,32,0.0,3
21,16,33,0.0,3
21,16,34,0.0,3
21,16,35,0.0,3
21,16,36,0.0,3
21,17,1,0.19863013698630136,20
21,17,2,0.20714285714285713,19
21,17,3,0.15,19
21,17,4,0.21874999999999997,18
21,17,5,0.32031250000000006,18
21,17,6,0.1015625,18
21,17,7,0.0625,18
21,17,8,0.1015625,18
21,17,9,0.15517241379310345,17
21,17,10,0.13392857142857145,16
21,17,11,0.08035714285714286,16
21,17,12,0.053571428571428575,16
21,17,13,0.19811320754716985,15
21,17,14,0.12765957446808512,14
21,17,15,0.17045454545454547,13
21,17,16,0.11363636363636363,13
21,17,17,0.21951219512195122,12
21,17,18,0.14473684210526316,11
21,17,19,0.18421052631578946,11
21,17,20,0.15789473684210528,11
21,17,21,0.22368421052631576,11
21,17,22,0.2894736842105263,11
21,17,23,0.10526315789473684,11
21,17,24,0.1842105263157895,11
21,17,25,0.2894736842105263,11
21,17,26,0.21491228070175442,11
21,17,27,0.19736842105263158,11
21,17,28,0.15789473684210528,11
21,17,29,0.09210526315789473,11
21,17,30,0.3815789473684211,11
21,17,31,0.14473684210526316,11
21,17,32,0.2894736842105263,11
21,17,33,0.18421052631578946,11
21,17,34,0.2,10
21,17,35,0.40625,9
21,17,36,0.05,8
21,18,1,0.3894230769230769,24
21,18,2,0.3958333333333333,24
21,18,3,0.1826923076923077,24
21,18,4,0.1826923076923077,24
21,18,5,0.2644230769230769,24
21,18,6,0.1831683168316832,23
21,18,7,0.28217821782178226,23
21,18,8,0.2524752475247526,23
21,18,9,0.25247524752475253,23
21,18,10,0.2171717171717172,22
21,18,11,0.1464646464646465,22
21,18,12,0.10309278350515465,21
21,18,13,0.14948453608247425,21
21,18,14,0.154639175257732,21
21,18,15,0.16151202749140897,21
21,18,16,0.18041237113402067,21
21,18,17,0.08762886597938147,21
21,18,18,0.154639175257732,21
21,18,19,0.154639175257732,21
21,18,20,0.17553191489361702,20
21,18,21,0.2215909090909091,19
21,18,22,0.1524390243902439,18
21,18,23,0.2621951219512195,18
21,18,24,0.09349593495934959,18
21,18,25,0.07926829268292683,18
21,18,26,0.09429824561403509,17
21,18,27,0.17123287671232876,16
21,18,28,0.15714285714285714,15
21,18,29,0.15625,14
21,18,30,0.09836065573770492,13
21,18,31,0.23636363636363636,12
21,18,32,0.2909090909090909,12
21,18,33,0.31730769230769235,11
21,18,34,0.4038461538461538,11
21,18,35,0.2884615384615385,11
21,18,36,0.4,10
22,1,1,0.2,4
22,1,2,0.1,4
22,1,3,0.0,4
22,1,4,0.0,4
22,1,5,0.2,4
22,1,6,0.2,4
22,1,7,0.2,4
22,1,8,0.0,4
22,1,9,0.0,4
22,1,10,0.0,4
22,1,11,0.0,4
22,1,12,0.0,4
22,1,13,0.0,4
22,1,14,0.0,4
22,1,15,0.0,4
22,1,16,0.0,4
22,1,17,0.0,4
22,1,18,0.0,4
22,1,19,0.0,4
22,1,20,0.0,4
22,1,21,0.0,4
22,1,22,0.0,4
22,1,23,0.0,4
22,1,24,0.0,4
22,1,25,0.0,4
22,1,26,0.0,4
22,1,27,0.0,4
22,1,28,0.0,4
22,1,29,0.0,4
22,1,30,0.0,4
22,1,31,0.0,4
22,1,32,0.0,4
22,1,33,0.0,4
22,1,34,0.0,4
22,1,35,0.0,4
22,1,36,0.0,4
22,2,1,0.45,18
22,2,2,0.4,18
22,2,3,0.2,18
22,2,4,0.06666666666666667,18
22,2,5,0.11666666666666667,18
22,2,6,0.2,18
22,2,7,0.26666666666666666,18
22,2,8,0.3,18
22,2,9,0.16666666666666666,18
22,2,10,0.3,18
22,2,11,0.15,18
22,2,12,0.23333333333333334,18
22,2,13,0.2,18
22,2,14,0.2,18
22,2,15,0.08333333333333333,18
22,2,16,0.05,18
22,2,17,0.05,18
22,2,18,0.1,18
22,2,19,0.16666666666666666,18
22,2,20,0.26666666666666666,18
22,2,21,0.21666666666666667,18
22,2,22,0.23333333333333334,18
22,2,23,0.13333333333333333,18
22,2,24,0.17857142857142858,17
22,2,25,0.15384615384615385,16
22,2,26,0.10416666666666667,15
22,2,27,0.13043478260869565,14
22,2,28,0.043478260869565216,14
22,2,29,0.043478260869565216,14
22,2,30,0.13043478260869565,14
22,2,31,0.21428571428571427,13
22,2,32,0.42105263157894735,12
22,2,33,0.3333333333333333,11
22,2,34,0.5,10
22,2,35,0.25,10
22,2,36,0.125,10
22,5,1,0.09090909090909091,4
22,5,2,0.13636363636363638,4
22,5,3,0.0,4
22,5,4,0.0,3
22,5,5,0.0,3
22,5,6,0.0,2
22,5,7,0.0,2
22,5,8,0.0,2
22,5,9,0.30000000000000004,2
22,5,10,0.2,2
22,5,11,0.30000000000000004,2
22,5,12,0.2,2
22,5,13,0.0,2
22,5,14,0.0,2
22,5,15,0.0,1
22,6,1,0.25,2
22,6,2,0.0,2
22,6,3,0.0,2
22,6,4,0.0,2
22,6,5,0.0,2
22,6,6,0.0,2
22,6,7,0.0,2
22,6,8,0.0,2
22,6,9,0.0,2
22,6,10,0.0,2
22,6,11,0.0,2
22,6,12,0.0,2
22,6,13,0.0,2
22,6,14,0.0,2
22,6,15,0.0,2
22,6,16,0.0,2
22,6,17,0.0,2
22,6,18,0.0,2
22,6,19,0.0,2
22,6,20,0.0,2
22,6,21,0.0,2
22,6,22,0.0,2
22,6,23,0.0,2
22,6,24,0.0,2
22,6,25,0.0,2
22,6,26,0.0,2
22,6,27,0.0,2
22,6,28,0.0,2
22,6,29,0.0,2
22,6,30,0.0,2
22,6,31,0.0,2
22,6,32,0.0,2
22,6,33,0.0,2
22,6,34,0.0,2
22,6,35,0.0,2
22,6,36,0.0,2
22,12,1,0.4,10
22,12,2,0.5568181818181818,9
22,12,3,0.45454545454545453,9
22,12,4,0.45454545454545453,9
22,12,5,0.5526315789473685,8
22,12,6,0.31578947368421056,8
22,12,7,0.625,7
22,12,8,0.46875,7
22,12,9,0.3076923076923077,6
22,12,10,0.46153846153846156,6
22,12,11,0.4230769230769231,6
22,12,12,0.6000000000000001,5
22,12,13,0.4285714285714286,4
22,12,14,0.43749999999999994,3
22,12,15,0.8,2
22,12,16,0.5,1
22,16,1,0.0,1
22,16,2,0.0,1
22,16,3,0.0,1
22,16,4,0.0,1
22,16,5,0.0,1
22,16,6,0.0,1
22,16,7,0.0,1
22,16,8,0.0,1
22,16,9,0.0,1
22,16,10,0.0,1
22,16,11,0.0,1
22,16,12,0.0,1
22,16,13,0.0,1
22,16,14,0.0,1
22,16,15,0.0,1
22,16,16,0.0,1
22,16,17,0.0,1
22,16,18,0.0,1
22,16,19,0.0,1
22,16,20,0.0,1
22,16,21,0.0,1
22,16,22,0.0,1
22,16,23,0.0,1
22,16,24,0.0,1
22,16,25,0.0,1
22,16,26,0.0,1
22,16,27,0.0,1
22,16,28,0.0,1
22,16,29,0.0,1
22,17,1,0.365546218487395,27
22,17,2,0.3151260504201681,27
22,17,3,0.2327586206896552,26
22,17,4,0.23451327433628322,25
22,17,5,0.30088495575221236,25
22,17,6,0.1409090909090909,24
22,17,7,0.30000000000000004,24
22,17,8,0.1775700934579439,23
22,17,9,0.19626168224299062,23
22,17,10,0.29207920792079206,22
22,17,11,0.34736842105263155,21
22,17,12,0.27894736842105267,21
22,17,13,0.23157894736842102,21
22,17,14,0.20526315789473684,21
22,17,15,0.3105263157894737,21
22,17,16,0.3225806451612903,20
22,17,17,0.3064516129032258,20
22,17,18,0.3225806451612903,20
22,17,19,0.17204301075268816,20
22,17,20,0.11111111111111112,19
22,17,21,0.07738095238095237,18
22,17,22,0.1845238095238095,18
22,17,23,0.22619047619047622,18
22,17,24,0.17857142857142858,18
22,17,25,0.21428571428571427,18
22,17,26,0.21428571428571427,18
22,17,27,0.26785714285714285,18
22,17,28,0.2857142857142857,18
22,17,29,0.26785714285714285,18
22,17,30,0.19642857142857142,18
22,17,31,0.17857142857142858,18
22,17,32,0.26785714285714285,18
22,17,33,0.3095238095238095,18
22,17,34,0.27976190476190477,18
22,17,35,0.16666666666666666,17
22,17,36,0.11538461538461539,16
22,18,1,0.0,3
22,18,2,0.3333333333333333,3
22,18,3,0.0,3
22,18,4,0.0,3
22,18,5,0.0,3
22,18,6,0.0,3
22,18,7,0.0,3
22,18,8,0.0,3
22,18,9,0.0,3
22,18,10,0.0,3
22,18,11,0.0,3
22,18,12,0.0,3
22,18,13,0.0,3
22,18,14,0.3333333333333333,3
22,18,15,0.0,3
22,18,16,0.3333333333333333,3
22,18,17,0.0,3
22,18,18,0.0,3
22,18,19,0.0,3
22,18,20,0.0,3
22,18,21,0.0,3
22,18,22,0.0,3
22,18,23,0.0,3
22,18,24,0.0,3
22,18,25,0.0,3
22,18,26,0.0,3
22,18,27,0.0,3
22,18,28,0.0,2
22,18,29,0.0,2
22,18,30,0.0,2
22,18,31,0.0,2
22,18,32,0.0,2
22,18,33,0.0,2
22,18,34,0.0,2
22,18,35,0.0,2
22,18,36,0.0,2
23,3,1,0.2222222222222222,7
23,3,2,0.0,7
23,3,3,0.0,6
23,3,4,0.0,5
23,3,5,0.08333333333333333,5
23,3,6,0.3333333333333333,5
23,3,7,0.3333333333333333,5
23,3,8,0.08333333333333333,5
23,3,9,0.0,4
23,3,10,0.0,3
23,3,11,0.0,3
23,3,12,0.125,3
23,3,13,0.375,3
23,3,14,0.25,3
23,3,15,0.0,3
23,3,16,0.0,2
23,3,17,0.0,1
23,3,18,0.0,1
23,3,19,0.0,1
23,3,20,0.0,1
23,3,21,0.0,1
23,3,22,0.0,1
23,3,23,0.0,1
23,3,24,0.0,1
23,3,25,0.0,1
23,3,26,0.0,1
23,3,27,0.0,1
23,3,28,0.5,1
23,3,29,0.5,1
23,3,30,0.0,1
23,3,31,0.0,1
23,3,32,0.0,1
23,3,33,0.0,1
23,3,34,0.0,1
23,3,35,0.5,1
23,3,36,0.5,1
23,4,1,0.0,1
23,4,2,0.0,1
23,4,3,0.0,1
23,4,4,0.0,1
23,4,5,0.0,1
23,4,6,0.0,1
23,4,7,0.0,1
23,4,8,0.0,1
23,4,9,0.0,1
23,4,10,0.0,1
23,4,11,0.0,1
23,4,12,0.0,1
23,8,1,0.5,2
23,8,2,0.0,2
23,8,3,0.0,2
23,8,4,0.0,2
23,8,5,0.0,2
23,8,6,0.0,2
23,8,7,0.0,2
23,8,8,0.0,2
23,8,9,0.0,2
23,8,10,0.0,2
23,8,11,0.0,2
23,8,12,0.0,2
23,8,13,0.0,2
23,8,14,0.0,1
23,9,1,0.40963855421686746,19
23,9,2,0.3311688311688312,18
23,9,3,0.2597402597402597,18
23,9,4,0.22972972972972971,17
23,9,5,0.17647058823529413,16
23,9,6,0.217741935483871,15
23,9,7,0.33870967741935487,15
23,9,8,0.24193548387096778,15
23,9,9,0.288135593220339,14
23,9,10,0.23728813559322035,14
23,9,11,0.25892857142857145,13
23,9,12,0.4732142857142857,13
23,9,13,0.32142857142857145,13
23,9,14,0.2410714285714286,13
23,9,15,0.2410714285714286,13
23,9,16,0.22641509433962267,12
23,9,17,0.14,11
23,9,18,0.17045454545454547,10
23,9,19,0.5340909090909091,10
23,9,20,0.4090909090909091,10
23,9,21,0.45454545454545453,10
23,9,22,0.4204545454545454,10
23,9,23,0.4431818181818182,10
23,9,24,0.5657894736842105,9
23,9,25,0.609375,8
23,9,26,0.5384615384615384,7
23,9,27,0.30434782608695654,6
23,9,28,0.42857142857142855,5
23,9,29,0.07142857142857142,5
23,9,30,0.0,4
23,9,31,0.6666666666666666,4
23,9,32,0.5,4
23,9,33,0.5,4
23,9,34,0.25,4
23,9,35,0.5,4
23,9,36,0.25,4
23,11,1,0.5838926174496644,32
23,11,2,0.4832214765100671,32
23,11,3,0.41610738255033547,32
23,11,4,0.3691275167785235,32
23,11,5,0.30872483221476504,32
23,11,6,0.2751677852348993,32
23,11,7,0.2885906040268456,32
23,11,8,0.3422818791946308,32
23,11,9,0.29530201342281875,32
23,11,10,0.3221476510067114,32
23,11,11,0.3557046979865771,32
23,11,12,0.36912751677852346,32
23,11,13,0.37248322147651003,32
23,11,14,0.33892617449664425,32
23,11,15,0.2785234899328859,32
23,11,16,0.26510067114093955,32
23,11,17,0.14093959731543623,32
23,11,18,0.1610738255033557,32
23,11,19,0.2097902097902098,31
23,11,20,0.2299270072992701,30
23,11,21,0.29770992366412213,29
23,11,22,0.29770992366412213,29
23,11,23,0.40800000000000003,28
23,11,24,0.34800000000000003,28
23,11,25,0.276,28
23,11,26,0.22400000000000003,28
23,11,27,0.232,28
23,11,28,0.2113821138211382,27
23,11,29,0.23577235772357721,27
23,11,30,0.19918699186991867,27
23,11,31,0.2564102564102564,26
23,11,32,0.2894736842105263,25
23,11,33,0.2916666666666667,24
23,11,34,0.37254901960784315,23
23,11,35,0.43229166666666663,22
23,11,36,0.4139784946236559,21
23,14,1,0.2857142857142857,4
23,14,2,0.2857142857142857,4
23,14,3,0.14285714285714285,4
23,14,4,0.2857142857142857,4
23,14,5,0.2857142857142857,4
23,14,6,0.0,4
23,14,7,0.0,3
23,14,8,0.0,2
23,14,9,0.0,2
23,14,10,0.0,1
23,14,11,0.0,1
24,1,1,0.0,1
24,1,2,0.0,1
24,1,3,0.0,1
24,1,4,0.0,1
24,1,5,0.0,1
24,1,6,0.0,1
24,1,7,0.0,1
24,1,8,0.0,1
24,1,9,0.0,1
24,1,10,0.0,1
24,1,11,0.0,1
24,1,12,0.0,1
24,1,13,0.0,1
24,1,14,0.0,1
24,1,15,0.0,1
24,1,16,0.0,1
24,1,17,0.0,1
24,1,18,0.0,1
24,1,19,0.0,1
24,1,20,0.0,1
24,1,21,0.0,1
24,1,22,0.0,1
24,1,23,0.0,1
24,1,24,0.0,1
24,1,25,0.0,1
24,1,26,0.0,1
24,1,27,0.0,1
24,1,28,0.0,1
24,1,29,0.0,1
24,1,30,0.0,1
24,1,31,0.0,1
24,1,32,0.0,1
24,1,33,0.0,1
24,1,34,0.0,1
24,1,35,0.0,1
24,1,36,0.0,1
24,2,1,0.07142857142857144,5
24,2,2,0.0,5
24,2,3,0.0,5
24,2,4,0.0,5
24,2,5,0.0,5
24,2,6,0.0,5
24,2,7,0.0,5
24,2,8,0.0,5
24,2,9,0.10714285714285715,5
24,2,10,0.07142857142857144,5
24,2,11,0.0,5
24,2,12,0.0,5
24,2,13,0.0,5
24,2,14,0.07142857142857144,5
24,2,15,0.10714285714285715,5
24,2,16,0.0,5
24,2,17,0.0,5
24,2,18,0.0,5
24,2,19,0.0,4
24,2,20,0.0,4
24,2,21,0.0,4
24,2,22,0.0,4
24,2,23,0.0,4
24,2,24,0.27272727272727276,4
24,2,25,0.0,4
24,2,26,0.0,4
24,2,27,0.0,4
24,2,28,0.0,4
24,2,29,0.0,4
24,2,30,0.0,4
24,2,31,0.0,4
24,2,32,0.0,4
24,2,33,0.0,4
24,2,34,0.0,4
24,2,35,0.0,4
24,2,36,0.0,4
24,5,1,0.3333333333333333,10
24,5,2,0.3333333333333333,9
24,5,3,0.212962962962963,9
24,5,4,0.3166666666666666,8
24,5,5,0.3333333333333333,7
24,5,6,0.3863636363636364,6
24,5,7,0.18181818181818182,6
24,5,8,0.31578947368421056,5
24,5,9,0.0,4
24,5,10,0.13636363636363638,3
24,5,11,0.0,3
24,5,12,0.0,2
24,5,13,0.0,2
24,5,14,0.0,2
24,5,15,0.0,2
24,5,16,0.375,2
24,5,17,0.125,2
24,5,18,0.75,2
24,5,19,0.5,2
24,5,20,0.45833333333333337,2
24,5,21,0.125,2
24,5,22,0.25,2
24,5,23,0.8333333333333334,2
24,5,24,1.0,2
24,5,25,0.25,2
24,5,26,0.375,2
24,5,27,0.125,2
24,5,28,0.0,1
24,12,1,0.5789473684210527,16
24,12,2,0.506578947368421,16
24,12,3,0.33771929824561403,16
24,12,4,0.28289473684210525,16
24,12,5,0.17105263157894737,16
24,12,6,0.22297297297297292,15
24,12,7,0.2647058823529412,14
24,12,8,0.20588235294117646,14
24,12,9,0.1818181818181818,13
24,12,10,0.0606060606060606,13
24,12,11,0.05,12
24,12,12,0.017543859649122806,11
24,12,13,0.0,10
24,12,14,0.0,9
24,12,15,0.0,8
24,12,16,0.0,7
24,12,17,0.041666666666666664,7
24,12,18,0.09090909090909091,6
24,12,19,0.13636363636363635,6
24,12,20,0.2727272727272727,6
24,12,21,0.45454545454545453,6
24,12,22,0.5454545454545454,6
24,12,23,0.6818181818181818,6
24,12,24,0.7272727272727273,6
24,12,25,0.6363636363636364,6
24,12,26,0.4848484848484848,6
24,12,27,0.42424242424242425,6
24,12,28,0.3333333333333333,6
24,12,29,0.36363636363636365,6
24,12,30,0.4848484848484848,6
24,12,31,0.42424242424242425,6
24,12,32,0.42424242424242425,6
24,12,33,0.1515151515151515,6
24,12,34,0.18181818181818182,6
24,12,35,0.0,5
24,12,36,0.08333333333333333,4
24,17,1,0.6380090497737557,45
24,17,2,0.658256880733945,44
24,17,3,0.5998427672955974,43
24,17,4,0.6297169811320754,43
24,17,5,0.6014150943396226,43
24,17,6,0.5880952380952381,42
24,17,7,0.5452380952380952,42
24,17,8,0.5120772946859903,41
24,17,9,0.5121951219512195,40
24,17,10,0.49024390243902444,40
24,17,11,0.4853658536585367,40
24,17,12,0.42439024390243907,40
24,17,13,0.4682926829268293,40
24,17,14,0.41707317073170735,40
24,17,15,0.4292682926829269,40
24,17,16,0.40841584158415845,39
24,17,17,0.4170854271356784,38
24,17,18,0.5051020408163266,37
24,17,19,0.42091836734693877,37
24,17,20,0.44386873920552683,36
24,17,21,0.39572192513368987,35
24,17,22,0.4640883977900553,34
24,17,23,0.37937384898710863,34
24,17,24,0.45714285714285713,33
24,17,25,0.36046511627906974,32
24,17,26,0.4186746987951807,31
24,17,27,0.35937500000000006,30
24,17,28,0.3697916666666667,30
24,17,29,0.34493670886075956,29
24,17,30,0.33860759493670883,29
24,17,31,0.31329113924050633,29
24,17,32,0.3227848101265823,29
24,17,33,0.30379746835443033,29
24,17,34,0.2974683544303797,29
24,17,35,0.29032258064516125,28
24,17,36,0.26129032258064516,28
24,18,1,0.42857142857142855,5
24,18,2,0.35714285714285715,5
24,18,3,0.14285714285714285,5
24,18,4,0.0,5
24,18,5,0.0,5
24,18,6,0.0,5
24,18,7,0.0,5
24,18,8,0.0,5
24,18,9,0.0,5
24,18,10,0.0,5
24,18,11,0.14285714285714285,5
24,18,12,0.07142857142857142,5
24,18,13,0.14285714285714285,5
24,18,14,0.07142857142857142,5
24,18,15,0.0,5
24,18,16,0.0,5
24,18,17,0.0,5
24,18,18,0.0,5
24,18,19,0.0,4
24,18,20,0.0,4
24,18,21,0.0,4
24,18,22,0.0,4
24,18,23,0.0,4
24,18,24,0.0,4
24,18,25,0.0,4
24,18,26,0.0,4
24,18,27,0.0,4
24,18,28,0.0,4
24,18,29,0.0,4
24,18,30,0.0,3
24,18,31,0.0,2
24,18,32,0.0,1
25,3,1,0.36666666666666664,12
25,3,2,0.23333333333333334,12
25,3,3,0.1,12
25,3,4,0.06666666666666667,12
25,3,5,0.06666666666666667,12
25,3,6,0.03333333333333333,12
25,3,7,0.03333333333333333,12
25,3,8,0.13333333333333333,12
25,3,9,0.16666666666666666,12
25,3,10,0.26666666666666666,12
25,3,11,0.2857142857142857,11
25,3,12,0.21428571428571427,11
25,3,13,0.14285714285714285,11
25,3,14,0.03571428571428571,11
25,3,15,0.0,11
25,3,16,0.03571428571428571,11
25,3,17,0.07142857142857142,11
25,3,18,0.07142857142857142,11
25,3,19,0.08333333333333333,10
25,3,20,0.22727272727272727,9
25,3,21,0.35,8
25,3,22,0.3,8
25,3,23,0.25,8
25,3,24,0.05555555555555555,7
25,3,25,0.1111111111111111,7
25,3,26,0.0,7
25,3,27,0.0,7
25,3,28,0.0,7
25,3,29,0.05555555555555555,7
25,3,30,0.125,6
25,3,31,0.14285714285714285,5
25,3,32,0.0,4
25,3,33,0.08333333333333333,4
25,3,34,0.0,4
25,3,35,0.0,4
25,3,36,0.0,4
25,4,1,0.0,2
25,4,2,0.0,2
25,4,3,0.0,2
25,4,4,0.16666666666666666,2
25,4,5,0.0,2
25,4,6,0.0,2
25,4,7,0.0,2
25,4,8,0.0,2
25,4,9,0.0,2
25,4,10,0.0,1
25,4,11,0.0,1
25,4,12,0.0,1
25,4,13,0.0,1
25,8,1,0.2857142857142857,4
25,8,2,0.21428571428571427,4
25,8,3,0.14285714285714285,4
25,8,4,0.0,4
25,8,5,0.0,4
25,8,6,0.0,4
25,8,7,0.0,4
25,8,8,0.0,4
25,8,9,0.0,4
25,8,10,0.0,4
25,8,11,0.0,4
25,8,12,0.0,4
25,8,13,0.0,3
25,8,14,0.0,2
25,8,15,0.0,1
25,9,1,0.8014705882352942,38
25,9,2,0.7279411764705882,38
25,9,3,0.6911764705882353,38
25,9,4,0.6470588235294118,38
25,9,5,0.6176470588235294,38
25,9,6,0.5735294117647058,38
25,9,7,0.5661764705882353,38
25,9,8,0.5294117647058824,38
25,9,9,0.5367647058823529,38
25,9,10,0.5441176470588235,38
25,9,11,0.5441176470588235,38
25,9,12,0.5514705882352942,38
25,9,13,0.5588235294117647,38
25,9,14,0.5220588235294118,38
25,9,15,0.47794117647058826,38
25,9,16,0.47794117647058826,38
25,9,17,0.4338235294117647,38
25,9,18,0.38235294117647056,38
25,9,19,0.36764705882352944,38
25,9,20,0.3283582089552239,37
25,9,21,0.3106060606060606,36
25,9,22,0.3046875,35
25,9,23,0.31451612903225806,34
25,9,24,0.33064516129032256,34
25,9,25,0.3225806451612903,34
25,9,26,0.33064516129032256,34
25,9,27,0.29838709677419356,34
25,9,28,0.3064516129032258,34
25,9,29,0.2903225806451613,34
25,9,30,0.2786885245901639,33
25,9,31,0.3,32
25,9,32,0.288135593220339,31
25,9,33,0.2719298245614035,30
25,9,34,0.24545454545454545,29
25,9,35,0.2641509433962264,28
25,9,36,0.28431372549019607,27
25,10,1,0.0,1
25,10,2,0.0,1
25,10,3,0.0,1
25,10,4,0.0,1
25,10,5,0.0,1
25,10,6,0.0,1
25,10,7,0.0,1
25,10,8,0.0,1
25,10,9,0.0,1
25,10,10,0.0,1
25,10,11,0.0,1
25,10,12,0.0,1
25,10,13,0.0,1
25,10,14,0.0,1
25,10,15,0.0,1
25,10,16,0.0,1
25,10,17,0.0,1
25,10,18,0.0,1
25,10,19,0.0,1
25,10,20,0.0,1
25,10,21,0.0,1
25,10,22,0.0,1
25,10,23,0.0,1
25,10,24,0.0,1
25,10,25,0.0,1
25,10,26,0.0,1
25,10,27,0.0,1
25,10,28,0.0,1
25,10,29,0.0,1
25,10,30,0.0,1
25,10,31,0.0,1
25,10,32,0.0,1
25,10,33,0.0,1
25,10,34,0.0,1
25,10,35,0.0,1
25,10,36,0.0,1
25,13,1,0.0,1
25,13,2,0.0,1
25,13,3,0.0,1
25,13,4,0.0,1
25,13,5,0.0,1
25,13,6,0.0,1
25,13,7,0.0,1
25,13,8,0.0,1
25,13,9,0.0,1
25,13,10,0.0,1
25,13,11,0.0,1
25,13,12,0.0,1
25,13,13,0.0,1
25,14,1,0.6363636363636364,19
25,14,2,0.5806451612903226,18
25,14,3,0.41379310344827586,17
25,14,4,0.3148148148148148,16
25,14,5,0.26,15
25,14,6,0.1875,14
25,14,7,0.2727272727272727,13
25,14,8,0.18181818181818182,13
25,14,9,0.2727272727272727,13
25,14,10,0.3181818181818182,13
25,14,11,0.40476190476190477,12
25,14,12,0.2857142857142857,12
25,14,13,0.2857142857142857,12
25,14,14,0.3333333333333333,12
25,14,15,0.38095238095238093,12
25,14,16,0.42857142857142855,12
25,14,17,0.4,11
25,14,18,0.4444444444444444,10
25,14,19,0.3333333333333333,10
25,14,20,0.5,10
25,14,21,0.4444444444444444,10
25,14,22,0.5555555555555556,10
25,14,23,0.5277777777777778,10
25,14,24,0.5555555555555556,10
25,14,25,0.625,9
25,14,26,0.5714285714285714,8
25,14,27,0.625,7
25,14,28,0.3,6
25,14,29,0.0625,5
25,14,30,0.0,5
25,14,31,0.25,5
25,14,32,0.25,5
25,14,33,0.4375,5
25,14,34,0.4375,5
25,14,35,0.375,5
25,14,36,0.625,5
26,3,1,0.32142857142857145,10
26,3,2,0.21428571428571427,10
26,3,3,0.2857142857142857,10
26,3,4,0.19230769230769232,9
26,3,5,0.13636363636363635,8
26,3,6,0.0,7
26,3,7,0.0,7
26,3,8,0.375,6
26,3,9,0.16666666666666666,5
26,3,10,0.16666666666666666,5
26,3,11,0.5,5
26,3,12,0.3333333333333333,5
26,3,13,0.3333333333333333,5
26,3,14,0.0,5
26,3,15,0.0,5
26,3,16,0.16666666666666666,5
26,3,17,0.125,4
26,3,18,0.25,4
26,3,19,0.625,4
26,3,20,0.375,4
26,3,21,0.625,4
26,3,22,0.625,4
26,3,23,0.375,4
26,3,24,0.375,4
26,3,25,0.3333333333333333,3
26,3,26,0.16666666666666666,3
26,3,27,0.0,2
26,3,28,0.0,1
26,3,29,0.0,1
26,8,1,0.0,1
26,8,2,0.0,1
26,8,3,0.0,1
26,8,4,0.0,1
26,8,5,0.0,1
26,8,6,0.0,1
26,8,7,0.0,1
26,8,8,0.0,1
26,8,9,0.0,1
26,8,10,0.0,1
26,8,11,0.0,1
26,8,12,0.0,1
26,8,13,0.0,1
26,8,14,0.0,1
26,9,1,0.16666666666666666,14
26,9,2,0.21052631578947367,13
26,9,3,0.20588235294117646,12
26,9,4,0.03125,11
26,9,5,0.09375,11
26,9,6,0.125,11
26,9,7,0.1875,11
26,9,8,0.125,11
26,9,9,0.0625,11
26,9,10,0.14285714285714285,10
26,9,11,0.2857142857142857,10
26,9,12,0.0,10
26,9,13,0.20833333333333334,9
26,9,14,0.25,9
26,9,15,0.08333333333333333,9
26,9,16,0.16666666666666666,9
26,9,17,0.25,9
26,9,18,0.20833333333333334,9
26,9,19,0.25,9
26,9,20,0.2916666666666667,9
26,9,21,0.3333333333333333,9
26,9,22,0.20833333333333334,9
26,9,23,0.25,9
26,9,24,0.25,8
26,9,25,0.2,8
26,9,26,0.16666666666666666,7
26,9,27,0.125,6
26,9,28,0.125,6
26,9,29,0.0,6
26,9,30,0.2857142857142857,5
26,9,31,0.0,5
26,9,32,0.2857142857142857,5
26,9,33,0.35714285714285715,5
26,9,34,0.0,5
26,9,35,0.2857142857142857,5
26,9,36,0.07142857142857142,5
26,11,1,0.6987179487179487,44
26,11,2,0.7115384615384616,44
26,11,3,0.6346153846153846,44
26,11,4,0.6217948717948718,44
26,11,5,0.5961538461538461,44
26,11,6,0.5512820512820513,44
26,11,7,0.5897435897435898,44
26,11,8,0.532051282051282,44
26,11,9,0.5833333333333334,44
26,11,10,0.5448717948717948,44
26,11,11,0.6233766233766234,43
26,11,12,0.5855263157894737,42
26,11,13,0.6052631578947368,42
26,11,14,0.5723684210526315,42
26,11,15,0.5657894736842105,42
26,11,16,0.5657894736842105,42
26,11,17,0.5657894736842105,42
26,11,18,0.5675675675675675,41
26,11,19,0.5347222222222222,40
26,11,20,0.5357142857142857,39
26,11,21,0.5217391304347826,38
26,11,22,0.4925373134328358,37
26,11,23,0.4846153846153846,36
26,11,24,0.47692307692307695,36
26,11,25,0.47692307692307695,36
26,11,26,0.4461538461538462,36
26,11,27,0.4,36
26,11,28,0.4230769230769231,36
26,11,29,0.375,35
26,11,30,0.3671875,35
26,11,31,0.3467741935483871,34
26,11,32,0.38333333333333336,33
26,11,33,0.41379310344827586,32
26,11,34,0.39285714285714285,31
26,11,35,0.42592592592592593,30
26,11,36,0.40384615384615385,29
26,14,1,0.1111111111111111,6
26,14,2,0.2222222222222222,6
26,14,3,0.05555555555555555,6
26,14,4,0.0,6
26,14,5,0.0,6
26,14,6,0.1111111111111111,6
26,14,7,0.2857142857142857,5
26,14,8,0.16666666666666666,4
26,14,9,0.5,4
26,14,10,0.0,4
26,14,11,0.16666666666666666,4
26,14,12,0.16666666666666666,4
26,14,13,0.0,4
26,14,14,0.25,3
26,14,15,0.0,3
26,14,16,0.0,2
26,14,17,0.25,2
26,14,18,0.5,2
26,14,19,0.0,2
26,14,20,0.25,2
26,14,21,0.5,2
26,14,22,0.0,2
26,14,23,0.0,2
26,14,24,0.0,2
26,14,25,0.0,1
26,14,26,0.0,1
26,14,27,0.0,1
27,3,1,0.14285714285714285,5
27,3,2,0.0,5
27,3,3,0.14285714285714285,5
27,3,4,0.07142857142857142,5
27,3,5,0.0,4
27,3,6,0.0,4
27,3,7,0.0,4
27,3,8,0.0,4
27,3,9,0.0,4
27,3,10,0.0,4
27,3,11,0.0,4
27,3,12,0.0,4
27,3,13,0.2,4
27,3,14,0.4,4
27,3,15,0.0,4
27,3,16,0.0,4
27,3,17,0.2,4
27,3,18,0.0,3
27,3,19,0.0,2
27,3,20,0.0,2
27,3,21,0.0,2
27,3,22,0.0,1
27,3,23,0.5,1
27,3,24,0.0,1
27,3,25,0.0,1
27,3,26,1.0,1
27,3,27,0.5,1
27,3,28,0.0,1
27,3,29,0.0,1
27,3,30,0.0,1
27,3,31,0.0,1
27,3,32,0.0,1
27,3,33,0.0,1
27,3,34,0.0,1
27,3,35,0.0,1
27,3,36,0.0,1
27,8,1,0.3620689655172414,7
27,8,2,0.20689655172413796,7
27,8,3,0.18518518518518517,6
27,8,4,0.0,6
27,8,5,0.14814814814814814,6
27,8,6,0.33333333333333337,5
27,8,7,0.21428571428571427,5
27,8,8,0.4166666666666667,4
27,8,9,0.4,3
27,8,10,0.2,3
27,8,11,0.13333333333333333,3
27,8,12,0.13333333333333333,3
27,8,13,0.06666666666666667,3
27,8,14,0.0,2
27,8,15,0.0,1
27,9,1,0.3942307692307692,21
27,9,2,0.3653846153846154,21
27,9,3,0.2788461538461539,21
27,9,4,0.22115384615384615,21
27,9,5,0.27884615384615385,21
27,9,6,0.2259615384615385,21
27,9,7,0.21634615384615385,21
27,9,8,0.25961538461538464,21
27,9,9,0.32211538461538464,21
27,9,10,0.31730769230769235,21
27,9,11,0.40384615384615385,21
27,9,12,0.2980769230769231,21
27,9,13,0.21153846153846156,21
27,9,14,0.1923076923076923,21
27,9,15,0.2451923076923077,21
27,9,16,0.1682692307692308,21
27,9,17,0.24038461538461542,21
27,9,18,0.16346153846153846,21
27,9,19,0.25961538461538464,21
27,9,20,0.30612244897959184,20
27,9,21,0.37894736842105264,19
27,9,22,0.32065217391304346,18
27,9,23,0.29347826086956524,18
27,9,24,0.20108695652173914,18
27,9,25,0.21739130434782608,18
27,9,26,0.20930232558139536,17
27,9,27,0.06976744186046512,17
27,9,28,0.03488372093023256,17
27,9,29,0.11875000000000001,16
27,9,30,0.20625000000000002,16
27,9,31,0.2027027027027027,15
27,9,32,0.16216216216216214,15
27,9,33,0.08108108108108107,15
27,9,34,0.12162162162162161,15
27,9,35,0.0,15
27,9,36,0.16216216216216214,15
27,10,1,0.0,1
27,10,2,0.0,1
27,10,3,0.0,1
27,10,4,0.0,1
27,10,5,0.0,1
27,10,6,0.0,1
27,10,7,0.0,1
27,10,8,0.0,1
27,10,9,0.0,1
27,10,10,0.0,1
27,10,11,0.0,1
27,10,12,0.0,1
27,10,13,0.0,1
27,10,14,0.0,1
27,10,15,0.0,1
27,10,16,0.0,1
27,10,17,0.0,1
27,10,18,0.0,1
27,10,19,0.0,1
27,10,20,0.0,1
27,10,21,0.0,1
27,10,22,0.0,1
27,10,23,1.0,1
27,11,1,0.4603960396039604,21
27,11,2,0.42079207920792083,21
27,11,3,0.2871287128712871,21
27,11,4,0.22277227722772278,21
27,11,5,0.19306930693069307,21
27,11,6,0.25742574257425743,21
27,11,7,0.19306930693069307,21
27,11,8,0.19306930693069307,21
27,11,9,0.24257425742574257,21
27,11,10,0.27722772277227725,21
27,11,11,0.3118811881188119,21
27,11,12,0.400990099009901,21
27,11,13,0.26732673267326734,21
27,11,14,0.17821782178217824,21
27,11,15,0.15841584158415845,21
27,11,16,0.13366336633663367,21
27,11,17,0.10396039603960397,21
27,11,18,0.12376237623762378,21
27,11,19,0.08415841584158416,21
27,11,20,0.1386138613861386,21
27,11,21,0.1831683168316832,21
27,11,22,0.17821782178217824,21
27,11,23,0.2448979591836735,20
27,11,24,0.2755102040816327,20
27,11,25,0.13775510204081634,20
27,11,26,0.163265306122449,20
27,11,27,0.10204081632653063,20
27,11,28,0.11224489795918367,20
27,11,29,0.12244897959183675,20
27,11,30,0.11956521739130435,19
27,11,31,0.07608695652173914,19
27,11,32,0.12790697674418605,18
27,11,33,0.19767441860465115,18
27,11,34,0.25000000000000006,18
27,11,35,0.22500000000000003,17
27,11,36,0.3648648648648649,16
27,14,1,0.4745762711864406,12
27,14,2,0.33962264150943394,11
27,14,3,0.23529411764705882,10
27,14,4,0.22222222222222224,9
27,14,5,0.3333333333333333,9
27,14,6,0.4,9
27,14,7,0.4047619047619047,8
27,14,8,0.4047619047619047,8
27,14,9,0.369047619047619,8
27,14,10,0.47222222222222215,7
27,14,11,0.45,6
27,14,12,0.0,5
27,14,13,0.3333333333333333,4
27,14,14,0.4444444444444444,4
27,14,15,0.888888888888889,4
27,14,16,0.6666666666666666,4
27,14,17,0.75,3
27,14,18,0.6666666666666666,2
27,14,19,0.0,2
27,14,20,0.16666666666666666,2
27,14,21,0.3333333333333333,2
27,14,22,0.0,2
27,14,23,0.3333333333333333,2
27,14,24,0.7777777777777778,2
27,14,25,0.5555555555555555,2
27,14,26,0.6666666666666666,2
27,14,27,0.0,1
28,1,1,0.5,11
28,1,2,0.17647058823529413,11
28,1,3,0.11764705882352941,11
28,1,4,0.23529411764705882,11
28,1,5,0.2647058823529412,11
28,1,6,0.23529411764705882,11
28,1,7,0.058823529411764705,11
28,1,8,0.0,11
28,1,9,0.11764705882352941,11
28,1,10,0.23529411764705882,11
28,1,11,0.20588235294117646,11
28,1,12,0.14705882352941177,11
28,1,13,0.029411764705882353,11
28,1,14,0.0,11
28,1,15,0.11764705882352941,11
28,1,16,0.23529411764705882,11
28,1,17,0.17647058823529413,11
28,1,18,0.08823529411764706,11
28,1,19,0.11764705882352941,11
28,1,20,0.23529411764705882,11
28,1,21,0.29411764705882354,11
28,1,22,0.17647058823529413,11
28,1,23,0.058823529411764705,11
28,1,24,0.0,11
28,1,25,0.0,11
28,1,26,0.0,11
28,1,27,0.0,11
28,1,28,0.0,11
28,1,29,0.0,11
28,1,30,0.0,11
28,1,31,0.0,11
28,1,32,0.0,11
28,1,33,0.0,11
28,1,34,0.0,11
28,1,35,0.0,11
28,1,36,0.0,11
28,2,1,0.21428571428571427,4
28,2,2,0.0,4
28,2,3,0.0,4
28,2,4,0.0,4
28,2,5,0.0,4
28,2,6,0.0,4
28,2,7,0.0,4
28,2,8,0.0,4
28,2,9,0.0,4
28,2,10,0.21428571428571427,4
28,2,11,0.10714285714285714,4
28,2,12,0.0,4
28,2,13,0.0,4
28,2,14,0.07142857142857142,4
28,2,15,0.14285714285714285,4
28,2,16,0.0,4
28,2,17,0.0,4
28,2,18,0.0,4
28,2,19,0.0,4
28,2,20,0.0,4
28,2,21,0.0,4
28,2,22,0.0,4
28,2,23,0.0,4
28,2,24,0.0,4
28,2,25,0.07142857142857142,4
28,2,26,0.0,4
28,2,27,0.0,4
28,2,28,0.0,4
28,2,29,0.0,4
28,2,30,0.0,4
28,2,31,0.0,4
28,2,32,0.0,3
28,2,33,0.0,3
28,2,34,0.0,3
28,2,35,0.0,3
28,2,36,0.0,3
28,5,1,0.5,10
28,5,2,0.46875,10
28,5,3,0.5357142857142857,9
28,5,4,0.35714285714285715,9
28,5,5,0.3076923076923077,8
28,5,6,0.36363636363636365,7
28,5,7,0.2777777777777778,6
28,5,8,0.14285714285714285,5
28,5,9,0.4,4
28,5,10,0.125,3
28,5,11,0.0,3
28,5,12,0.3333333333333333,2
28,5,13,0.3333333333333333,2
28,5,14,0.0,2
28,5,15,0.0,1
28,5,16,0.5,1
28,5,17,0.0,1
28,5,18,0.5,1
28,5,19,1.0,1
28,5,20,1.0,1
28,5,21,1.0,1
28,5,22,1.0,1
28,5,23,0.5,1
28,5,24,0.0,1
28,5,25,1.0,1
28,5,26,0.0,1
28,5,27,0.0,1
28,6,1,0.2857142857142857,4
28,6,2,0.14285714285714285,4
28,6,3,0.14285714285714285,4
28,6,4,0.0,4
28,6,5,0.0,4
28,6,6,0.0,4
28,6,7,0.0,4
28,6,8,0.0,4
28,6,9,0.0,4
28,6,10,0.14285714285714285,4
28,6,11,0.0,4
28,6,12,0.2857142857142857,4
28,6,13,0.2857142857142857,4
28,6,14,0.0,4
28,6,15,0.0,4
28,6,16,0.0,4
28,6,17,0.0,4
28,6,18,0.0,4
28,6,19,0.0,4
28,6,20,0.0,4
28,6,21,0.0,4
28,6,22,0.0,4
28,6,23,0.0,4
28,6,24,0.0,4
28,6,25,0.0,4
28,6,26,0.0,4
28,6,27,0.0,4
28,6,28,0.0,4
28,6,29,0.0,4
28,6,30,0.0,4
28,6,31,0.0,4
28,6,32,0.0,4
28,6,33,0.0,4
28,6,34,0.0,4
28,6,35,0.0,4
28,6,36,0.0,4
28,7,1,0.0,2
28,7,2,0.0,2
28,7,3,0.0,2
28,7,4,0.0,2
28,7,5,0.0,2
28,7,6,0.0,2
28,7,7,0.0,2
28,7,8,0.0,2
28,7,9,0.0,2
28,7,10,0.0,2
28,7,11,0.0,2
28,7,12,0.25,2
28,7,13,0.0,2
28,7,14,0.0,2
28,7,15,0.0,2
28,7,16,0.0,2
28,7,17,0.0,2
28,7,18,0.0,2
28,7,19,0.0,2
28,7,20,0.0,2
28,7,21,0.0,2
28,7,22,0.0,2
28,7,23,0.0,2
28,7,24,0.0,2
28,7,25,0.0,2
28,7,26,0.0,2
28,7,27,0.0,2
28,7,28,0.0,2
28,7,29,0.0,2
28,7,30,0.0,2
28,7,31,0.0,2
28,7,32,0.0,1
28,7,33,0.0,1
28,7,34,0.0,1
28,7,35,0.0,1
28,7,36,0.0,1
28,17,1,0.4594594594594595,25
28,17,2,0.32857142857142857,24
28,17,3,0.22857142857142856,24
28,17,4,0.10606060606060606,23
28,17,5,0.140625,22
28,17,6,0.140625,22
28,17,7,0.109375,22
28,17,8,0.203125,22
28,17,9,0.359375,22
28,17,10,0.46875,22
28,17,11,0.484375,22
28,17,12,0.4032258064516129,21
28,17,13,0.2413793103448276,20
28,17,14,0.1111111111111111,19
28,17,15,0.15384615384615385,18
28,17,16,0.16,17
28,17,17,0.1,17
28,17,18,0.12,17
28,17,19,0.12,17
28,17,20,0.28,17
28,17,21,0.32,17
28,17,22,0.22916666666666666,16
28,17,23,0.2391304347826087,15
28,17,24,0.11363636363636363,14
28,17,25,0.15,13
28,17,26,0.225,13
28,17,27,0.3157894736842105,12
28,17,28,0.21052631578947367,12
28,17,29,0.18421052631578946,12
28,17,30,0.13157894736842105,12
28,17,31,0.15789473684210525,12
28,17,32,0.18421052631578946,12
28,17,33,0.10526315789473684,12
28,17,34,0.15789473684210525,12
28,17,35,0.16666666666666666,11
28,17,36,0.35294117647058826,10
28,18,1,0.6166666666666667,17
28,18,2,0.43333333333333335,17
28,18,3,0.48333333333333334,17
28,18,4,0.45,17
28,18,5,0.31666666666666665,17
28,18,6,0.23333333333333334,17
28,18,7,0.3333333333333333,17
28,18,8,0.35,17
28,18,9,0.38333333333333336,17
28,18,10,0.36666666666666664,17
28,18,11,0.4,17
28,18,12,0.4,17
28,18,13,0.3,17
28,18,14,0.26666666666666666,17
28,18,15,0.13333333333333333,17
28,18,16,0.13333333333333333,17
28,18,17,0.1724137931034483,16
28,18,18,0.14285714285714285,15
28,18,19,0.15384615384615385,14
28,18,20,0.20833333333333334,13
28,18,21,0.2608695652173913,12
28,18,22,0.2608695652173913,12
28,18,23,0.2608695652173913,12
28,18,24,0.17391304347826086,12
28,18,25,0.08695652173913043,12
28,18,26,0.045454545454545456,11
28,18,27,0.0,11
28,18,28,0.0,11
28,18,29,0.0,10
28,18,30,0.0,9
28,18,31,0.0,8
28,18,32,0.0,8
28,18,33,0.0,7
28,18,34,0.0,6
28,18,35,0.0,6
28,18,36,0.0,6
29,3,1,0.0,6
29,3,2,0.25,6
29,3,3,0.0,6
29,3,4,0.0,6
29,3,5,0.0,6
29,3,6,0.125,6
29,3,7,0.0,5
29,3,8,0.0,5
29,3,9,0.14285714285714285,5
29,3,10,0.0,5
29,3,11,0.14285714285714285,5
29,3,12,0.0,5
29,3,13,0.14285714285714285,5
29,3,14,0.14285714285714285,5
29,3,15,0.2857142857142857,5
29,3,16,0.1,4
29,3,17,0.2,4
29,3,18,0.0,3
29,3,19,0.0,3
29,3,20,0.0,3
29,3,21,0.0,3
29,3,22,0.125,3
29,3,23,0.0,3
29,3,24,0.0,3
29,3,25,0.25,3
29,3,26,0.0,3
29,3,27,0.625,3
29,3,28,0.25,3
29,3,29,0.3333333333333333,2
29,3,30,0.0,2
29,3,31,0.0,2
29,3,32,0.0,2
29,3,33,0.0,2
29,3,34,0.0,2
29,3,35,0.0,2
29,3,36,0.3333333333333333,2
29,8,1,0.0,1
29,8,2,0.0,1
29,8,3,0.0,1
29,8,4,0.0,1
29,8,5,0.0,1
29,8,6,0.0,1
29,8,7,0.0,1
29,8,8,0.0,1
29,8,9,0.0,1
29,8,10,0.0,1
29,8,11,0.0,1
29,8,12,0.0,1
29,8,13,0.0,1
29,8,14,0.0,1
29,9,1,0.47058823529411764,19
29,9,2,0.375,18
29,9,3,0.34375,18
29,9,4,0.296875,18
29,9,5,0.375,18
29,9,6,0.3125,18
29,9,7,0.375,18
29,9,8,0.3125,18
29,9,9,0.25,18
29,9,10,0.34375,18
29,9,11,0.23333333333333334,17
29,9,12,0.32142857142857145,16
29,9,13,0.39285714285714285,16
29,9,14,0.2857142857142857,16
29,9,15,0.32142857142857145,16
29,9,16,0.23214285714285715,16
29,9,17,0.39285714285714285,16
29,9,18,0.48214285714285715,16
29,9,19,0.38461538461538464,15
29,9,20,0.3541666666666667,14
29,9,21,0.22727272727272727,13
29,9,22,0.2727272727272727,13
29,9,23,0.22727272727272727,13
29,9,24,0.25,12
29,9,25,0.3157894736842105,11
29,9,26,0.29411764705882354,10
29,9,27,0.3125,9
29,9,28,0.125,9
29,9,29,0.26666666666666666,8
29,9,30,0.26666666666666666,8
29,9,31,0.15384615384615385,7
29,9,32,0.15384615384615385,7
29,9,33,0.23076923076923078,7
29,9,34,0.07692307692307693,7
29,9,35,0.15384615384615385,7
29,9,36,0.15384615384615385,7
29,11,1,0.8360655737704918,33
29,11,2,0.7377049180327869,33
29,11,3,0.6885245901639344,33
29,11,4,0.6639344262295082,33
29,11,5,0.639344262295082,33
29,11,6,0.6229508196721312,33
29,11,7,0.6065573770491803,33
29,11,8,0.5655737704918032,33
29,11,9,0.5245901639344263,33
29,11,10,0.5163934426229508,33
29,11,11,0.5573770491803278,33
29,11,12,0.5901639344262295,33
29,11,13,0.5409836065573771,33
29,11,14,0.48360655737704916,33
29,11,15,0.4262295081967213,33
29,11,16,0.38524590163934425,33
29,11,17,0.36065573770491804,33
29,11,18,0.3442622950819672,33
29,11,19,0.32786885245901637,33
29,11,20,0.29508196721311475,33
29,11,21,0.29508196721311475,33
29,11,22,0.2711864406779661,32
29,11,23,0.2807017543859649,31
29,11,24,0.2719298245614035,31
29,11,25,0.24561403508771928,31
29,11,26,0.20175438596491227,31
29,11,27,0.15789473684210525,31
29,11,28,0.16071428571428573,30
29,11,29,0.16071428571428573,30
29,11,30,0.15178571428571427,30
29,11,31,0.16071428571428573,30
29,11,32,0.16071428571428573,30
29,11,33,0.17857142857142858,30
29,11,34,0.17592592592592593,29
29,11,35,0.19230769230769232,28
29,11,36,0.19607843137254902,27
29,14,1,0.7,11
29,14,2,0.5,11
29,14,3,0.5555555555555556,10
29,14,4,0.75,9
29,14,5,0.7857142857142857,8
29,14,6,0.5833333333333334,7
29,14,7,0.45454545454545453,6
29,14,8,0.5555555555555556,5
29,14,9,0.7142857142857143,4
29,14,10,1.0,3
29,14,11,0.5,3
29,14,12,0.2,3
29,14,13,0.3333333333333333,2
29,14,14,1.0,1
29,14,15,1.0,1
29,14,16,0.0,1
29,14,17,0.0,1
3,1,1,0.0,3
3,1,2,0.0,3
3,1,3,0.0,3
3,1,4,0.0,3
3,1,5,0.0,3
3,1,6,0.0,3
3,1,7,0.0,3
3,1,8,0.0,3
3,1,9,0.0,3
3,1,10,0.0,3
3,1,11,0.0,3
3,1,12,0.0,3
3,1,13,0.16666666666666666,3
3,1,14,0.0,3
3,1,15,0.16666666666666666,3
3,1,16,0.0,3
3,1,17,0.0,3
3,1,18,0.0,3
3,1,19,0.0,3
3,1,20,0.0,3
3,1,21,0.0,3
3,1,22,0.0,3
3,1,23,0.0,3
3,1,24,0.0,3
3,1,25,0.0,3
3,1,26,0.0,3
3,1,27,0.0,3
3,1,28,0.16666666666666666,3
3,1,29,0.0,3
3,1,30,0.0,3
3,1,31,0.0,3
3,1,32,0.0,3
3,1,33,0.0,3
3,1,34,0.0,3
3,1,35,0.0,2
3,1,36,0.0,2
3,2,1,0.15517241379310345,12
3,2,2,0.1896551724137931,12
3,2,3,0.05172413793103449,12
3,2,4,0.06896551724137931,12
3,2,5,0.17241379310344826,12
3,2,6,0.20689655172413796,12
3,2,7,0.2241379310344828,12
3,2,8,0.15517241379310345,12
3,2,9,0.39655172413793105,12
3,2,10,0.05459770114942529,12
3,2,11,0.057692307692307696,11
3,2,12,0.21153846153846154,11
3,2,13,0.0673076923076923,11
3,2,14,0.4230769230769231,11
3,2,15,0.2884615384615385,11
3,2,16,0.15384615384615385,11
3,2,17,0.11538461538461539,11
3,2,18,0.16826923076923078,11
3,2,19,0.07142857142857142,10
3,2,20,0.023255813953488372,9
3,2,21,0.3488372093023256,9
3,2,22,0.06976744186046512,9
3,2,23,0.3488372093023256,9
3,2,24,0.10465116279069768,9
3,2,25,0.04054054054054054,8
3,2,26,0.06451612903225806,7
3,2,27,0.0,7
3,2,28,0.08064516129032256,7
3,2,29,0.2068965517241379,6
3,2,30,0.4137931034482758,6
3,2,31,0.025862068965517238,6
3,2,32,0.23076923076923073,5
3,2,33,0.05769230769230768,5
3,2,34,0.0,4
3,2,35,0.3,4
3,2,36,0.15,4
3,5,1,0.3333333333333333,2
3,5,2,0.0,2
3,5,3,0.0,2
3,5,4,0.0,2
3,5,5,0.0,2
3,5,6,0.0,2
3,5,7,0.0,2
3,5,8,0.0,2
3,5,9,0.0,2
3,5,10,0.0,2
3,5,11,0.0,2
3,5,12,0.0,1
3,6,1,0.631578947368421,20
3,6,2,0.5,20
3,6,3,0.42105263157894735,20
3,6,4,0.5263157894736842,20
3,6,5,0.4473684210526316,20
3,6,6,0.47368421052631576,20
3,6,7,0.42105263157894735,20
3,6,8,0.4473684210526316,20
3,6,9,0.42105263157894735,20
3,6,10,0.47368421052631576,20
3,6,11,0.39473684210526316,20
3,6,12,0.34210526315789475,20
3,6,13,0.2894736842105263,20
3,6,14,0.3684210526315789,20
3,6,15,0.3157894736842105,20
3,6,16,0.3157894736842105,20
3,6,17,0.23684210526315788,20
3,6,18,0.2236842105263158,20
3,6,19,0.13157894736842105,20
3,6,20,0.13157894736842105,20
3,6,21,0.15789473684210525,20
3,6,22,0.21052631578947367,20
3,6,23,0.21052631578947367,20
3,6,24,0.15789473684210525,20
3,6,25,0.07894736842105263,20
3,6,26,0.07894736842105263,20
3,6,27,0.05263157894736842,20
3,6,28,0.05263157894736842,20
3,6,29,0.013157894736842105,20
3,6,30,0.05555555555555555,19
3,6,31,0.05555555555555555,19
3,6,32,0.05555555555555555,19
3,6,33,0.0,19
3,6,34,0.05555555555555555,19
3,6,35,0.0,19
3,6,36,0.0,19
3,7,1,0.0,2
3,7,2,0.0,2
3,7,3,0.0,2
3,7,4,0.2,2
3,7,5,0.0,2
3,7,6,0.0,2
3,7,7,0.0,2
3,7,8,0.0,2
3,7,9,0.0,2
3,7,10,0.0,2
3,7,11,0.0,2
3,7,12,0.0,2
3,7,13,0.0,2
3,7,14,0.0,2
3,7,15,0.0,2
3,7,16,0.0,2
3,7,17,0.0,2
3,7,18,0.0,2
3,7,19,0.0,2
3,7,20,0.0,2
3,7,21,0.0,2
3,7,22,0.0,2
3,7,23,0.0,2
3,7,24,0.0,2
3,7,25,0.0,2
3,7,26,0.0,2
3,7,27,0.0,2
3,7,28,0.0,2
3,7,29,0.0,1
3,7,30,0.0,1
3,7,31,0.0,1
3,7,32,0.0,1
3,16,1,0.0,3
3,16,2,0.0,3
3,16,3,0.0,3
3,16,4,0.0,3
3,16,5,0.0,3
3,16,6,0.0,3
3,16,7,0.0,3
3,16,8,0.0,3
3,16,9,0.0,3
3,16,10,0.16666666666666666,3
3,16,11,0.0,3
3,16,12,0.0,3
3,16,13,0.0,3
3,16,14,0.0,3
3,16,15,0.0,3
3,16,16,0.0,3
3,16,17,0.0,3
3,16,18,0.16666666666666666,3
3,16,19,0.0,3
3,16,20,0.0,3
3,16,21,0.0,3
3,16,22,0.0,3
3,16,23,0.0,3
3,16,24,0.0,3
3,16,25,0.0,3
3,16,26,0.0,3
3,16,27,0.0,3
3,16,28,0.16666666666666666,3
3,16,29,0.0,3
3,16,30,0.0,3
3,16,31,0.0,3
3,16,32,0.0,3
3,16,33,0.0,3
3,16,34,0.0,3
3,16,35,0.0,3
3,16,36,0.0,3
3,17,1,0.38288288288288297,26
3,17,2,0.2958715596330276,25
3,17,3,0.2877358490566038,24
3,17,4,0.3058176100628931,24
3,17,5,0.3495145631067962,23
3,17,6,0.28960396039603964,22
3,17,7,0.29336734693877553,21
3,17,8,0.32105263157894737,20
3,17,9,0.25842696629213485,19
3,17,10,0.25280898876404495,19
3,17,11,0.15168539325842695,19
3,17,12,0.1544943820224719,19
3,17,13,0.27906976744186046,18
3,17,14,0.28125,17
3,17,15,0.2837837837837838,16
3,17,16,0.21621621621621623,16
3,17,17,0.2426470588235294,15
3,17,18,0.3185483870967742,14
3,17,19,0.38135593220338987,13
3,17,20,0.38983050847457634,13
3,17,21,0.4915254237288136,13
3,17,22,0.4811320754716982,12
3,17,23,0.5518867924528302,12
3,17,24,0.25,11
3,17,25,0.34,11
3,17,26,0.44000000000000006,11
3,17,27,0.46,11
3,17,28,0.4800000000000001,11
3,17,29,0.38000000000000006,11
3,17,30,0.44,11
3,17,31,0.43500000000000005,11
3,17,32,0.26595744680851063,10
3,17,33,0.2269503546099291,10
3,17,34,0.22872340425531917,10
3,17,35,0.23295454545454544,9
3,17,36,0.23170731707317074,8
3,18,1,0.0,6
3,18,2,0.09999999999999999,5
3,18,3,0.0,5
3,18,4,0.15686274509803919,4
3,18,5,0.0,4
3,18,6,0.2,3
3,18,7,0.0,3
3,18,8,0.13333333333333333,3
3,18,9,0.0,3
3,18,10,0.0,2
3,18,11,0.0,2
3,18,12,0.0,2
3,18,13,0.0,2
3,18,14,0.3333333333333333,2
3,18,15,0.0,2
3,18,16,0.0,2
3,18,17,0.0,2
3,18,18,0.6666666666666666,2
3,18,19,0.0,2
3,18,20,0.0,2
3,18,21,0.0,2
3,18,22,0.2222222222222222,2
3,18,23,0.0,2
3,18,24,0.3333333333333333,2
3,18,25,0.0,2
3,18,26,0.2222222222222222,2
3,18,27,0.0,2
3,18,28,0.0,1
3,18,29,0.0,1
3,18,30,0.0,1
3,18,31,0.0,1
3,18,32,1.0,1
3,18,33,0.0,1
3,18,34,0.0,1
3,18,35,0.0,1
3,18,36,0.3333333333333333,1
30,3,1,0.2571428571428572,9
30,3,2,0.02857142857142857,9
30,3,3,0.0,9
30,3,4,0.04285714285714286,9
30,3,5,0.0,9
30,3,6,0.0,9
30,3,7,0.0,9
30,3,8,0.08571428571428572,9
30,3,9,0.2142857142857143,9
30,3,10,0.17142857142857143,9
30,3,11,0.0,9
30,3,12,0.02857142857142857,9
30,3,13,0.1285714285714286,9
30,3,14,0.2142857142857143,9
30,3,15,0.0,9
30,3,16,0.0,9
30,3,17,0.0,9
30,3,18,0.04285714285714286,9
30,3,19,0.0,9
30,3,20,0.05714285714285714,9
30,3,21,0.06896551724137931,8
30,3,22,0.2884615384615385,7
30,3,23,0.46153846153846156,7
30,3,24,0.23076923076923078,7
30,3,25,0.0,7
30,3,26,0.0,7
30,3,27,0.0,7
30,3,28,0.0,7
30,3,29,0.0,7
30,3,30,0.038461538461538464,7
30,3,31,0.06521739130434782,6
30,3,32,0.1956521739130435,6
30,3,33,0.0,6
30,3,34,0.043478260869565216,6
30,3,35,0.0,5
30,3,36,0.07500000000000001,5
30,7,1,0.0,2
30,7,2,0.3333333333333333,2
30,7,3,0.0,2
30,7,4,0.0,2
30,7,5,0.0,2
30,7,6,0.0,2
30,7,7,0.0,2
30,7,8,0.0,2
30,7,9,0.0,2
30,7,10,0.0,2
30,7,11,0.0,2
30,7,12,0.0,2
30,7,13,0.0,2
30,7,14,0.0,2
30,7,15,0.0,2
30,7,16,0.0,2
30,7,17,0.0,2
30,7,18,0.0,2
30,7,19,0.0,2
30,7,20,0.0,2
30,7,21,0.0,2
30,7,22,0.0,2
30,7,23,0.0,2
30,7,24,0.0,2
30,7,25,0.0,2
30,7,26,0.0,2
30,7,27,0.0,2
30,7,28,0.0,2
30,7,29,0.0,2
30,7,30,0.0,2
30,7,31,0.0,2
30,7,32,0.0,2
30,7,33,0.0,2
30,7,34,0.0,2
30,7,35,0.0,2
30,7,36,0.0,1
30,8,1,0.5,9
30,8,2,0.35714285714285715,8
30,8,3,0.5,8
30,8,4,0.35714285714285715,8
30,8,5,0.3333333333333333,7
30,8,6,0.45454545454545453,6
30,8,7,0.5555555555555556,5
30,8,8,0.35714285714285715,4
30,8,9,0.2,3
30,8,10,0.0,3
30,8,11,0.0,3
30,8,12,0.4,3
30,8,13,0.2,3
30,8,14,0.0,2
30,8,15,0.25,2
30,8,16,0.0,2
30,8,17,0.5,2
30,8,18,0.5,2
30,8,19,0.5,2
30,8,20,0.75,2
30,8,21,1.0,2
30,8,22,0.5,2
30,8,23,0.25,2
30,8,24,1.0,2
30,8,25,0.5,2
30,8,26,0.0,1
30,8,27,1.0,1
30,8,28,1.0,1
30,9,1,0.6195652173913043,26
30,9,2,0.6413043478260869,26
30,9,3,0.5978260869565217,26
30,9,4,0.5434782608695652,26
30,9,5,0.6195652173913043,26
30,9,6,0.5,26
30,9,7,0.5434782608695652,26
30,9,8,0.5217391304347826,26
30,9,9,0.45652173913043476,26
30,9,10,0.4782608695652174,26
30,9,11,0.41304347826086957,26
30,9,12,0.4782608695652174,26
30,9,13,0.391304347826087,26
30,9,14,0.29347826086956524,26
30,9,15,0.3804347826086957,26
30,9,16,0.2391304347826087,26
30,9,17,0.31521739130434784,26
30,9,18,0.18478260869565216,26
30,9,19,0.16304347826086957,26
30,9,20,0.20652173913043478,26
30,9,21,0.15217391304347827,26
30,9,22,0.17777777777777778,25
30,9,23,0.18604651162790697,24
30,9,24,0.18604651162790697,24
30,9,25,0.13953488372093023,24
30,9,26,0.06976744186046512,24
30,9,27,0.06976744186046512,24
30,9,28,0.09302325581395349,24
30,9,29,0.09302325581395349,24
30,9,30,0.08139534883720931,24
30,9,31,0.05813953488372093,24
30,9,32,0.11627906976744186,24
30,9,33,0.09302325581395349,24
30,9,34,0.12195121951219512,23
30,9,35,0.12195121951219512,23
30,9,36,0.0975609756097561,23
30,10,1,0.0,1
30,10,2,0.0,1
30,10,3,0.0,1
30,10,4,0.0,1
30,10,5,0.0,1
30,10,6,0.0,1
30,10,7,0.0,1
30,10,8,0.0,1
30,10,9,0.0,1
30,10,10,0.0,1
30,10,11,0.0,1
30,10,12,0.0,1
30,10,13,0.0,1
30,10,14,0.0,1
30,10,15,0.0,1
30,10,16,0.0,1
30,10,17,0.0,1
30,10,18,0.0,1
30,10,19,0.0,1
30,10,20,0.0,1
30,10,21,0.0,1
30,10,22,0.0,1
30,10,23,0.0,1
30,10,24,0.0,1
30,10,25,0.0,1
30,10,26,0.0,1
30,10,27,0.0,1
30,10,28,0.0,1
30,10,29,0.0,1
30,10,30,0.0,1
30,10,31,0.0,1
30,10,32,0.0,1
30,10,33,0.0,1
30,10,34,0.0,1
30,10,35,0.0,1
30,10,36,0.0,1
30,11,1,0.0,1
30,11,2,0.0,1
30,11,3,0.0,1
30,11,4,0.0,1
30,11,5,0.0,1
30,11,6,0.0,1
30,11,7,0.0,1
30,11,8,0.0,1
30,11,9,0.0,1
30,11,10,0.0,1
30,11,11,0.0,1
30,11,12,0.0,1
30,11,13,0.0,1
30,11,14,0.0,1
30,11,15,0.0,1
30,11,16,0.0,1
30,11,17,0.0,1
30,11,18,0.0,1
30,11,19,0.0,1
30,11,20,0.0,1
30,11,21,0.0,1
30,11,22,0.0,1
30,11,23,0.0,1
30,11,24,0.0,1
30,11,25,0.0,1
30,11,26,0.0,1
30,11,27,0.0,1
30,11,28,0.0,1
30,11,29,0.0,1
30,11,30,0.0,1
30,11,31,0.0,1
30,11,32,0.0,1
30,11,33,0.0,1
30,11,34,0.0,1
30,11,35,0.0,1
30,11,36,0.0,1
30,14,1,0.552,23
30,14,2,0.40800000000000003,23
30,14,3,0.3781512605042017,22
30,14,4,0.252212389380531,21
30,14,5,0.37168141592920356,21
30,14,6,0.39823008849557523,21
30,14,7,0.504424778761062,21
30,14,8,0.6106194690265487,21
30,14,9,0.4513274336283186,21
30,14,10,0.2920353982300885,21
30,14,11,0.28037383177570097,20
30,14,12,0.38613861386138615,19
30,14,13,0.489795918367347,18
30,14,14,0.489795918367347,18
30,14,15,0.489795918367347,18
30,14,16,0.5217391304347826,17
30,14,17,0.3370786516853933,16
30,14,18,0.23493975903614459,15
30,14,19,0.31168831168831174,14
30,14,20,0.3802816901408451,13
30,14,21,0.591549295774648,13
30,14,22,0.5140845070422536,13
30,14,23,0.5352112676056339,13
30,14,24,0.49230769230769234,12
30,14,25,0.288135593220339,11
30,14,26,0.3389830508474576,11
30,14,27,0.3962264150943397,10
30,14,28,0.3962264150943397,10
30,14,29,0.509433962264151,10
30,14,30,0.46808510638297873,9
30,14,31,0.3191489361702128,9
30,14,32,0.2682926829268293,8
30,14,33,0.05714285714285714,7
30,14,34,0.0,7
30,14,35,0.25,6
30,14,36,0.375,6
30,15,1,0.0,1
30,15,2,0.0,1
30,15,3,0.0,1
30,15,4,0.0,1
30,15,5,0.0,1
30,15,6,0.0,1
30,15,7,0.0,1
30,15,8,0.0,1
30,15,9,0.0,1
31,2,1,0.0,2
31,2,2,0.0,2
31,2,3,0.0,2
31,2,4,0.0,2
31,2,5,0.0,2
31,2,6,0.0,2
31,2,7,0.0,2
31,2,8,0.0,2
31,2,9,0.0,2
31,2,10,0.0,2
31,2,11,0.0,2
31,2,12,0.0,2
31,2,13,0.0,2
31,2,14,0.0,2
31,2,15,0.0,2
31,2,16,0.3333333333333333,2
31,2,17,0.0,2
31,2,18,0.0,2
31,2,19,0.0,2
31,2,20,0.0,2
31,2,21,0.0,2
31,2,22,0.0,2
31,2,23,0.0,2
31,2,24,0.0,2
31,2,25,0.0,2
31,2,26,0.0,2
31,2,27,0.0,2
31,2,28,0.0,2
31,2,29,0.0,2
31,2,30,0.0,2
31,2,31,0.0,2
31,2,32,0.0,2
31,2,33,0.0,2
31,2,34,0.0,2
31,2,35,0.0,2
31,2,36,0.0,2
31,4,1,0.0,2
31,4,2,0.0,2
31,4,3,0.0,2
31,4,4,0.0,2
31,4,5,0.0,2
31,4,6,0.0,2
31,4,7,0.0,2
31,4,8,0.0,2
31,4,9,0.0,2
31,4,10,0.3333333333333333,2
31,4,11,0.0,2
31,4,12,0.0,2
31,4,13,0.0,2
31,4,14,0.0,2
31,4,15,0.0,2
31,4,16,0.0,2
31,4,17,0.0,2
31,4,18,0.0,1
31,4,19,0.0,1
31,4,20,0.0,1
31,4,21,0.0,1
31,4,22,0.0,1
31,4,23,0.0,1
31,4,24,0.0,1
31,4,25,0.0,1
31,4,26,0.0,1
31,4,27,0.0,1
31,5,1,0.3125,10
31,5,2,0.21875,10
31,5,3,0.25,10
31,5,4,0.15625,10
31,5,5,0.25,10
31,5,6,0.15625,10
31,5,7,0.0,9
31,5,8,0.1,9
31,5,9,0.2,9
31,5,10,0.2692307692307692,8
31,5,11,0.4166666666666667,7
31,5,12,0.2,6
31,5,13,0.5555555555555556,5
31,5,14,0.8333333333333334,5
31,5,15,0.42857142857142855,4
31,5,16,0.2857142857142857,4
31,5,17,0.0,4
31,5,18,0.2857142857142857,4
31,5,19,0.14285714285714285,4
31,5,20,0.14285714285714285,4
31,5,21,0.0,3
31,5,22,0.0,3
31,5,23,0.0,3
31,5,24,0.6666666666666666,3
31,5,25,0.5,2
31,5,26,0.5,1
31,5,27,1.0,1
31,5,28,0.5,1
31,5,29,1.0,1
31,5,30,0.0,1
31,5,31,0.0,1
31,5,32,0.5,1
31,5,33,0.0,1
31,5,34,0.0,1
31,5,35,0.0,1
31,5,36,0.0,1
31,6,1,0.0,2
31,6,2,0.25,2
31,6,3,0.0,2
31,6,4,0.0,2
31,6,5,0.0,2
31,6,6,0.0,2
31,6,7,0.0,2
31,6,8,0.0,2
31,6,9,0.0,2
31,6,10,0.0,2
31,6,11,0.0,2
31,6,12,0.0,2
31,6,13,0.0,2
31,6,14,0.0,2
31,6,15,0.0,2
31,6,16,0.0,2
31,6,17,0.0,2
31,6,18,0.0,2
31,6,19,0.0,2
31,6,20,0.0,2
31,6,21,0.0,2
31,6,22,0.0,2
31,6,23,0.0,2
31,6,24,0.0,2
31,6,25,0.0,2
31,6,26,0.0,2
31,6,27,0.0,2
31,6,28,0.0,2
31,6,29,0.0,2
31,6,30,0.0,2
31,6,31,0.0,2
31,6,32,0.0,2
31,6,33,0.0,2
31,6,34,0.0,2
31,6,35,0.0,2
31,6,36,0.0,2
31,7,1,0.17142857142857143,8
31,7,2,0.14285714285714285,8
31,7,3,0.05714285714285714,8
31,7,4,0.0,8
31,7,5,0.08571428571428572,8
31,7,6,0.0,8
31,7,7,0.17142857142857143,8
31,7,8,0.0,8
31,7,9,0.02857142857142857,8
31,7,10,0.08571428571428572,8
31,7,11,0.08571428571428572,8
31,7,12,0.17142857142857143,8
31,7,13,0.0,8
31,7,14,0.0,8
31,7,15,0.0,8
31,7,16,0.0,8
31,7,17,0.08571428571428572,8
31,7,18,0.0,8
31,7,19,0.0,8
31,7,20,0.0,8
31,7,21,0.02857142857142857,8
31,7,22,0.08571428571428572,8
31,7,23,0.08571428571428572,8
31,7,24,0.1285714285714286,8
31,7,25,0.0,8
31,7,26,0.0,8
31,7,27,0.0,8
31,7,28,0.0,8
31,7,29,0.10344827586206895,7
31,7,30,0.0,7
31,7,31,0.0689655172413793,7
31,7,32,0.0,7
31,7,33,0.24137931034482757,7
31,7,34,0.23076923076923073,6
31,7,35,0.11538461538461536,6
31,7,36,0.15,5
31,8,1,0.0,1
31,8,2,0.0,1
31,8,3,0.0,1
31,8,4,0.0,1
31,8,5,0.0,1
31,8,6,0.0,1
31,8,7,0.0,1
31,9,1,0.2,3
31,9,2,0.0,3
31,9,3,0.0,3
31,9,4,0.0,3
31,9,5,0.0,3
31,9,6,0.0,3
31,9,7,0.4,3
31,9,8,0.2,3
31,9,9,0.0,3
31,9,10,0.0,3
31,9,11,0.0,3
31,9,12,0.0,3
31,9,13,0.0,3
31,9,14,0.0,3
31,9,15,0.0,3
31,9,16,0.0,3
31,9,17,0.0,3
31,9,18,0.0,3
31,9,19,0.0,3
31,9,20,0.0,3
31,9,21,0.0,3
31,9,22,0.0,3
31,9,23,0.0,3
31,9,24,0.0,3
31,9,25,0.0,3
31,9,26,0.0,3
31,9,27,0.0,3
31,9,28,0.0,3
31,9,29,0.0,3
31,9,30,0.0,3
31,9,31,0.0,3
31,9,32,0.0,3
31,9,33,0.0,3
31,9,34,0.0,3
31,9,35,0.0,3
31,9,36,0.0,3
31,10,1,0.0,4
31,10,2,0.0,4
31,10,3,0.0,4
31,10,4,0.0,4
31,10,5,0.25,4
31,10,6,0.0,4
31,10,7,0.0,4
31,10,8,0.0,4
31,10,9,0.0,4
31,10,10,0.0,4
31,10,11,0.0,4
31,10,12,0.0,4
31,10,13,0.0,4
31,10,14,0.25,4
31,10,15,0.0,4
31,10,16,0.0,4
31,10,17,0.0,4
31,10,18,0.0,4
31,10,19,0.5,4
31,10,20,0.0,4
31,10,21,0.0,4
31,10,22,0.0,4
31,10,23,0.0,4
31,10,24,0.0,4
31,10,25,0.0,4
31,10,26,0.0,4
31,10,27,0.0,4
31,10,28,0.0,4
31,10,29,0.0,4
31,10,30,0.0,4
31,10,31,0.0,4
31,10,32,0.0,4
31,10,33,0.3333333333333333,3
31,10,34,0.0,3
31,10,35,0.0,3
31,10,36,0.0,3
31,13,1,0.0,4
31,13,2,0.0,3
31,13,3,0.16666666666666666,3
31,13,4,0.3333333333333333,3
31,13,5,0.5,2
31,13,6,0.0,2
31,13,7,0.25,2
31,13,8,0.0,2
31,13,9,1.0,1
31,13,10,0.0,1
31,13,11,0.0,1
31,13,12,0.5,1
31,13,13,0.0,1
31,14,1,0.0,2
31,14,2,0.0,2
31,14,3,0.3333333333333333,2
31,14,4,0.0,2
31,14,5,0.0,2
31,14,6,0.0,2
31,14,7,0.0,2
31,14,8,0.0,2
31,14,9,0.0,2
31,14,10,0.0,2
31,14,11,0.0,2
31,14,12,0.0,2
31,14,13,0.0,2
31,14,14,0.0,2
31,14,15,0.0,2
31,14,16,0.0,2
31,14,17,0.0,2
31,14,18,0.0,2
31,14,19,0.0,2
31,14,20,0.0,2
31,14,21,0.0,2
31,14,22,0.0,2
31,14,23,0.0,2
31,14,24,0.0,2
31,14,25,0.0,2
31,14,26,0.0,2
31,14,27,0.0,2
31,14,28,0.0,2
31,14,29,0.0,2
31,14,30,0.0,2
31,14,31,0.0,2
31,14,32,0.0,1
31,14,33,0.0,1
31,14,34,0.0,1
31,15,1,0.0,3
31,15,2,0.4285714285714286,3
31,15,3,0.0,3
31,15,4,0.0,3
31,15,5,0.0,3
31,15,6,0.0,3
31,15,7,0.0,3
31,15,8,0.0,3
31,15,9,0.0,3
31,15,10,0.0,3
31,15,11,0.0,3
31,15,12,0.0,3
31,15,13,0.0,3
31,15,14,0.0,3
31,15,15,0.0,3
31,15,16,0.0,3
31,15,17,0.0,3
31,15,18,0.0,3
31,15,19,0.0,3
31,15,20,0.0,3
31,15,21,0.0,3
31,15,22,0.0,3
31,15,23,0.14285714285714288,3
31,15,24,0.0,3
31,15,25,0.14285714285714288,3
31,15,26,0.0,3
31,15,27,0.0,3
31,15,28,0.0,3
31,15,29,0.0,3
31,15,30,0.0,3
31,15,31,0.0,3
31,15,32,0.0,3
31,15,33,0.0,3
31,15,34,0.0,3
31,15,35,0.0,3
31,15,36,0.0,3
31,16,1,0.4,13
31,16,2,0.325,13
31,16,3,0.4,13
31,16,4,0.4,13
31,16,5,0.275,13
31,16,6,0.35,13
31,16,7,0.35,13
31,16,8,0.275,13
31,16,9,0.25,13
31,16,10,0.2,13
31,16,11,0.175,13
31,16,12,0.175,13
31,16,13,0.15,13
31,16,14,0.075,13
31,16,15,0.15,13
31,16,16,0.05,13
31,16,17,0.075,13
31,16,18,0.0,13
31,16,19,0.025,13
31,16,20,0.0,13
31,16,21,0.0,13
31,16,22,0.0,13
31,16,23,0.0,13
31,16,24,0.0,12
31,16,25,0.02631578947368421,12
31,16,26,0.0,12
31,16,27,0.02631578947368421,12
31,16,28,0.0,12
31,16,29,0.05263157894736842,12
31,16,30,0.0,12
31,16,31,0.0,12
31,16,32,0.05263157894736842,12
31,16,33,0.02631578947368421,12
31,16,34,0.0,12
31,16,35,0.05263157894736842,12
31,16,36,0.05263157894736842,12
31,18,1,0.15384615384615385,8
31,18,2,0.0,8
31,18,3,0.0,8
31,18,4,0.0,8
31,18,5,0.0,8
31,18,6,0.07692307692307693,8
31,18,7,0.3076923076923077,8
31,18,8,0.15384615384615385,8
31,18,9,0.0,8
31,18,10,0.07692307692307693,8
31,18,11,0.0,8
31,18,12,0.15384615384615385,8
31,18,13,0.07692307692307693,8
31,18,14,0.07692307692307693,8
31,18,15,0.0,8
31,18,16,0.0,7
31,18,17,0.0,7
31,18,18,0.0,7
31,18,19,0.08333333333333333,7
31,18,20,0.25,7
31,18,21,0.08333333333333333,7
31,18,22,0.1,6
31,18,23,0.0,5
31,18,24,0.0,5
31,18,25,0.0,5
31,18,26,0.0,5
31,18,27,0.3125,5
31,18,28,0.25,5
31,18,29,0.0625,5
31,18,30,0.0,4
31,18,31,0.0,4
31,18,32,0.3333333333333333,4
31,18,33,0.0,4
31,18,34,0.16666666666666666,4
31,18,35,0.0,4
31,18,36,0.0,4
32,1,1,0.9,30
32,1,2,0.8333333333333334,30
32,1,3,0.8,30
32,1,4,0.7666666666666667,30
32,1,5,0.7333333333333333,30
32,1,6,0.7,30
32,1,7,0.7,30
32,1,8,0.7,30
32,1,9,0.6666666666666666,30
32,1,10,0.6333333333333333,30
32,1,11,0.6,30
32,1,12,0.5666666666666667,30
32,1,13,0.5333333333333333,30
32,1,14,0.5,30
32,1,15,0.4666666666666667,30
32,1,16,0.4666666666666667,30
32,1,17,0.43333333333333335,30
32,1,18,0.4,30
32,1,19,0.36666666666666664,30
32,1,20,0.3333333333333333,30
32,1,21,0.3,30
32,1,22,0.26666666666666666,30
32,1,23,0.23333333333333334,30
32,1,24,0.2,30
32,1,25,0.16666666666666666,30
32,1,26,0.13333333333333333,30
32,1,27,0.1,30
32,1,28,0.1,30
32,1,29,0.1,30
32,1,30,0.10344827586206896,29
32,1,31,0.10344827586206896,29
32,1,32,0.10344827586206896,29
32,1,33,0.10344827586206896,29
32,1,34,0.10344827586206896,29
32,1,35,0.06896551724137931,29
32,1,36,0.034482758620689655,29
32,2,1,0.1875,6
32,2,2,0.125,6
32,2,3,0.0,6
32,2,4,0.0,6
32,2,5,0.125,6
32,2,6,0.25,6
32,2,7,0.1875,6
32,2,8,0.3125,6
32,2,9,0.0,6
32,2,10,0.0,6
32,2,11,0.0625,6
32,2,12,0.0625,6
32,2,13,0.125,6
32,2,14,0.125,6
32,2,15,0.0,6
32,2,16,0.0,6
32,2,17,0.0,6
32,2,18,0.0,6
32,2,19,0.0625,6
32,2,20,0.0,6
32,2,21,0.0,6
32,2,22,0.0,6
32,2,23,0.0,6
32,2,24,0.0,6
32,2,25,0.0,6
32,2,26,0.0,5
32,2,27,0.0,5
32,2,28,0.0,5
32,2,29,0.0,5
32,2,30,0.0,5
32,2,31,0.0,5
32,2,32,0.0,4
32,2,33,0.0,3
32,2,34,0.0,2
32,2,35,0.0,2
32,2,36,0.0,2
32,6,1,0.0,1
32,6,2,0.0,1
32,6,3,0.0,1
32,6,4,0.0,1
32,6,5,0.0,1
32,6,6,0.0,1
32,6,7,0.0,1
32,6,8,0.0,1
32,6,9,0.0,1
32,6,10,0.0,1
32,6,11,0.0,1
32,6,12,0.0,1
32,6,13,0.0,1
32,6,14,0.0,1
32,6,15,0.0,1
32,6,16,0.0,1
32,6,17,0.0,1
32,6,18,0.0,1
32,6,19,0.0,1
32,6,20,0.0,1
32,6,21,0.0,1
32,6,22,0.0,1
32,6,23,0.0,1
32,6,24,0.0,1
32,6,25,0.0,1
32,6,26,0.0,1
32,6,27,0.0,1
32,6,28,0.0,1
32,6,29,0.0,1
32,6,30,0.0,1
32,6,31,0.0,1
32,6,32,0.0,1
32,6,33,0.0,1
32,6,34,0.0,1
32,6,35,0.0,1
32,6,36,0.0,1
32,16,1,0.0,1
32,16,2,0.0,1
32,16,3,0.0,1
32,16,4,0.0,1
32,16,5,0.0,1
32,16,6,0.0,1
32,16,7,0.0,1
32,16,8,0.0,1
32,16,9,0.0,1
32,16,10,0.0,1
32,16,11,0.0,1
32,16,12,0.0,1
32,16,13,0.0,1
32,16,14,0.0,1
32,16,15,0.0,1
32,16,16,0.0,1
32,16,17,0.0,1
32,16,18,0.0,1
32,16,19,0.0,1
32,16,20,0.0,1
32,16,21,0.0,1
32,16,22,0.0,1
32,16,23,0.0,1
32,16,24,0.0,1
32,16,25,0.0,1
32,16,26,0.0,1
32,16,27,0.0,1
32,16,28,0.0,1
32,16,29,0.0,1
32,16,30,0.0,1
32,16,31,0.0,1
32,16,32,0.0,1
32,16,33,0.0,1
32,16,34,0.0,1
32,16,35,0.0,1
32,16,36,0.0,1
32,17,1,0.7622950819672131,35
32,17,2,0.7966101694915254,34
32,17,3,0.7931034482758621,33
32,17,4,0.8482142857142857,32
32,17,5,0.8518518518518519,31
32,17,6,0.8557692307692307,30
32,17,7,0.84,29
32,17,8,0.8333333333333334,28
32,17,9,0.8369565217391305,27
32,17,10,0.9204545454545454,26
32,17,11,0.8571428571428571,25
32,17,12,0.85,24
32,17,13,0.868421052631579,23
32,17,14,0.9444444444444444,22
32,17,15,0.8676470588235294,21
32,17,16,0.921875,20
32,17,17,0.8833333333333333,19
32,17,18,0.9107142857142857,18
32,17,19,0.9444444444444444,17
32,17,20,0.94,16
32,17,21,0.9565217391304348,15
32,17,22,0.8809523809523809,14
32,17,23,0.975,13
32,17,24,0.9736842105263158,12
32,17,25,0.9705882352941176,11
32,17,26,0.90625,10
32,17,27,1.0,9
32,17,28,0.9285714285714286,8
32,17,29,1.0,7
32,17,30,1.0,7
32,17,31,0.95,6
32,17,32,0.9,6
32,17,33,0.9,6
32,17,34,1.0,5
32,17,35,1.0,4
32,17,36,0.8,3
33,1,1,0.34375,10
33,1,2,0.25,10
33,1,3,0.15625,10
33,1,4,0.28125,10
33,1,5,0.3125,10
33,1,6,0.25,10
33,1,7,0.1875,10
33,1,8,0.125,10
33,1,9,0.21875,10
33,1,10,0.28125,10
33,1,11,0.1875,10
33,1,12,0.1875,10
33,1,13,0.15625,10
33,1,14,0.0625,10
33,1,15,0.125,10
33,1,16,0.125,10
33,1,17,0.1875,10
33,1,18,0.0,10
33,1,19,0.125,10
33,1,20,0.0,10
33,1,21,0.0,10
33,1,22,0.0,10
33,1,23,0.0,10
33,1,24,0.0,10
33,1,25,0.0,10
33,1,26,0.0,10
33,1,27,0.0,10
33,1,28,0.0,10
33,1,29,0.0,10
33,1,30,0.0,10
33,1,31,0.0,10
33,1,32,0.0,10
33,1,33,0.0,10
33,1,34,0.0,10
33,1,35,0.0,10
33,1,36,0.0,10
33,2,1,0.0,3
33,2,2,0.0,3
33,2,3,0.0,3
33,2,4,0.0,3
33,2,5,0.0,3
33,2,6,0.25,3
33,2,7,0.0,3
33,2,8,0.25,3
33,2,9,0.0,3
33,2,10,0.0,3
33,2,11,0.0,3
33,2,12,0.0,3
33,2,13,0.0,3
33,2,14,0.125,3
33,2,15,0.0,3
33,2,16,0.0,3
33,2,17,0.0,3
33,2,18,0.0,3
33,2,19,0.0,3
33,2,20,0.0,3
33,2,21,0.0,3
33,2,22,0.0,3
33,2,23,0.0,3
33,2,24,0.0,3
33,2,25,0.0,3
33,2,26,0.0,3
33,2,27,0.0,3
33,2,28,0.0,3
33,2,29,0.0,3
33,2,30,0.0,3
33,2,31,0.0,3
33,2,32,0.0,3
33,2,33,0.0,3
33,2,34,0.0,3
33,2,35,0.0,3
33,2,36,0.0,3
33,4,1,0.0,1
33,4,2,0.0,1
33,4,3,0.0,1
33,4,4,0.0,1
33,4,5,0.0,1
33,4,6,0.0,1
33,4,7,0.0,1
33,4,8,0.0,1
33,4,9,0.0,1
33,4,10,0.0,1
33,4,11,0.0,1
33,4,12,0.0,1
33,4,13,0.0,1
33,4,14,0.0,1
33,4,15,0.0,1
33,4,16,0.0,1
33,4,17,0.0,1
33,4,18,0.0,1
33,4,19,0.0,1
33,4,20,0.0,1
33,4,21,0.0,1
33,4,22,0.0,1
33,4,23,0.0,1
33,4,24,0.0,1
33,4,25,0.0,1
33,4,26,0.0,1
33,4,27,0.0,1
33,4,28,0.0,1
33,4,29,0.0,1
33,4,30,0.0,1
33,5,1,0.6766917293233083,26
33,5,2,0.7846153846153847,25
33,5,3,0.7903225806451614,24
33,5,4,0.6935483870967742,24
33,5,5,0.7387005649717514,23
33,5,6,0.7276785714285715,22
33,5,7,0.6513761467889908,21
33,5,8,0.7087378640776699,20
33,5,9,0.7010309278350516,19
33,5,10,0.6813186813186812,18
33,5,11,0.7176470588235294,17
33,5,12,0.7468354430379747,16
33,5,13,0.7532467532467532,15
33,5,14,0.8380281690140846,14
33,5,15,0.7999999999999999,13
33,5,16,0.846153846153846,13
33,5,17,0.8050847457627117,12
33,5,18,0.7894736842105263,11
33,5,19,0.8157894736842105,11
33,5,20,0.7941176470588235,10
33,5,21,0.75,9
33,5,22,0.7857142857142857,8
33,5,23,0.7083333333333334,7
33,5,24,0.7,6
33,5,25,0.8125,5
33,5,26,0.38888888888888884,4
33,5,27,1.0,3
33,5,28,0.3333333333333333,2
33,5,29,1.0,2
33,5,30,1.0,1
33,5,31,0.3333333333333333,1
33,5,32,1.0,1
33,5,33,1.0,1
33,5,34,1.0,1
33,5,35,1.0,1
33,5,36,1.0,1
33,6,1,0.0,3
33,6,2,0.0,3
33,6,3,0.0,3
33,6,4,0.0,3
33,6,5,0.0,3
33,6,6,0.0,3
33,6,7,0.0,3
33,6,8,0.0,3
33,6,9,0.2,3
33,6,10,0.2,3
33,6,11,0.0,3
33,6,12,0.0,3
33,6,13,0.0,3
33,6,14,0.0,3
33,6,15,0.0,3
33,6,16,0.0,3
33,6,17,0.0,3
33,6,18,0.0,3
33,6,19,0.4,3
33,6,20,0.0,3
33,6,21,0.0,3
33,6,22,0.0,3
33,6,23,0.0,3
33,6,24,0.0,3
33,6,25,0.0,3
33,6,26,0.0,3
33,6,27,0.0,3
33,6,28,0.0,3
33,6,29,0.0,3
33,6,30,0.0,3
33,6,31,0.0,3
33,6,32,0.0,3
33,6,33,0.0,3
33,6,34,0.0,3
33,6,35,0.0,3
33,6,36,0.0,3
33,7,1,0.0,3
33,7,2,0.0,3
33,7,3,0.25,3
33,7,4,0.125,3
33,7,5,0.0,3
33,7,6,0.0,3
33,7,7,0.25,3
33,7,8,0.0,3
33,7,9,0.0,3
33,7,10,0.0,3
33,7,11,0.0,3
33,7,12,0.0,3
33,7,13,0.0,3
33,7,14,0.0,3
33,7,15,0.0,3
33,7,16,0.0,3
33,7,17,0.0,3
33,7,18,0.0,3
33,7,19,0.0,3
33,7,20,0.0,3
33,7,21,0.0,3
33,7,22,0.0,3
33,7,23,0.0,3
33,7,24,0.0,3
33,7,25,0.0,3
33,7,26,0.0,3
33,7,27,0.0,3
33,7,28,0.0,3
33,7,29,0.0,2
33,7,30,0.0,2
33,7,31,0.0,2
33,7,32,0.0,2
33,7,33,0.0,1
33,7,34,0.0,1
33,7,35,0.0,1
33,12,1,0.0,1
33,12,2,0.0,1
33,12,3,0.0,1
33,12,4,0.0,1
33,12,5,0.0,1
33,12,6,0.0,1
33,12,7,0.0,1
33,12,8,0.0,1
33,12,9,0.0,1
33,12,10,0.0,1
33,12,11,0.0,1
33,12,12,0.0,1
33,16,1,0.0,1
33,16,2,0.0,1
33,16,3,0.0,1
33,16,4,0.0,1
33,16,5,0.0,1
33,16,6,0.0,1
33,16,7,0.0,1
33,16,8,0.0,1
33,16,9,0.0,1
33,16,10,0.0,1
33,16,11,0.0,1
33,16,12,0.0,1
33,16,13,0.0,1
33,16,14,0.0,1
33,16,15,0.0,1
33,16,16,0.0,1
33,16,17,0.0,1
33,16,18,0.0,1
33,16,19,0.0,1
33,16,20,0.0,1
33,16,21,0.0,1
33,16,22,0.0,1
33,16,23,0.0,1
33,16,24,0.0,1
33,16,25,0.0,1
33,16,26,0.0,1
33,16,27,0.0,1
33,16,28,0.0,1
33,16,29,0.0,1
33,16,30,0.0,1
33,16,31,0.0,1
33,16,32,0.0,1
33,16,33,0.0,1
33,16,34,0.0,1
33,16,35,0.0,1
33,16,36,0.0,1
33,17,1,0.2556818181818182,20
33,17,2,0.31818181818181823,20
33,17,3,0.2784090909090909,20
33,17,4,0.34756097560975613,19
33,17,5,0.15447154471544716,19
33,17,6,0.23170731707317074,19
33,17,7,0.1139240506329114,18
33,17,8,0.24050632911392406,18
33,17,9,0.25316455696202533,18
33,17,10,0.2278481012658228,18
33,17,11,0.16455696202531647,18
33,17,12,0.2468354430379747,18
33,17,13,0.2532467532467533,17
33,17,14,0.1038961038961039,17
33,17,15,0.15584415584415587,17
33,17,16,0.1418918918918919,16
33,17,17,0.26351351351351354,16
33,17,18,0.16666666666666666,15
33,17,19,0.16666666666666666,15
33,17,20,0.08333333333333333,15
33,17,21,0.2028985507246377,14
33,17,22,0.043478260869565216,14
33,17,23,0.13043478260869565,14
33,17,24,0.0,14
33,17,25,0.13043478260869565,14
33,17,26,0.07246376811594202,14
33,17,27,0.08695652173913043,14
33,17,28,0.08695652173913043,14
33,17,29,0.11594202898550723,14
33,17,30,0.08695652173913043,14
33,17,31,0.13043478260869565,14
33,17,32,0.043478260869565216,14
33,17,33,0.07246376811594202,14
33,17,34,0.05072463768115942,14
33,17,35,0.15217391304347827,14
33,17,36,0.043478260869565216,14
33,18,1,0.46153846153846156,8
33,18,2,0.2692307692307692,8
33,18,3,0.3076923076923077,8
33,18,4,0.23076923076923078,8
33,18,5,0.23076923076923078,8
33,18,6,0.23076923076923078,8
33,18,7,0.11538461538461539,8
33,18,8,0.07692307692307693,8
33,18,9,0.038461538461538464,8
33,18,10,0.0,8
33,18,11,0.0,8
33,18,12,0.0,8
33,18,13,0.0,8
33,18,14,0.0,8
33,18,15,0.0,8
33,18,16,0.07692307692307693,8
33,18,17,0.0,8
33,18,18,0.07692307692307693,8
33,18,19,0.18181818181818182,7
33,18,20,0.0,7
33,18,21,0.0,7
33,18,22,0.18181818181818182,7
33,18,23,0.18181818181818182,7
33,18,24,0.18181818181818182,7
33,18,25,0.09090909090909091,7
33,18,26,0.0,7
33,18,27,0.0,7
33,18,28,0.0,7
33,18,29,0.0,7
33,18,30,0.0,7
33,18,31,0.0,7
33,18,32,0.0,7
33,18,33,0.0,7
33,18,34,0.0,7
33,18,35,0.0,6
33,18,36,0.0,6
34,1,1,0.0,1
34,1,2,0.0,1
34,1,3,0.0,1
34,1,4,0.0,1
34,1,5,0.0,1
34,1,6,0.0,1
34,1,7,0.0,1
34,1,8,0.0,1
34,1,9,0.0,1
34,1,10,0.0,1
34,1,11,0.0,1
34,1,12,0.0,1
34,1,13,0.0,1
34,1,14,0.0,1
34,1,15,0.0,1
34,1,16,0.0,1
34,1,17,0.0,1
34,1,18,0.0,1
34,1,19,0.0,1
34,1,20,0.0,1
34,1,21,0.0,1
34,1,22,0.0,1
34,1,23,0.0,1
34,1,24,0.0,1
34,1,25,0.0,1
34,1,26,0.0,1
34,1,27,0.0,1
34,1,28,0.0,1
34,1,29,0.0,1
34,1,30,0.0,1
34,1,31,0.0,1
34,1,32,0.0,1
34,1,33,0.0,1
34,1,34,0.0,1
34,1,35,0.0,1
34,1,36,0.0,1
34,2,1,0.0,8
34,2,2,0.3103448275862069,8
34,2,3,0.0,8
34,2,4,0.3103448275862069,8
34,2,5,0.034482758620689655,8
34,2,6,0.15517241379310345,8
34,2,7,0.06896551724137931,8
34,2,8,0.0,8
34,2,9,0.06896551724137931,8
34,2,10,0.05172413793103449,8
34,2,11,0.06896551724137931,8
34,2,12,0.10344827586206898,8
34,2,13,0.034482758620689655,8
34,2,14,0.05172413793103449,8
34,2,15,0.034482758620689655,8
34,2,16,0.20689655172413796,8
34,2,17,0.0,8
34,2,18,0.10344827586206898,8
34,2,19,0.0,8
34,2,20,0.10344827586206898,8
34,2,21,0.0,8
34,2,22,0.15517241379310345,8
34,2,23,0.0,8
34,2,24,0.05172413793103449,8
34,2,25,0.0,8
34,2,26,0.10344827586206898,8
34,2,27,0.0,8
34,2,28,0.05172413793103449,8
34,2,29,0.0,8
34,2,30,0.0,8
34,2,31,0.0,8
34,2,32,0.0,8
34,2,33,0.0,8
34,2,34,0.0,8
34,2,35,0.0,8
34,2,36,0.0,8
34,3,1,0.0,1
34,3,2,0.0,1
34,3,3,0.0,1
34,3,4,0.0,1
34,3,5,0.0,1
34,3,6,0.0,1
34,3,7,0.0,1
34,3,8,0.0,1
34,3,9,0.0,1
34,3,10,0.0,1
34,3,11,0.0,1
34,3,12,0.0,1
34,3,13,0.0,1
34,3,14,0.0,1
34,3,15,0.0,1
34,3,16,0.0,1
34,3,17,0.0,1
34,3,18,0.0,1
34,3,19,0.0,1
34,5,1,0.37931034482758613,24
34,5,2,0.3363636363636363,23
34,5,3,0.30454545454545456,23
34,5,4,0.4065420560747663,22
34,5,5,0.36633663366336633,21
34,5,6,0.23762376237623759,21
34,5,7,0.2673267326732673,21
34,5,8,0.28712871287128705,21
34,5,9,0.4285714285714285,20
34,5,10,0.33673469387755095,20
34,5,11,0.42391304347826086,19
34,5,12,0.3820224719101123,18
34,5,13,0.49999999999999994,17
34,5,14,0.2777777777777778,16
34,5,15,0.3395061728395061,16
34,5,16,0.3888888888888889,16
34,5,17,0.34567901234567905,16
34,5,18,0.48148148148148145,16
34,5,19,0.18518518518518517,16
34,5,20,0.3148148148148148,16
34,5,21,0.3950617283950617,16
34,5,22,0.5133333333333333,15
34,5,23,0.3333333333333333,14
34,5,24,0.36363636363636365,13
34,5,25,0.4393939393939394,13
34,5,26,0.3333333333333333,12
34,5,27,0.5,11
34,5,28,0.4166666666666667,11
34,5,29,0.25,10
34,5,30,0.29166666666666663,10
34,5,31,0.3777777777777778,9
34,5,32,0.36666666666666664,9
34,5,33,0.4888888888888889,9
34,5,34,0.5333333333333333,9
34,5,35,0.4230769230769231,8
34,5,36,0.3333333333333333,7
34,6,1,0.18181818181818182,7
34,6,2,0.09090909090909091,7
34,6,3,0.0,7
34,6,4,0.18181818181818182,7
34,6,5,0.0,7
34,6,6,0.13636363636363635,7
34,6,7,0.09090909090909091,7
34,6,8,0.09090909090909091,7
34,6,9,0.18181818181818182,7
34,6,10,0.0,7
34,6,11,0.09090909090909091,7
34,6,12,0.3181818181818182,7
34,6,13,0.2727272727272727,7
34,6,14,0.0,7
34,6,15,0.0,7
34,6,16,0.0,7
34,6,17,0.0,7
34,6,18,0.045454545454545456,7
34,6,19,0.09090909090909091,7
34,6,20,0.09090909090909091,7
34,6,21,0.18181818181818182,7
34,6,22,0.0,7
34,6,23,0.0,7
34,6,24,0.09090909090909091,7
34,6,25,0.18181818181818182,7
34,6,26,0.0,7
34,6,27,0.0,7
34,6,28,0.0,7
34,6,29,0.0,7
34,6,30,0.0,7
34,6,31,0.0,7
34,6,32,0.0,7
34,6,33,0.0,7
34,6,34,0.0,7
34,6,35,0.0,7
34,6,36,0.0,7
34,7,1,0.0,1
34,7,2,0.0,1
34,7,3,0.0,1
34,7,4,0.0,1
34,7,5,0.0,1
34,7,6,0.0,1
34,7,7,0.0,1
34,7,8,0.0,1
34,7,9,0.0,1
34,7,10,0.0,1
34,7,11,0.0,1
34,7,12,0.0,1
34,7,13,0.0,1
34,7,14,0.0,1
34,7,15,0.0,1
34,7,16,0.0,1
34,8,1,0.0,1
34,8,2,0.0,1
34,8,3,0.0,1
34,8,4,0.0,1
34,8,5,0.0,1
34,8,6,0.0,1
34,8,7,0.0,1
34,8,8,0.0,1
34,8,9,0.0,1
34,8,10,0.0,1
34,8,11,0.0,1
34,8,12,0.0,1
34,8,13,0.0,1
34,8,14,0.0,1
34,8,15,0.0,1
34,8,16,0.0,1
34,8,17,0.0,1
34,8,18,0.0,1
34,8,19,0.0,1
34,8,20,0.0,1
34,8,21,0.0,1
34,8,22,0.0,1
34,8,23,0.0,1
34,8,24,0.0,1
34,8,25,0.0,1
34,8,26,0.0,1
34,8,27,0.0,1
34,8,28,0.0,1
34,8,29,0.0,1
34,8,30,0.0,1
34,8,31,0.0,1
34,9,1,0.0,1
34,9,2,0.0,1
34,9,3,0.0,1
34,9,4,0.0,1
34,9,5,0.0,1
34,9,6,0.0,1
34,9,7,0.0,1
34,9,8,0.0,1
34,9,9,0.0,1
34,9,10,0.0,1
34,9,11,0.0,1
34,9,12,0.0,1
34,9,13,0.0,1
34,9,14,0.0,1
34,9,15,0.0,1
34,9,16,0.0,1
34,9,17,0.0,1
34,9,18,0.0,1
34,9,19,0.0,1
34,9,20,0.0,1
34,9,21,0.0,1
34,9,22,0.0,1
34,9,23,0.0,1
34,9,24,0.0,1
34,9,25,0.0,1
34,9,26,0.0,1
34,9,27,0.0,1
34,9,28,0.0,1
34,9,29,0.0,1
34,12,1,0.0,2
34,12,2,0.0,2
34,12,3,0.0,2
34,12,4,0.0,2
34,12,5,0.0,2
34,12,6,0.0,2
34,12,7,0.0,2
34,12,8,0.0,2
34,12,9,0.0,2
34,12,10,0.0,2
34,12,11,0.0,2
34,12,12,0.0,2
34,12,13,0.0,2
34,12,14,0.0,2
34,12,15,0.0,2
34,12,16,0.0,2
34,12,17,0.0,2
34,12,18,0.0,2
34,12,19,0.0,2
34,12,20,0.0,2
34,12,21,0.0,2
34,12,22,0.0,2
34,12,23,0.0,2
34,12,24,0.0,2
34,12,25,0.0,2
34,12,26,0.0,2
34,12,27,0.0,2
34,12,28,0.0,2
34,12,29,0.3333333333333333,2
34,12,30,0.0,2
34,12,31,0.0,2
34,12,32,0.0,2
34,12,33,0.0,1
34,12,34,0.0,1
34,12,35,0.0,1
34,12,36,0.0,1
34,13,1,0.10714285714285715,5
34,13,2,0.0,5
34,13,3,0.0,5
34,13,4,0.0,5
34,13,5,0.0,5
34,13,6,0.13636363636363638,4
34,13,7,0.125,3
34,13,8,0.125,3
34,13,9,0.0,3
34,13,10,0.0,3
34,13,11,0.0,3
34,13,12,0.0,3
34,13,13,0.0,3
34,13,14,0.16666666666666666,2
34,13,15,0.0,2
34,13,16,0.0,2
34,13,17,0.0,2
34,13,18,0.0,2
34,13,19,0.0,2
34,13,20,0.16666666666666666,2
34,13,21,0.25,2
34,13,22,0.25,2
34,13,23,0.0,2
34,13,24,0.0,2
34,13,25,0.0,2
34,13,26,0.0,2
34,13,27,0.25,2
34,13,28,0.5,1
34,13,29,0.0,1
34,13,30,0.0,1
34,13,31,0.0,1
34,13,32,0.0,1
34,13,33,0.0,1
34,14,1,0.0,1
34,14,2,0.0,1
34,14,3,0.0,1
34,14,4,0.0,1
34,14,5,0.0,1
34,14,6,0.0,1
34,14,7,0.0,1
34,14,8,0.0,1
34,14,9,0.0,1
34,14,10,0.0,1
34,14,11,0.0,1
34,14,12,0.0,1
34,14,13,0.0,1
34,14,14,0.0,1
34,14,15,0.0,1
34,14,16,0.0,1
34,14,17,0.0,1
34,14,18,0.0,1
34,14,19,0.0,1
34,14,20,0.0,1
34,14,21,0.0,1
34,14,22,0.0,1
34,14,23,0.0,1
34,14,24,0.0,1
34,14,25,0.0,1
34,14,26,0.0,1
34,14,27,0.0,1
34,14,28,0.0,1
34,14,29,0.0,1
34,14,30,0.0,1
34,14,31,0.0,1
34,14,32,0.0,1
34,14,33,0.0,1
34,14,34,0.0,1
34,14,35,0.0,1
34,14,36,0.0,1
34,15,1,0.0,3
34,15,2,0.0,3
34,15,3,0.16666666666666666,3
34,15,4,0.0,3
34,15,5,0.0,3
34,15,6,0.0,3
34,15,7,0.0,3
34,15,8,0.0,3
34,15,9,0.0,3
34,15,10,0.0,3
34,15,11,0.0,3
34,15,12,0.0,3
34,15,13,0.0,3
34,15,14,0.0,3
34,15,15,0.0,3
34,15,16,0.0,2
34,15,17,0.0,2
34,15,18,0.0,2
34,15,19,0.0,2
34,15,20,0.0,2
34,15,21,0.0,2
34,15,22,0.25,2
34,15,23,0.0,2
34,15,24,0.0,2
34,15,25,0.25,2
34,15,26,0.0,2
34,15,27,0.0,2
34,15,28,0.0,2
34,15,29,0.0,2
34,15,30,0.0,2
34,15,31,0.0,2
34,15,32,0.0,2
34,15,33,0.0,2
34,15,34,0.0,2
34,15,35,0.0,2
34,15,36,0.0,2
34,16,1,0.0,3
34,16,2,0.0,3
34,16,3,0.0,3
34,16,4,0.0,3
34,16,5,0.4,3
34,16,6,0.0,3
34,16,7,0.0,3
34,16,8,0.0,3
34,16,9,0.0,3
34,16,10,0.4,3
34,16,11,0.0,3
34,16,12,0.0,3
34,16,13,0.0,3
34,16,14,0.0,3
34,16,15,0.0,3
34,16,16,0.0,3
34,16,17,0.0,3
34,16,18,0.0,3
34,16,19,0.0,3
34,16,20,0.0,3
34,16,21,0.0,3
34,16,22,0.0,3
34,16,23,0.0,3
34,16,24,0.0,3
34,16,25,0.0,3
34,16,26,0.0,3
34,16,27,0.0,3
34,16,28,0.0,3
34,16,29,0.0,3
34,16,30,0.0,3
34,16,31,0.0,3
34,16,32,0.0,3
34,16,33,0.0,3
34,16,34,0.0,3
34,16,35,0.0,3
34,16,36,0.0,3
34,17,1,0.10714285714285714,10
34,17,2,0.17857142857142858,10
34,17,3,0.07142857142857142,10
34,17,4,0.0,10
34,17,5,0.14285714285714285,10
34,17,6,0.25,10
34,17,7,0.10714285714285714,10
34,17,8,0.17857142857142858,10
34,17,9,0.03571428571428571,10
34,17,10,0.03571428571428571,10
34,17,11,0.07142857142857142,10
34,17,12,0.038461538461538464,9
34,17,13,0.23076923076923078,9
34,17,14,0.07692307692307693,9
34,17,15,0.07692307692307693,9
34,17,16,0.0,9
34,17,17,0.0,9
34,17,18,0.045454545454545456,8
34,17,19,0.13636363636363635,8
34,17,20,0.09090909090909091,8
34,17,21,0.09090909090909091,8
34,17,22,0.09090909090909091,8
34,17,23,0.0,8
34,17,24,0.0,8
34,17,25,0.0,8
34,17,26,0.0,8
34,17,27,0.0,8
34,17,28,0.0,8
34,17,29,0.09090909090909091,8
34,17,30,0.09090909090909091,8
34,17,31,0.0,8
34,17,32,0.0,8
34,17,33,0.0,8
34,17,34,0.0,8
34,17,35,0.045454545454545456,8
34,17,36,0.13636363636363635,8
34,18,1,0.0,9
34,18,2,0.11428571428571428,9
34,18,3,0.0,8
34,18,4,0.046875,8
34,18,5,0.09375,8
34,18,6,0.03125,8
34,18,7,0.09375,8
34,18,8,0.0,8
34,18,9,0.140625,8
34,18,10,0.0,7
34,18,11,0.23076923076923078,7
34,18,12,0.0,7
34,18,13,0.057692307692307696,7
34,18,14,0.11538461538461539,7
34,18,15,0.038461538461538464,7
34,18,16,0.2884615384615385,7
34,18,17,0.0,7
34,18,18,0.3461538461538462,7
34,18,19,0.0,6
34,18,20,0.08695652173913043,6
34,18,21,0.17647058823529413,5
34,18,22,0.0,5
34,18,23,0.08823529411764706,5
34,18,24,0.0,5
34,18,25,0.0,5
34,18,26,0.0,5
34,18,27,0.35294117647058826,5
34,18,28,0.0,5
34,18,29,0.0,5
34,18,30,0.17647058823529413,5
34,18,31,0.0,5
34,18,32,0.2647058823529412,5
34,18,33,0.0,5
34,18,34,0.35294117647058826,5
34,18,35,0.0,5
34,18,36,0.20588235294117646,5
35,2,1,0.0,4
35,2,2,0.0,4
35,2,3,0.6153846153846154,4
35,2,4,0.0,4
35,2,5,0.0,4
35,2,6,0.3076923076923077,4
35,2,7,0.0,4
35,2,8,0.0,4
35,2,9,0.0,4
35,2,10,0.0,4
35,2,11,0.0,4
35,2,12,0.0,4
35,2,13,0.0,4
35,2,14,0.0,4
35,2,15,0.07692307692307693,4
35,2,16,0.0,4
35,2,17,0.0,4
35,2,18,0.07692307692307693,4
35,2,19,0.0,4
35,2,20,0.0,4
35,2,21,0.07692307692307693,4
35,2,22,0.0,4
35,2,23,0.0,4
35,2,24,0.0,4
35,2,25,0.0,4
35,2,26,0.0,4
35,2,27,0.0,4
35,2,28,0.0,4
35,2,29,0.0,4
35,2,30,0.0,4
35,2,31,0.0,4
35,2,32,0.0,4
35,2,33,0.0,4
35,2,34,0.0,4
35,2,35,0.0,4
35,2,36,0.0,4
35,4,1,0.0,2
35,4,2,0.0,2
35,4,3,0.0,2
35,4,4,0.0,2
35,4,5,0.0,2
35,4,6,0.0,2
35,4,7,0.0,2
35,4,8,0.0,2
35,4,9,0.0,2
35,4,10,0.0,2
35,4,11,0.25,2
35,4,12,0.0,2
35,4,13,0.0,2
35,4,14,0.0,2
35,4,15,0.0,2
35,4,16,0.0,2
35,4,17,0.0,2
35,4,18,0.0,2
35,4,19,0.0,2
35,4,20,0.0,2
35,4,21,0.0,2
35,4,22,0.0,2
35,4,23,0.0,2
35,4,24,0.0,2
35,4,25,0.0,2
35,4,26,0.0,2
35,4,27,0.0,2
35,4,28,0.0,2
35,4,29,0.0,2
35,4,30,0.0,1
35,4,31,0.0,1
35,4,32,0.0,1
35,4,33,0.0,1
35,4,34,0.0,1
35,4,35,0.0,1
35,4,36,0.0,1
35,5,1,0.3225806451612903,12
35,5,2,0.24193548387096772,12
35,5,3,0.21428571428571427,11
35,5,4,0.24,10
35,5,5,0.24,10
35,5,6,0.30000000000000004,10
35,5,7,0.37999999999999995,10
35,5,8,0.6,10
35,5,9,0.24,10
35,5,10,0.1875,9
35,5,11,0.11904761904761904,8
35,5,12,0.21428571428571427,8
35,5,13,0.42857142857142855,8
35,5,14,0.47619047619047616,8
35,5,15,0.29761904761904756,8
35,5,16,0.4230769230769231,7
35,5,17,0.2727272727272727,6
35,5,18,0.2727272727272727,6
35,5,19,0.0,5
35,5,20,0.3333333333333333,5
35,5,21,0.7142857142857143,4
35,5,22,0.6190476190476192,4
35,5,23,0.23809523809523808,4
35,5,24,0.2,3
35,5,25,0.0,2
35,5,26,0.0,2
35,5,27,0.0,2
35,5,28,0.3333333333333333,2
35,5,29,1.0,2
35,5,30,0.6666666666666666,2
35,5,31,0.16666666666666666,2
35,5,32,0.5,1
35,6,1,0.47058823529411764,10
35,6,2,0.35294117647058826,10
35,6,3,0.3235294117647059,10
35,6,4,0.11764705882352941,10
35,6,5,0.0,10
35,6,6,0.0,10
35,6,7,0.17647058823529413,10
35,6,8,0.23529411764705882,10
35,6,9,0.35294117647058826,10
35,6,10,0.35294117647058826,10
35,6,11,0.38235294117647056,10
35,6,12,0.29411764705882354,10
35,6,13,0.11764705882352941,10
35,6,14,0.14705882352941177,10
35,6,15,0.058823529411764705,10
35,6,16,0.0,10
35,6,17,0.0,10
35,6,18,0.11764705882352941,10
35,6,19,0.11764705882352941,10
35,6,20,0.0,10
35,6,21,0.11764705882352941,10
35,6,22,0.058823529411764705,10
35,6,23,0.0,10
35,6,24,0.0,10
35,6,25,0.0,10
35,6,26,0.0,10
35,6,27,0.0,10
35,6,28,0.0,10
35,6,29,0.0,10
35,6,30,0.0,10
35,6,31,0.0,10
35,6,32,0.0,10
35,6,33,0.0,10
35,6,34,0.0,10
35,6,35,0.0,10
35,6,36,0.0,10
35,7,1,0.0,8
35,7,2,0.19672131147540986,8
35,7,3,0.29508196721311475,8
35,7,4,0.0,8
35,7,5,0.3934426229508197,8
35,7,6,0.01639344262295082,8
35,7,7,0.14754098360655737,8
35,7,8,0.24590163934426232,8
35,7,9,0.09836065573770493,8
35,7,10,0.12295081967213116,8
35,7,11,0.06557377049180328,8
35,7,12,0.049180327868852465,8
35,7,13,0.049180327868852465,8
35,7,14,0.16393442622950818,8
35,7,15,0.024590163934426233,8
35,7,16,0.03278688524590164,8
35,7,17,0.09836065573770493,8
35,7,18,0.0,8
35,7,19,0.06557377049180328,8
35,7,20,0.0,8
35,7,21,0.03278688524590164,8
35,7,22,0.024590163934426233,8
35,7,23,0.0,8
35,7,24,0.0,8
35,7,25,0.0,8
35,7,26,0.0,8
35,7,27,0.0,8
35,7,28,0.03636363636363636,7
35,7,29,0.0,7
35,7,30,0.0,7
35,7,31,0.0,7
35,7,32,0.0,7
35,7,33,0.0,7
35,7,34,0.0,7
35,7,35,0.0,6
35,7,36,0.0,6
35,8,1,0.5,2
35,8,2,0.0,2
35,8,3,0.0,2
35,8,4,0.0,2
35,8,5,0.0,2
35,8,6,0.0,2
35,8,7,0.0,2
35,8,8,0.0,1
35,9,1,0.0,3
35,9,2,0.0,3
35,9,3,0.0,3
35,9,4,0.0,3
35,9,5,0.2,3
35,9,6,0.0,3
35,9,7,0.2,3
35,9,8,0.0,3
35,9,9,0.0,3
35,9,10,0.0,3
35,9,11,0.0,3
35,9,12,0.4,3
35,9,13,0.0,3
35,9,14,0.0,3
35,9,15,0.0,3
35,9,16,0.0,3
35,9,17,0.0,3
35,9,18,0.0,3
35,9,19,0.0,3
35,9,20,0.0,3
35,9,21,0.0,3
35,9,22,0.0,3
35,9,23,0.0,3
35,9,24,0.0,3
35,9,25,0.0,3
35,9,26,0.0,3
35,9,27,0.0,3
35,9,28,0.0,3
35,9,29,0.0,3
35,9,30,0.0,3
35,9,31,0.0,3
35,9,32,0.0,3
35,9,33,0.0,3
35,9,34,0.0,3
35,9,35,0.0,3
35,9,36,0.0,3
35,10,1,0.0,2
35,10,2,0.0,2
35,10,3,0.0,2
35,10,4,0.0,2
35,10,5,0.0,2
35,10,6,0.0,2
35,10,7,0.0,2
35,10,8,0.0,2
35,10,9,0.0,2
35,10,10,0.3333333333333333,2
35,10,11,0.0,2
35,10,12,0.0,2
35,10,13,0.0,2
35,10,14,0.0,2
35,10,15,0.0,2
35,10,16,0.0,2
35,10,17,0.0,2
35,10,18,0.0,2
35,10,19,0.0,2
35,10,20,0.0,2
35,10,21,0.0,2
35,10,22,0.0,2
35,10,23,0.0,2
35,10,24,0.0,2
35,10,25,0.0,2
35,10,26,0.0,2
35,10,27,0.0,2
35,10,28,0.0,2
35,10,29,0.0,2
35,10,30,0.0,2
35,10,31,0.0,2
35,10,32,0.0,2
35,10,33,0.0,2
35,10,34,0.0,1
35,10,35,0.0,1
35,10,36,0.0,1
35,13,1,0.54,11
35,13,2,0.36170212765957444,10
35,13,3,0.24468085106382978,10
35,13,4,0.2127659574468085,10
35,13,5,0.36585365853658536,9
35,13,6,0.4285714285714286,8
35,13,7,0.6206896551724138,7
35,13,8,0.6379310344827586,7
35,13,9,0.3103448275862069,7
35,13,10,0.2222222222222222,6
35,13,11,0.2777777777777778,6
35,13,12,0.42857142857142855,5
35,13,13,0.5,4
35,13,14,0.3333333333333333,3
35,13,15,0.0,2
35,13,16,0.41666666666666663,2
35,13,17,0.0,2
35,13,18,0.0,1
35,13,19,1.0,1
35,13,20,1.0,1
35,13,21,1.0,1
35,13,22,0.0,1
35,13,23,0.0,1
35,13,24,0.5,1
35,13,25,0.0,1
35,14,1,0.0,1
35,14,2,0.0,1
35,14,3,0.0,1
35,14,4,0.0,1
35,14,5,0.0,1
35,14,6,0.0,1
35,14,7,0.0,1
35,14,8,0.0,1
35,14,9,0.0,1
35,14,10,0.0,1
35,14,11,0.0,1
35,14,12,0.0,1
35,14,13,0.0,1
35,14,14,0.0,1
35,14,15,0.0,1
35,14,16,0.0,1
35,14,17,0.0,1
35,14,18,0.0,1
35,14,19,0.0,1
35,14,20,0.0,1
35,14,21,0.0,1
35,14,22,0.0,1
35,14,23,0.0,1
35,14,24,0.0,1
35,14,25,0.0,1
35,14,26,0.0,1
35,15,1,0.0,3
35,15,2,0.0,3
35,15,3,0.2,3
35,15,4,0.0,3
35,15,5,0.0,3
35,15,6,0.0,3
35,15,7,0.0,3
35,15,8,0.2,3
35,15,9,0.0,3
35,15,10,0.0,3
35,15,11,0.4,3
35,15,12,0.0,3
35,15,13,0.0,3
35,15,14,0.0,3
35,15,15,0.0,3
35,15,16,0.0,3
35,15,17,0.0,3
35,15,18,0.0,3
35,15,19,0.0,3
35,15,20,0.0,2
35,15,21,0.0,2
35,15,22,0.0,2
35,15,23,0.0,1
35,15,24,0.0,1
35,15,25,0.0,1
35,15,26,0.0,1
35,15,27,0.0,1
35,15,28,0.0,1
35,15,29,0.0,1
35,15,30,0.0,1
35,16,1,0.2765957446808511,11
35,16,2,0.2978723404255319,11
35,16,3,0.18085106382978722,11
35,16,4,0.06382978723404256,11
35,16,5,0.25531914893617025,11
35,16,6,0.0851063829787234,11
35,16,7,0.4148936170212766,11
35,16,8,0.25531914893617025,11
35,16,9,0.23404255319148937,11
35,16,10,0.2872340425531915,11
35,16,11,0.03191489361702128,11
35,16,12,0.12765957446808512,11
35,16,13,0.02127659574468085,11
35,16,14,0.09574468085106383,11
35,16,15,0.12765957446808512,11
35,16,16,0.06382978723404256,11
35,16,17,0.12765957446808512,11
35,16,18,0.0,11
35,16,19,0.0,11
35,16,20,0.0,11
35,16,21,0.03191489361702128,11
35,16,22,0.06818181818181819,10
35,16,23,0.0,10
35,16,24,0.0,10
35,16,25,0.06818181818181819,10
35,16,26,0.034090909090909095,10
35,16,27,0.0,10
35,16,28,0.0,10
35,16,29,0.0,10
35,16,30,0.0,10
35,16,31,0.0,10
35,16,32,0.06818181818181819,10
35,16,33,0.06818181818181819,10
35,16,34,0.022727272727272728,10
35,16,35,0.06818181818181819,10
35,16,36,0.0,10
35,18,1,0.0,4
35,18,2,0.0,4
35,18,3,0.0,4
35,18,4,0.0,4
35,18,5,0.0,4
35,18,6,0.18181818181818182,4
35,18,7,0.0,4
35,18,8,0.0,4
35,18,9,0.0,4
35,18,10,0.0,4
35,18,11,0.0,4
35,18,12,0.0,4
35,18,13,0.0,4
35,18,14,0.09090909090909091,4
35,18,15,0.0,4
35,18,16,0.09090909090909091,4
35,18,17,0.0,4
35,18,18,0.0,4
35,18,19,0.0,4
35,18,20,0.0,4
35,18,21,0.0,4
35,18,22,0.045454545454545456,4
35,18,23,0.0,4
35,18,24,0.0,4
35,18,25,0.0,4
35,18,26,0.0,4
35,18,27,0.0,4
35,18,28,0.0,4
35,18,29,0.0,4
35,18,30,0.36363636363636365,4
35,18,31,0.0,4
35,18,32,0.0,4
35,18,33,0.0,4
35,18,34,0.0,4
35,18,35,0.0,4
35,18,36,0.2857142857142857,3
36,1,1,0.0,1
36,1,2,0.0,1
36,1,3,0.0,1
36,1,4,0.0,1
36,1,5,0.0,1
36,1,6,0.0,1
36,1,7,0.0,1
36,1,8,0.0,1
36,1,9,0.0,1
36,1,10,0.0,1
36,1,11,0.0,1
36,1,12,0.0,1
36,1,13,0.0,1
36,1,14,0.0,1
36,1,15,0.0,1
36,1,16,0.0,1
36,1,17,0.0,1
36,1,18,0.0,1
36,1,19,0.0,1
36,1,20,0.0,1
36,1,21,0.0,1
36,1,22,0.0,1
36,1,23,0.0,1
36,1,24,0.0,1
36,1,25,0.0,1
36,1,26,0.0,1
36,1,27,0.0,1
36,1,28,0.0,1
36,1,29,0.0,1
36,1,30,0.0,1
36,1,31,0.0,1
36,1,32,0.0,1
36,1,33,0.0,1
36,1,34,0.0,1
36,1,35,0.0,1
36,1,36,0.0,1
36,2,1,0.0,1
36,2,2,0.0,1
36,2,3,0.0,1
36,2,4,0.0,1
36,2,5,0.0,1
36,2,6,0.0,1
36,2,7,0.0,1
36,2,8,0.0,1
36,2,9,0.0,1
36,2,10,0.0,1
36,2,11,0.0,1
36,2,12,0.0,1
36,2,13,0.0,1
36,2,14,0.0,1
36,2,15,0.0,1
36,2,16,0.0,1
36,2,17,0.0,1
36,2,18,0.0,1
36,2,19,0.0,1
36,2,20,0.0,1
36,2,21,0.0,1
36,2,22,0.0,1
36,2,23,0.0,1
36,2,24,0.0,1
36,2,25,0.0,1
36,2,26,0.0,1
36,2,27,0.0,1
36,2,28,0.0,1
36,2,29,0.0,1
36,2,30,0.0,1
36,2,31,0.0,1
36,2,32,0.0,1
36,2,33,0.0,1
36,2,34,0.0,1
36,2,35,0.0,1
36,2,36,0.0,1
36,4,1,0.0,3
36,4,2,0.0,3
36,4,3,0.16666666666666666,3
36,4,4,0.0,3
36,4,5,0.0,3
36,4,6,0.0,3
36,4,7,0.0,3
36,4,8,0.16666666666666666,3
36,4,9,0.0,3
36,4,10,0.0,3
36,4,11,0.16666666666666666,3
36,4,12,0.0,3
36,4,13,0.0,3
36,4,14,0.0,3
36,4,15,0.0,3
36,4,16,0.0,3
36,4,17,0.0,3
36,4,18,0.0,3
36,4,19,0.0,3
36,4,20,0.0,3
36,4,21,0.0,3
36,4,22,0.0,3
36,4,23,0.0,3
36,4,24,0.0,3
36,4,25,0.0,3
36,4,26,0.0,3
36,4,27,0.0,3
36,4,28,0.0,2
36,4,29,0.0,2
36,4,30,0.0,2
36,4,31,0.0,2
36,4,32,0.0,2
36,4,33,0.0,2
36,4,34,0.0,2
36,4,35,0.0,2
36,4,36,0.0,1
36,5,1,0.08108108108108109,13
36,5,2,0.0,13
36,5,3,0.29411764705882354,12
36,5,4,0.20588235294117646,12
36,5,5,0.17647058823529413,12
36,5,6,0.08823529411764706,12
36,5,7,0.23529411764705885,12
36,5,8,0.08823529411764706,12
36,5,9,0.08823529411764706,12
36,5,10,0.29411764705882354,12
36,5,11,0.17647058823529413,12
36,5,12,0.17647058823529413,12
36,5,13,0.17647058823529413,12
36,5,14,0.11764705882352942,12
36,5,15,0.09677419354838711,11
36,5,16,0.09677419354838711,11
36,5,17,0.19354838709677422,11
36,5,18,0.19354838709677422,11
36,5,19,0.03225806451612903,11
36,5,20,0.03571428571428572,10
36,5,21,0.32142857142857145,10
36,5,22,0.0,10
36,5,23,0.10714285714285715,10
36,5,24,0.24000000000000005,9
36,5,25,0.04,9
36,5,26,0.12000000000000002,9
36,5,27,0.27272727272727276,8
36,5,28,0.3181818181818182,8
36,5,29,0.13636363636363638,8
36,5,30,0.15789473684210528,7
36,5,31,0.43750000000000006,6
36,5,32,0.375,6
36,5,33,0.0,6
36,5,34,0.2,5
36,5,35,0.4,5
36,5,36,0.0,5
36,6,1,0.2857142857142857,4
36,6,2,0.0,4
36,6,3,0.42857142857142855,4
36,6,4,0.2857142857142857,4
36,6,5,0.0,4
36,6,6,0.14285714285714285,4
36,6,7,0.14285714285714285,4
36,6,8,0.0,4
36,6,9,0.0,4
36,6,10,0.0,4
36,6,11,0.0,4
36,6,12,0.0,4
36,6,13,0.0,4
36,6,14,0.0,4
36,6,15,0.0,4
36,6,16,0.0,4
36,6,17,0.0,4
36,6,18,0.0,4
36,6,19,0.0,4
36,6,20,0.0,4
36,6,21,0.0,4
36,6,22,0.0,4
36,6,23,0.0,4
36,6,24,0.0,4
36,6,25,0.0,4
36,6,26,0.0,4
36,6,27,0.0,4
36,6,28,0.0,4
36,6,29,0.0,4
36,6,30,0.0,4
36,6,31,0.0,4
36,6,32,0.0,4
36,6,33,0.0,4
36,6,34,0.0,4
36,6,35,0.0,4
36,6,36,0.0,4
36,7,1,0.0,4
36,7,2,0.2857142857142857,4
36,7,3,0.14285714285714285,4
36,7,4,0.0,4
36,7,5,0.0,4
36,7,6,0.0,4
36,7,7,0.0,4
36,7,8,0.0,4
36,7,9,0.0,4
36,7,10,0.0,4
36,7,11,0.0,4
36,7,12,0.0,4
36,7,13,0.0,4
36,7,14,0.0,4
36,7,15,0.0,4
36,7,16,0.0,4
36,7,17,0.0,4
36,7,18,0.0,4
36,7,19,0.0,4
36,7,20,0.0,4
36,7,21,0.0,4
36,7,22,0.0,4
36,7,23,0.0,4
36,7,24,0.0,4
36,7,25,0.0,4
36,7,26,0.0,4
36,7,27,0.0,4
36,7,28,0.0,4
36,7,29,0.0,3
36,7,30,0.0,3
36,7,31,0.2,3
36,7,32,0.0,2
36,7,33,0.25,2
36,7,34,0.5,2
36,7,35,0.0,2
36,7,36,0.5,2
36,8,1,0.21428571428571427,9
36,8,2,0.07142857142857142,9
36,8,3,0.35714285714285715,9
36,8,4,0.38461538461538464,8
36,8,5,0.18181818181818182,7
36,8,6,0.4,6
36,8,7,0.6,6
36,8,8,0.3,6
36,8,9,0.25,5
36,8,10,0.3125,5
36,8,11,0.375,5
36,8,12,0.16666666666666666,4
36,8,13,0.6666666666666666,4
36,8,14,0.4166666666666667,4
36,8,15,0.3333333333333333,4
36,8,16,0.4,3
36,8,17,0.2,3
36,8,18,0.5,2
36,8,19,0.5,1
36,8,20,1.0,1
36,8,21,0.5,1
36,8,22,0.0,1
36,8,23,0.0,1
36,8,24,1.0,1
36,9,1,0.0,4
36,9,2,0.0,4
36,9,3,0.25,4
36,9,4,0.0,4
36,9,5,0.25,4
36,9,6,0.25,4
36,9,7,0.0,4
36,9,8,0.25,4
36,9,9,0.0,4
36,9,10,0.0,4
36,9,11,0.25,4
36,9,12,0.0,4
36,9,13,0.0,4
36,9,14,0.25,4
36,9,15,0.0,4
36,9,16,0.0,4
36,9,17,0.0,4
36,9,18,0.0,4
36,9,19,0.0,4
36,9,20,0.0,4
36,9,21,0.0,4
36,9,22,0.0,4
36,9,23,0.0,4
36,9,24,0.0,4
36,9,25,0.0,4
36,9,26,0.0,4
36,9,27,0.0,4
36,9,28,0.0,4
36,9,29,0.0,4
36,9,30,0.0,4
36,9,31,0.0,4
36,9,32,0.0,4
36,9,33,0.0,4
36,9,34,0.0,4
36,9,35,0.0,4
36,9,36,0.0,4
36,13,1,0.21951219512195122,9
36,13,2,0.39473684210526316,8
36,13,3,0.39473684210526316,8
36,13,4,0.10526315789473684,8
36,13,5,0.19736842105263158,8
36,13,6,0.21052631578947367,8
36,13,7,0.0,7
36,13,8,0.10344827586206898,6
36,13,9,0.10344827586206898,6
36,13,10,0.0,5
36,13,11,0.17647058823529413,4
36,13,12,0.0,4
36,13,13,0.0,3
36,13,14,0.0,3
36,13,15,0.0,3
36,13,16,0.0,3
36,13,17,0.0,3
36,13,18,0.0,3
36,13,19,0.0,3
36,13,20,0.0,3
36,13,21,0.18181818181818182,3
36,13,22,0.0,3
36,13,23,0.18181818181818182,3
36,13,24,0.18181818181818182,3
36,13,25,0.27272727272727276,3
36,13,26,0.18181818181818182,3
36,13,27,0.9090909090909092,3
36,13,28,0.27272727272727276,3
36,13,29,0.5454545454545455,3
36,13,30,0.8181818181818182,3
36,13,31,0.13636363636363638,3
36,13,32,0.6363636363636365,3
36,13,33,0.27272727272727276,3
36,13,34,0.0,2
36,13,35,0.0,2
36,13,36,0.16666666666666666,2
36,14,1,0.0,3
36,14,2,0.0,3
36,14,3,0.0,3
36,14,4,0.0,3
36,14,5,0.0,3
36,14,6,0.0,3
36,14,7,0.0,3
36,14,8,0.0,3
36,14,9,0.0,3
36,14,10,0.0,3
36,14,11,0.0,3
36,14,12,0.0,3
36,14,13,0.0,3
36,14,14,0.0,3
36,14,15,0.0,3
36,14,16,0.4,3
36,14,17,0.0,3
36,14,18,0.0,3
36,14,19,0.2,3
36,14,20,0.0,3
36,14,21,0.0,2
36,14,22,0.0,2
36,14,23,0.0,2
36,14,24,0.0,2
36,14,25,0.0,2
36,14,26,0.0,2
36,14,27,0.0,2
36,14,28,0.0,2
36,14,29,0.0,2
36,14,30,0.0,2
36,14,31,0.0,2
36,14,32,0.0,2
36,14,33,0.0,2
36,14,34,0.0,2
36,14,35,0.3333333333333333,2
36,14,36,0.0,2
36,15,1,0.0625,6
36,15,2,0.0,6
36,15,3,0.0625,6
36,15,4,0.0,6
36,15,5,0.125,6
36,15,6,0.0,6
36,15,7,0.0,6
36,15,8,0.125,6
36,15,9,0.0,6
36,15,10,0.0,6
36,15,11,0.125,6
36,15,12,0.0,6
36,15,13,0.0,6
36,15,14,0.125,6
36,15,15,0.0,6
36,15,16,0.0,6
36,15,17,0.0,6
36,15,18,0.0,6
36,15,19,0.375,6
36,15,20,0.125,6
36,15,21,0.0,6
36,15,22,0.0,5
36,15,23,0.0,4
36,15,24,0.0,4
36,15,25,0.0,4
36,15,26,0.0,4
36,15,27,0.0,4
36,15,28,0.0,4
36,15,29,0.0,4
36,15,30,0.08333333333333333,4
36,15,31,0.08333333333333333,4
36,15,32,0.0,4
36,15,33,0.08333333333333333,4
36,15,34,0.08333333333333333,4
36,15,35,0.0,4
36,15,36,0.0,4
36,16,1,0.0,2
36,16,2,0.0,2
36,16,3,0.0,2
36,16,4,0.0,2
36,16,5,0.0,2
36,16,6,0.0,2
36,16,7,0.0,2
36,16,8,0.25,2
36,16,9,0.0,2
36,16,10,0.0,2
36,16,11,0.0,2
36,16,12,0.0,2
36,16,13,0.0,2
36,16,14,0.0,2
36,16,15,0.0,2
36,16,16,0.0,2
36,16,17,0.0,2
36,16,18,0.0,2
36,16,19,0.0,2
36,16,20,0.0,2
36,16,21,0.0,2
36,16,22,0.0,2
36,16,23,0.0,2
36,16,24,0.0,2
36,16,25,0.0,2
36,16,26,0.0,2
36,16,27,0.0,2
36,16,28,0.0,2
36,16,29,0.0,2
36,16,30,0.0,2
36,16,31,0.0,2
36,16,32,0.0,2
36,16,33,0.0,2
36,16,34,0.0,2
36,16,35,0.0,2
36,16,36,0.0,2
36,17,1,0.0,1
36,17,2,0.0,1
36,17,3,0.0,1
36,17,4,0.0,1
36,17,5,0.0,1
36,17,6,0.0,1
36,17,7,0.0,1
36,17,8,0.0,1
36,17,9,0.0,1
36,17,10,0.0,1
36,17,11,0.0,1
36,17,12,0.0,1
36,17,13,0.0,1
36,17,14,0.0,1
36,17,15,0.0,1
36,17,16,0.0,1
36,17,17,0.0,1
36,17,18,0.0,1
36,17,19,0.0,1
36,17,20,0.0,1
36,17,21,0.0,1
36,17,22,0.0,1
36,17,23,0.0,1
36,17,24,0.0,1
36,17,25,0.0,1
36,17,26,0.0,1
36,17,27,0.0,1
36,17,28,0.0,1
36,17,29,0.0,1
36,17,30,0.0,1
36,17,31,0.0,1
36,17,32,0.0,1
36,17,33,0.0,1
36,17,34,0.0,1
36,17,35,0.0,1
36,17,36,0.0,1
36,18,1,0.0,5
36,18,2,0.0,5
36,18,3,0.0,5
36,18,4,0.125,5
36,18,5,0.0,5
36,18,6,0.25,5
36,18,7,0.0,5
36,18,8,0.0,5
36,18,9,0.0,5
36,18,10,0.1875,5
36,18,11,0.0,5
36,18,12,0.0,5
36,18,13,0.25,5
36,18,14,0.125,5
36,18,15,0.0,5
36,18,16,0.0,5
36,18,17,0.0,5
36,18,18,0.0,5
36,18,19,0.25,5
36,18,20,0.125,5
36,18,21,0.0,5
36,18,22,0.0,5
36,18,23,0.125,5
36,18,24,0.0,5
36,18,25,0.0,5
36,18,26,0.0,5
36,18,27,0.0,5
36,18,28,0.0,5
36,18,29,0.0,5
36,18,30,0.0,5
36,18,31,0.0,5
36,18,32,0.0,5
36,18,33,0.125,5
36,18,34,0.0,5
36,18,35,0.0,4
36,18,36,0.0,4
37,3,1,0.0,4
37,3,2,0.0,4
37,3,3,0.0,4
37,3,4,0.0,4
37,3,5,0.3333333333333333,4
37,3,6,0.0,4
37,3,7,0.0,4
37,3,8,0.0,4
37,3,9,0.0,4
37,3,10,0.16666666666666666,4
37,3,11,0.0,4
37,3,12,0.16666666666666666,4
37,3,13,0.0,4
37,3,14,0.0,4
37,3,15,0.2,3
37,3,16,0.0,3
37,3,17,0.2,3
37,3,18,0.0,3
37,3,19,0.0,3
37,3,20,0.0,3
37,3,21,0.0,3
37,3,22,0.0,3
37,3,23,0.0,3
37,3,24,0.0,3
37,3,25,0.0,3
37,3,26,0.0,3
37,3,27,0.16666666666666666,2
37,3,28,0.0,2
37,3,29,0.0,2
37,3,30,0.0,2
37,3,31,0.0,2
37,3,32,0.0,1
37,3,33,0.0,1
37,3,34,0.0,1
37,3,35,0.0,1
37,3,36,0.0,1
37,4,1,0.0,3
37,4,2,0.0,3
37,4,3,0.0,3
37,4,4,0.0,2
37,4,5,0.0,2
37,4,6,0.0,2
37,4,7,0.0,2
37,4,8,0.0,2
37,4,9,0.0,2
37,4,10,0.0,2
37,4,11,0.0,2
37,4,12,0.0,2
37,4,13,0.0,2
37,4,14,0.0,2
37,4,15,0.25,2
37,4,16,0.0,2
37,4,17,0.0,2
37,4,18,0.0,2
37,4,19,0.0,2
37,4,20,0.0,2
37,4,21,0.0,2
37,4,22,0.25,2
37,4,23,0.0,2
37,4,24,0.0,2
37,4,25,0.0,2
37,4,26,0.0,1
37,4,27,0.0,1
37,4,28,0.0,1
37,4,29,0.0,1
37,4,30,0.0,1
37,4,31,0.0,1
37,4,32,0.0,1
37,4,33,0.0,1
37,4,34,0.0,1
37,4,35,0.0,1
37,4,36,0.0,1
37,5,1,0.0,4
37,5,2,0.0,4
37,5,3,0.0,4
37,5,4,0.0,4
37,5,5,0.0,4
37,5,6,0.0,4
37,5,7,0.14285714285714285,4
37,5,8,0.0,4
37,5,9,0.0,4
37,5,10,0.0,4
37,5,11,0.0,4
37,5,12,0.0,4
37,5,13,0.0,4
37,5,14,0.0,4
37,5,15,0.0,4
37,5,16,0.0,4
37,5,17,0.0,3
37,5,18,0.0,3
37,5,19,0.0,3
37,5,20,0.0,3
37,5,21,0.3333333333333333,3
37,5,22,0.0,3
37,5,23,0.0,3
37,5,24,0.5,2
37,5,25,0.0,2
37,5,26,0.0,2
37,5,27,0.0,2
37,5,28,0.25,2
37,5,29,0.0,2
37,5,30,0.0,2
37,5,31,0.0,2
37,5,32,0.0,2
37,5,33,0.0,2
37,5,34,0.0,2
37,5,35,0.0,2
37,5,36,0.0,2
37,6,1,0.0,2
37,6,2,0.0,2
37,6,3,0.0,2
37,6,4,0.0,2
37,6,5,0.3333333333333333,2
37,6,6,0.0,2
37,6,7,0.0,2
37,6,8,0.0,2
37,6,9,0.0,2
37,6,10,0.0,2
37,6,11,0.0,2
37,6,12,0.0,2
37,6,13,0.0,2
37,6,14,0.0,2
37,6,15,0.0,2
37,6,16,0.0,2
37,6,17,0.0,2
37,6,18,0.0,2
37,6,19,0.0,2
37,6,20,0.0,2
37,6,21,0.0,2
37,6,22,0.0,2
37,6,23,0.0,2
37,6,24,0.0,2
37,6,25,0.0,2
37,6,26,0.0,2
37,6,27,0.0,2
37,6,28,0.0,2
37,6,29,0.0,2
37,6,30,0.0,2
37,6,31,0.0,2
37,6,32,0.0,2
37,6,33,0.0,2
37,6,34,0.0,2
37,6,35,0.0,2
37,6,36,0.0,2
37,7,1,0.0,4
37,7,2,0.2857142857142857,4
37,7,3,0.0,4
37,7,4,0.0,4
37,7,5,0.0,4
37,7,6,0.2857142857142857,4
37,7,7,0.0,4
37,7,8,0.42857142857142855,4
37,7,9,0.0,4
37,7,10,0.0,4
37,7,11,0.0,4
37,7,12,0.0,4
37,7,13,0.0,4
37,7,14,0.14285714285714285,4
37,7,15,0.0,4
37,7,16,0.14285714285714285,4
37,7,17,0.0,4
37,7,18,0.0,4
37,7,19,0.0,4
37,7,20,0.0,4
37,7,21,0.0,4
37,7,22,0.0,4
37,7,23,0.0,4
37,7,24,0.0,4
37,7,25,0.0,4
37,7,26,0.0,4
37,7,27,0.0,4
37,7,28,0.0,4
37,7,29,0.0,4
37,7,30,0.0,4
37,7,31,0.0,4
37,7,32,0.0,4
37,7,33,0.0,4
37,7,34,0.0,4
37,7,35,0.0,4
37,7,36,0.0,4
37,8,1,0.3333333333333333,15
37,8,2,0.2962962962962963,15
37,8,3,0.28,14
37,8,4,0.5,13
37,8,5,0.2916666666666667,13
37,8,6,0.25,13
37,8,7,0.45454545454545453,12
37,8,8,0.35,11
37,8,9,0.35,11
37,8,10,0.2777777777777778,10
37,8,11,0.4444444444444444,10
37,8,12,0.4375,9
37,8,13,0.375,9
37,8,14,0.5714285714285714,8
37,8,15,0.5357142857142857,8
37,8,16,0.5,8
37,8,17,0.21428571428571427,8
37,8,18,0.3333333333333333,7
37,8,19,0.4,6
37,8,20,0.3,6
37,8,21,0.25,5
37,8,22,0.5833333333333334,4
37,8,23,0.6666666666666666,4
37,8,24,0.3333333333333333,4
37,8,25,0.3333333333333333,4
37,8,26,0.4,3
37,8,27,1.0,3
37,8,28,0.4,3
37,8,29,0.2,3
37,8,30,0.2,3
37,8,31,0.8,3
37,8,32,0.4,3
37,8,33,0.2,3
37,8,34,0.3333333333333333,2
37,8,35,0.0,1
37,8,36,0.0,1
37,9,1,0.2608695652173913,12
37,9,2,0.17391304347826086,12
37,9,3,0.2608695652173913,12
37,9,4,0.34782608695652173,12
37,9,5,0.30434782608695654,12
37,9,6,0.2608695652173913,12
37,9,7,0.2608695652173913,12
37,9,8,0.2608695652173913,12
37,9,9,0.2608695652173913,12
37,9,10,0.17391304347826086,12
37,9,11,0.08695652173913043,12
37,9,12,0.2608695652173913,12
37,9,13,0.2608695652173913,12
37,9,14,0.08695652173913043,12
37,9,15,0.09090909090909091,11
37,9,16,0.18181818181818182,11
37,9,17,0.18181818181818182,11
37,9,18,0.0,11
37,9,19,0.09090909090909091,11
37,9,20,0.0,10
37,9,21,0.1,10
37,9,22,0.1,10
37,9,23,0.0,10
37,9,24,0.0,10
37,9,25,0.0,10
37,9,26,0.1,10
37,9,27,0.0,10
37,9,28,0.0,10
37,9,29,0.0,10
37,9,30,0.0,10
37,9,31,0.15,10
37,9,32,0.1,10
37,9,33,0.0,10
37,9,34,0.0,10
37,9,35,0.1,10
37,9,36,0.05,10
37,11,1,0.0,1
37,11,2,0.0,1
37,11,3,0.0,1
37,11,4,0.0,1
37,11,5,0.0,1
37,11,6,0.0,1
37,11,7,0.0,1
37,11,8,0.0,1
37,11,9,0.0,1
37,11,10,0.0,1
37,11,11,0.0,1
37,11,12,0.0,1
37,11,13,0.0,1
37,11,14,0.0,1
37,11,15,0.0,1
37,11,16,0.0,1
37,11,17,0.0,1
37,11,18,0.0,1
37,11,19,0.0,1
37,11,20,0.0,1
37,11,21,0.0,1
37,11,22,0.0,1
37,11,23,0.0,1
37,11,24,0.0,1
37,11,25,0.0,1
37,11,26,0.0,1
37,11,27,0.0,1
37,11,28,0.0,1
37,11,29,0.0,1
37,11,30,0.0,1
37,11,31,0.0,1
37,11,32,0.0,1
37,11,33,0.0,1
37,11,34,0.0,1
37,11,35,0.0,1
37,11,36,0.0,1
37,13,1,0.0,3
37,13,2,0.0,3
37,13,3,0.0,3
37,13,4,0.4,3
37,13,5,0.0,2
37,13,6,0.0,2
37,13,7,0.0,2
37,13,8,0.6666666666666666,2
37,13,9,0.0,1
37,13,10,0.0,1
37,13,11,0.0,1
37,13,12,0.0,1
37,14,1,0.1875,10
37,14,2,0.0,9
37,14,3,0.14285714285714285,9
37,14,4,0.21428571428571427,9
37,14,5,0.07142857142857142,9
37,14,6,0.0,9
37,14,7,0.0,9
37,14,8,0.0,9
37,14,9,0.14285714285714285,9
37,14,10,0.03571428571428571,9
37,14,11,0.07142857142857142,9
37,14,12,0.10714285714285714,9
37,14,13,0.07142857142857142,9
37,14,14,0.2857142857142857,9
37,14,15,0.21428571428571427,9
37,14,16,0.08333333333333333,8
37,14,17,0.0,8
37,14,18,0.16666666666666666,8
37,14,19,0.16666666666666666,8
37,14,20,0.0,8
37,14,21,0.0,8
37,14,22,0.0,8
37,14,23,0.25,8
37,14,24,0.08333333333333333,8
37,14,25,0.0,7
37,14,26,0.1,7
37,14,27,0.5,7
37,14,28,0.4444444444444444,6
37,14,29,0.0,5
37,14,30,0.0,5
37,14,31,0.125,5
37,14,32,0.125,5
37,14,33,0.0,5
37,14,34,0.0,5
37,14,35,0.0,5
37,14,36,0.0,5
37,15,1,0.0,2
37,15,2,0.0,2
37,15,3,0.0,2
37,15,4,0.0,2
37,15,5,0.0,2
37,15,6,0.0,2
37,15,7,0.0,2
37,15,8,0.0,2
37,15,9,0.3333333333333333,2
37,15,10,0.0,2
37,15,11,0.0,2
37,15,12,0.0,2
37,15,13,0.0,2
37,15,14,0.0,2
37,15,15,0.0,2
37,15,16,0.0,2
37,15,17,0.0,2
37,15,18,0.0,2
37,15,19,0.0,2
37,15,20,0.0,2
37,15,21,0.0,2
37,15,22,0.0,2
37,15,23,0.0,2
37,15,24,0.0,2
37,15,25,0.0,2
37,15,26,0.0,2
37,15,27,0.0,2
37,15,28,0.0,1
37,15,29,0.0,1
37,15,30,0.0,1
37,15,31,0.0,1
37,15,32,0.0,1
37,15,33,0.0,1
37,15,34,0.0,1
37,15,35,0.0,1
37,15,36,0.0,1
37,16,1,0.0,4
37,16,2,0.0,4
37,16,3,0.0,4
37,16,4,0.0,4
37,16,5,0.0,4
37,16,6,0.0,4
37,16,7,0.14285714285714285,4
37,16,8,0.0,4
37,16,9,0.2857142857142857,4
37,16,10,0.0,4
37,16,11,0.0,4
37,16,12,0.0,4
37,16,13,0.0,4
37,16,14,0.0,4
37,16,15,0.0,4
37,16,16,0.14285714285714285,4
37,16,17,0.0,4
37,16,18,0.0,4
37,16,19,0.0,4
37,16,20,0.0,4
37,16,21,0.14285714285714285,4
37,16,22,0.0,4
37,16,23,0.0,4
37,16,24,0.0,4
37,16,25,0.0,4
37,16,26,0.0,4
37,16,27,0.0,4
37,16,28,0.2857142857142857,4
37,16,29,0.0,4
37,16,30,0.0,4
37,16,31,0.0,4
37,16,32,0.0,4
37,16,33,0.0,3
37,16,34,0.0,3
37,16,35,0.0,3
37,16,36,0.0,3
37,18,1,0.0,1
37,18,2,0.0,1
37,18,3,0.0,1
37,18,4,0.0,1
37,18,5,0.0,1
37,18,6,0.0,1
37,18,7,0.0,1
37,18,8,0.0,1
37,18,9,0.0,1
37,18,10,0.0,1
37,18,11,0.0,1
37,18,12,0.0,1
37,18,13,0.0,1
37,18,14,0.0,1
37,18,15,0.0,1
37,18,16,0.0,1
37,18,17,0.0,1
37,18,18,0.0,1
37,18,19,0.0,1
37,18,20,0.0,1
37,18,21,0.0,1
37,18,22,0.0,1
38,3,1,0.0,1
38,3,2,0.0,1
38,3,3,0.0,1
38,3,4,0.0,1
38,3,5,0.0,1
38,3,6,0.0,1
38,3,7,0.0,1
38,3,8,0.0,1
38,3,9,0.0,1
38,3,10,0.0,1
38,3,11,0.0,1
38,3,12,0.0,1
38,3,13,0.0,1
38,3,14,0.0,1
38,3,15,0.0,1
38,3,16,0.0,1
38,3,17,0.0,1
38,3,18,0.0,1
38,3,19,0.0,1
38,3,20,0.0,1
38,3,21,0.0,1
38,3,22,0.0,1
38,3,23,0.0,1
38,3,24,0.0,1
38,3,25,0.0,1
38,3,26,0.0,1
38,3,27,0.0,1
38,3,28,0.0,1
38,3,29,0.0,1
38,3,30,0.0,1
38,3,31,0.0,1
38,3,32,0.0,1
38,3,33,0.0,1
38,3,34,0.0,1
38,3,35,0.0,1
38,3,36,0.0,1
38,4,1,0.05882352941176471,8
38,4,2,0.27941176470588236,8
38,4,3,0.20588235294117652,8
38,4,4,0.23529411764705885,8
38,4,5,0.11764705882352942,8
38,4,6,0.17647058823529413,8
38,4,7,0.14705882352941177,8
38,4,8,0.0,8
38,4,9,0.17647058823529413,8
38,4,10,0.0,8
38,4,11,0.0,8
38,4,12,0.0,8
38,4,13,0.17647058823529413,8
38,4,14,0.0,8
38,4,15,0.08823529411764706,8
38,4,16,0.0,8
38,4,17,0.14705882352941177,8
38,4,18,0.0,8
38,4,19,0.21875000000000003,7
38,4,20,0.0625,7
38,4,21,0.03125,7
38,4,22,0.1875,7
38,4,23,0.07692307692307693,6
38,4,24,0.02564102564102564,6
38,4,25,0.0,6
38,4,26,0.07692307692307693,6
38,4,27,0.0,6
38,4,28,0.0,6
38,4,29,0.0,6
38,4,30,0.0,6
38,4,31,0.0,6
38,4,32,0.0,6
38,4,33,0.0,6
38,4,34,0.0,6
38,4,35,0.0,6
38,4,36,0.0,5
38,6,1,0.0,2
38,6,2,0.0,2
38,6,3,0.3333333333333333,2
38,6,4,0.0,2
38,6,5,0.0,2
38,6,6,0.0,2
38,6,7,0.0,2
38,6,8,0.0,2
38,6,9,0.0,2
38,6,10,0.0,2
38,6,11,0.0,2
38,6,12,0.0,2
38,6,13,0.0,2
38,6,14,0.0,2
38,6,15,0.0,2
38,6,16,0.0,2
38,6,17,0.0,2
38,6,18,0.0,2
38,6,19,0.0,2
38,6,20,0.0,2
38,6,21,0.0,2
38,6,22,0.0,2
38,6,23,0.0,2
38,6,24,0.0,2
38,6,25,0.0,2
38,6,26,0.0,2
38,6,27,0.0,2
38,6,28,0.0,2
38,6,29,0.0,2
38,6,30,0.0,2
38,6,31,0.0,2
38,6,32,0.0,2
38,6,33,0.0,2
38,6,34,0.0,2
38,6,35,0.0,2
38,6,36,0.0,2
38,7,1,0.0808080808080808,13
38,7,2,0.25757575757575757,13
38,7,3,0.1212121212121212,13
38,7,4,0.0808080808080808,13
38,7,5,0.21212121212121213,13
38,7,6,0.0808080808080808,13
38,7,7,0.15151515151515152,13
38,7,8,0.18518518518518517,13
38,7,9,0.12121212121212122,13
38,7,10,0.015151515151515152,13
38,7,11,0.12121212121212122,13
38,7,12,0.013468013468013467,13
38,7,13,0.1111111111111111,13
38,7,14,0.101010101010101,13
38,7,15,0.0404040404040404,13
38,7,16,0.12121212121212122,13
38,7,17,0.06060606060606061,13
38,7,18,0.030303030303030304,13
38,7,19,0.1313131313131313,13
38,7,20,0.013468013468013467,13
38,7,21,0.17676767676767677,13
38,7,22,0.06060606060606061,13
38,7,23,0.0404040404040404,13
38,7,24,0.1717171717171717,13
38,7,25,0.01149425287356322,12
38,7,26,0.06896551724137932,12
38,7,27,0.0,12
38,7,28,0.01724137931034483,12
38,7,29,0.06896551724137932,12
38,7,30,0.13793103448275865,12
38,7,31,0.0,12
38,7,32,0.11494252873563218,12
38,7,33,0.0,11
38,7,34,0.0,11
38,7,35,0.16000000000000003,11
38,7,36,0.05333333333333334,11
38,8,1,0.16666666666666666,6
38,8,2,0.0,5
38,8,3,0.2,5
38,8,4,0.2,5
38,8,5,0.4,5
38,8,6,0.25,4
38,8,7,0.0,3
38,8,8,0.3333333333333333,3
38,8,9,0.3333333333333333,3
38,8,10,0.3333333333333333,3
38,8,11,0.0,3
38,8,12,0.0,2
38,8,13,0.5,2
38,8,14,0.0,2
38,8,15,1.0,1
38,8,16,0.0,1
38,8,17,0.0,1
38,8,18,1.0,1
38,8,19,0.0,1
38,8,20,0.0,1
38,8,21,0.0,1
38,8,22,0.0,1
38,8,23,1.0,1
38,8,24,1.0,1
38,8,25,0.0,1
38,8,26,0.0,1
38,8,27,0.0,1
38,8,28,1.0,1
38,8,29,0.0,1
38,9,1,0.39416058394160586,16
38,9,2,0.4233576642335766,16
38,9,3,0.416058394160584,16
38,9,4,0.4087591240875912,16
38,9,5,0.364963503649635,16
38,9,6,0.26277372262773724,16
38,9,7,0.3795620437956204,16
38,9,8,0.2834549878345499,16
38,9,9,0.2481751824817518,16
38,9,10,0.1824817518248175,16
38,9,11,0.23722627737226276,16
38,9,12,0.15328467153284672,16
38,9,13,0.10948905109489052,16
38,9,14,0.1021897810218978,16
38,9,15,0.10948905109489052,16
38,9,16,0.043795620437956206,16
38,9,17,0.014598540145985401,16
38,9,18,0.09854014598540146,16
38,9,19,0.021897810218978103,16
38,9,20,0.048,15
38,9,21,0.0,15
38,9,22,0.027999999999999997,15
38,9,23,0.048,15
38,9,24,0.024,15
38,9,25,0.0,15
38,9,26,0.0,15
38,9,27,0.012,15
38,9,28,0.096,15
38,9,29,0.032,15
38,9,30,0.0,15
38,9,31,0.096,15
38,9,32,0.048,15
38,9,33,0.096,15
38,9,34,0.0,15
38,9,35,0.048,15
38,9,36,0.096,15
38,10,1,0.0,4
38,10,2,0.0,4
38,10,3,0.0,4
38,10,4,0.0,4
38,10,5,0.16666666666666666,4
38,10,6,0.3333333333333333,4
38,10,7,0.0,4
38,10,8,0.0,4
38,10,9,0.0,4
38,10,10,0.0,4
38,10,11,0.16666666666666666,4
38,10,12,0.0,4
38,10,13,0.0,4
38,10,14,0.0,4
38,10,15,0.0,4
38,10,16,0.0,4
38,10,17,0.0,4
38,10,18,0.0,4
38,10,19,0.08333333333333333,4
38,10,20,0.0,4
38,10,21,0.0,4
38,10,22,0.0,4
38,10,23,0.0,4
38,10,24,0.16666666666666666,4
38,10,25,0.0,4
38,10,26,0.0,4
38,10,27,0.0,4
38,10,28,0.0,4
38,10,29,0.0,4
38,10,30,0.16666666666666666,4
38,10,31,0.0,4
38,10,32,0.0,4
38,10,33,0.0,4
38,10,34,0.0,4
38,10,35,0.0,3
38,10,36,0.0,3
38,13,1,0.4722222222222222,12
38,13,2,0.3888888888888889,12
38,13,3,0.5277777777777778,12
38,13,4,0.38235294117647056,11
38,13,5,0.4375,10
38,13,6,0.4375,10
38,13,7,0.375,10
38,13,8,0.39285714285714285,9
38,13,9,0.38461538461538464,8
38,13,10,0.22727272727272727,7
38,13,11,0.1111111111111111,6
38,13,12,0.3333333333333333,6
38,13,13,0.2857142857142857,5
38,13,14,0.08333333333333333,4
38,13,15,0.16666666666666666,4
38,13,16,0.25,3
38,13,17,0.25,2
38,13,18,0.0,1
38,13,19,0.0,1
38,13,20,0.0,1
38,13,21,0.0,1
38,13,22,0.5,1
38,13,23,1.0,1
38,13,24,1.0,1
38,13,25,0.0,1
38,13,26,0.5,1
38,13,27,1.0,1
38,13,28,0.0,1
38,13,29,1.0,1
38,13,30,1.0,1
38,13,31,0.5,1
38,13,32,1.0,1
38,13,33,0.0,1
38,13,34,0.0,1
38,13,35,0.5,1
38,13,36,0.5,1
38,14,1,0.0,5
38,14,2,0.09090909090909091,5
38,14,3,0.27272727272727276,5
38,14,4,0.0,5
38,14,5,0.0,5
38,14,6,0.0,5
38,14,7,0.27272727272727276,5
38,14,8,0.0,5
38,14,9,0.09090909090909091,5
38,14,10,0.27272727272727276,5
38,14,11,0.0,5
38,14,12,0.18181818181818182,5
38,14,13,0.0,5
38,14,14,0.0,5
38,14,15,0.09090909090909091,5
38,14,16,0.0,5
38,14,17,0.0,5
38,14,18,0.0,5
38,14,19,0.0,4
38,14,20,0.0,4
38,14,21,0.0,3
38,14,22,0.14285714285714288,3
38,14,23,0.0,3
38,14,24,0.04761904761904762,3
38,14,25,0.0,3
38,14,26,0.0,3
38,14,27,0.0,3
38,14,28,0.0,2
38,14,29,0.0,2
38,14,30,0.0,2
38,14,31,0.0,1
38,14,32,0.0,1
38,14,33,0.0,1
38,14,34,0.0,1
38,14,35,0.0,1
38,14,36,0.0,1
38,15,1,0.0,7
38,15,2,0.3461538461538462,7
38,15,3,0.11538461538461539,7
38,15,4,0.0,7
38,15,5,0.23076923076923078,7
38,15,6,0.0,7
38,15,7,0.11538461538461539,7
38,15,8,0.11538461538461539,7
38,15,9,0.0,7
38,15,10,0.23076923076923078,7
38,15,11,0.0,7
38,15,12,0.11538461538461539,7
38,15,13,0.057692307692307696,7
38,15,14,0.0,7
38,15,15,0.11538461538461539,7
38,15,16,0.0,7
38,15,17,0.057692307692307696,7
38,15,18,0.0,7
38,15,19,0.0,7
38,15,20,0.0,7
38,15,21,0.0,7
38,15,22,0.0,6
38,15,23,0.0,6
38,15,24,0.0,5
38,15,25,0.0,5
38,15,26,0.0,5
38,15,27,0.0,5
38,15,28,0.0,5
38,15,29,0.0,5
38,15,30,0.05,5
38,15,31,0.0,5
38,15,32,0.07142857142857144,4
38,15,33,0.0,4
38,15,34,0.0,3
38,15,35,0.25,3
38,15,36,0.0,3
38,16,1,0.0,3
38,16,2,0.0,3
38,16,3,0.0,3
38,16,4,0.0,3
38,16,5,0.0,3
38,16,6,0.25,3
38,16,7,0.0,3
38,16,8,0.0,3
38,16,9,0.0,3
38,16,10,0.0,3
38,16,11,0.0,3
38,16,12,0.0,3
38,16,13,0.0,3
38,16,14,0.125,3
38,16,15,0.0,3
38,16,16,0.0,3
38,16,17,0.0,3
38,16,18,0.0,3
38,16,19,0.0,3
38,16,20,0.25,3
38,16,21,0.0,3
38,16,22,0.0,3
38,16,23,0.0,3
38,16,24,0.0,3
38,16,25,0.0,3
38,16,26,0.0,3
38,16,27,0.0,3
38,16,28,0.0,3
38,16,29,0.0,3
38,16,30,0.0,3
38,16,31,0.0,3
38,16,32,0.0,3
38,16,33,0.0,3
38,16,34,0.0,3
38,16,35,0.0,3
38,16,36,0.0,3
39,2,1,0.20689655172413796,7
39,2,2,0.05172413793103449,7
39,2,3,0.05172413793103449,7
39,2,4,0.017241379310344827,7
39,2,5,0.0,7
39,2,6,0.06896551724137931,7
39,2,7,0.06896551724137931,7
39,2,8,0.0,7
39,2,9,0.0,7
39,2,10,0.0,7
39,2,11,0.05172413793103449,7
39,2,12,0.0,7
39,2,13,0.20689655172413796,7
39,2,14,0.20689655172413796,7
39,2,15,0.20689655172413796,7
39,2,16,0.05172413793103449,7
39,2,17,0.0,7
39,2,18,0.0,7
39,2,19,0.0,7
39,2,20,0.06896551724137931,7
39,2,21,0.0,6
39,2,22,0.0,6
39,2,23,0.0,6
39,2,24,0.0,6
39,2,25,0.0,6
39,2,26,0.05454545454545455,6
39,2,27,0.0,6
39,2,28,0.2181818181818182,6
39,2,29,0.2181818181818182,6
39,2,30,0.0,6
39,2,31,0.05454545454545455,6
39,2,32,0.0,5
39,2,33,0.0,5
39,2,34,0.0,5
39,2,35,0.09302325581395349,5
39,2,36,0.0,5
39,5,1,0.45517241379310347,30
39,5,2,0.4568345323741007,29
39,5,3,0.5035971223021583,29
39,5,4,0.4172932330827068,28
39,5,5,0.5230769230769231,27
39,5,6,0.5038461538461538,27
39,5,7,0.5161290322580645,26
39,5,8,0.5,25
39,5,9,0.3823529411764706,24
39,5,10,0.4601769911504426,23
39,5,11,0.43805309734513276,23
39,5,12,0.47663551401869164,22
39,5,13,0.4603960396039604,21
39,5,14,0.41052631578947374,20
39,5,15,0.41304347826086957,19
39,5,16,0.4101123595505618,18
39,5,17,0.3373493975903615,17
39,5,18,0.525,16
39,5,19,0.5625,16
39,5,20,0.4625,16
39,5,21,0.5437500000000001,16
39,5,22,0.425,16
39,5,23,0.5405405405405406,15
39,5,24,0.44117647058823534,14
39,5,25,0.49230769230769234,13
39,5,26,0.8153846153846154,13
39,5,27,0.5076923076923078,13
39,5,28,0.5080645161290324,12
39,5,29,0.653225806451613,12
39,5,30,0.5357142857142858,11
39,5,31,0.5800000000000001,10
39,5,32,0.49000000000000005,10
39,5,33,0.5795454545454546,9
39,5,34,0.5681818181818181,9
39,5,35,0.5,8
39,5,36,0.46875,7
39,6,1,0.13333333333333333,5
39,6,2,0.0,5
39,6,3,0.26666666666666666,5
39,6,4,0.03333333333333333,5
39,6,5,0.06666666666666667,5
39,6,6,0.26666666666666666,5
39,6,7,0.13333333333333333,5
39,6,8,0.0,5
39,6,9,0.26666666666666666,5
39,6,10,0.13333333333333333,5
39,6,11,0.06666666666666667,5
39,6,12,0.0,5
39,6,13,0.0,5
39,6,14,0.06666666666666667,5
39,6,15,0.0,5
39,6,16,0.0,5
39,6,17,0.0,5
39,6,18,0.0,5
39,6,19,0.0,5
39,6,20,0.0,5
39,6,21,0.0,5
39,6,22,0.0,5
39,6,23,0.0,5
39,6,24,0.0,5
39,6,25,0.0,5
39,6,26,0.0,5
39,6,27,0.0,5
39,6,28,0.0,5
39,6,29,0.0,5
39,6,30,0.0,5
39,6,31,0.0,5
39,6,32,0.0,5
39,6,33,0.0,5
39,6,34,0.0,5
39,6,35,0.0,5
39,6,36,0.0,5
39,7,1,0.16216216216216217,5
39,7,2,0.32432432432432434,5
39,7,3,0.0,5
39,7,4,0.0,5
39,7,5,0.0,5
39,7,6,0.05405405405405406,5
39,7,7,0.0,5
39,7,8,0.0,5
39,7,9,0.0,5
39,7,10,0.0,5
39,7,11,0.0,5
39,7,12,0.0,5
39,7,13,0.0,5
39,7,14,0.0,5
39,7,15,0.0,5
39,7,16,0.0,5
39,7,17,0.0,5
39,7,18,0.0,5
39,7,19,0.0,5
39,7,20,0.0,4
39,7,21,0.0,3
39,7,22,0.0,2
39,7,23,0.0,2
39,7,24,0.0,2
39,7,25,0.0,2
39,7,26,0.0,2
39,7,27,0.0,2
39,7,28,0.0,2
39,7,29,0.0,2
39,7,30,0.0,2
39,7,31,0.0,2
39,7,32,0.0,2
39,7,33,0.0,2
39,7,34,0.0,2
39,7,35,0.0,2
39,7,36,0.0,2
39,10,1,0.0,1
39,10,2,0.0,1
39,10,3,0.0,1
39,10,4,0.0,1
39,10,5,0.0,1
39,10,6,0.0,1
39,10,7,0.0,1
39,10,8,0.0,1
39,10,9,0.0,1
39,10,10,0.0,1
39,10,11,0.0,1
39,10,12,0.0,1
39,10,13,0.0,1
39,10,14,0.0,1
39,10,15,0.0,1
39,10,16,0.0,1
39,10,17,0.0,1
39,10,18,0.0,1
39,10,19,0.0,1
39,10,20,0.0,1
39,10,21,0.0,1
39,10,22,0.0,1
39,10,23,0.0,1
39,10,24,0.0,1
39,10,25,0.0,1
39,10,26,0.0,1
39,10,27,0.0,1
39,10,28,0.0,1
39,10,29,0.0,1
39,10,30,0.0,1
39,10,31,0.0,1
39,10,32,0.0,1
39,10,33,0.0,1
39,10,34,0.0,1
39,10,35,0.0,1
39,10,36,0.0,1
39,12,1,0.0,2
39,12,2,0.0,2
39,12,3,0.0,2
39,12,4,0.0,2
39,12,5,0.0,2
39,12,6,0.0,2
39,12,7,0.0,2
39,12,8,0.0,2
39,12,9,0.0,2
39,12,10,0.0,2
39,12,11,0.0,2
39,12,12,0.0,2
39,12,13,0.0,2
39,12,14,0.0,2
39,12,15,0.0,2
39,12,16,0.0,1
39,12,17,0.0,1
39,12,18,0.0,1
39,12,19,0.0,1
39,12,20,0.0,1
39,12,21,0.0,1
39,12,22,0.0,1
39,12,23,0.0,1
39,12,24,0.0,1
39,12,25,0.0,1
39,12,26,0.0,1
39,12,27,0.0,1
39,12,28,0.0,1
39,12,29,0.0,1
39,12,30,0.0,1
39,12,31,0.0,1
39,12,32,0.0,1
39,12,33,0.0,1
39,12,34,0.0,1
39,12,35,0.0,1
39,12,36,0.0,1
39,13,1,0.0,3
39,13,2,0.27272727272727276,3
39,13,3,0.0,2
39,13,4,0.0,2
39,13,5,0.125,2
39,13,6,0.0,2
39,13,7,0.25,2
39,13,8,0.0,1
39,13,9,0.0,1
39,13,10,0.0,1
39,13,11,0.3333333333333333,1
39,13,12,0.0,1
39,13,13,0.0,1
39,13,14,0.0,1
39,13,15,0.0,1
39,13,16,0.5,1
39,13,17,0.0,1
39,13,18,1.0,1
39,15,1,0.0,1
39,15,2,0.0,1
39,15,3,0.0,1
39,15,4,0.0,1
39,15,5,0.0,1
39,15,6,0.0,1
39,15,7,0.0,1
39,15,8,0.0,1
39,15,9,0.0,1
39,15,10,0.0,1
39,15,11,0.0,1
39,15,12,0.0,1
39,15,13,0.0,1
39,15,14,0.0,1
39,15,15,0.0,1
39,15,16,0.0,1
39,15,17,0.0,1
39,15,18,0.0,1
39,15,19,0.0,1
39,15,20,0.0,1
39,15,21,0.0,1
39,15,22,0.0,1
39,15,23,0.0,1
39,15,24,0.0,1
39,15,25,0.0,1
39,15,26,0.0,1
39,15,27,0.0,1
39,15,28,0.0,1
39,15,29,0.0,1
39,15,30,0.0,1
39,15,31,0.0,1
39,15,32,0.0,1
39,15,33,0.0,1
39,15,34,0.0,1
39,15,35,0.0,1
39,15,36,0.0,1
39,16,1,0.0,2
39,16,2,0.0,2
39,16,3,0.0,2
39,16,4,0.0,2
39,16,5,0.0,2
39,16,6,0.0,2
39,16,7,0.0,2
39,16,8,0.0,2
39,16,9,0.0,2
39,16,10,0.5,2
39,16,11,0.0,2
39,16,12,0.0,2
39,16,13,0.0,2
39,16,14,0.0,2
39,16,15,0.0,2
39,16,16,0.0,2
39,16,17,0.0,2
39,16,18,0.0,2
39,16,19,0.0,2
39,16,20,0.0,2
39,16,21,0.0,2
39,16,22,0.0,2
39,16,23,0.0,2
39,16,24,0.0,2
39,16,25,0.0,2
39,16,26,0.0,2
39,16,27,0.0,2
39,16,28,0.0,2
39,16,29,0.0,2
39,16,30,0.0,2
39,16,31,0.0,2
39,16,32,0.0,2
39,16,33,0.0,2
39,16,34,0.0,2
39,16,35,0.0,2
39,16,36,0.0,2
39,17,1,0.0,6
39,17,2,0.02702702702702703,6
39,17,3,0.05405405405405406,6
39,17,4,0.08108108108108109,6
39,17,5,0.04054054054054054,6
39,17,6,0.0,6
39,17,7,0.05405405405405406,6
39,17,8,0.0,6
39,17,9,0.04054054054054054,6
39,17,10,0.08108108108108109,6
39,17,11,0.0,6
39,17,12,0.10810810810810811,6
39,17,13,0.0,6
39,17,14,0.0,6
39,17,15,0.16216216216216217,6
39,17,16,0.16216216216216217,6
39,17,17,0.0,6
39,17,18,0.0,6
39,17,19,0.16216216216216217,6
39,17,20,0.0,6
39,17,21,0.0,6
39,17,22,0.0,6
39,17,23,0.0,6
39,17,24,0.0,6
39,17,25,0.0,6
39,17,26,0.04054054054054054,6
39,17,27,0.0,6
39,17,28,0.05405405405405406,6
39,17,29,0.0,6
39,17,30,0.0,6
39,17,31,0.08108108108108109,6
39,17,32,0.0,6
39,17,33,0.0,6
39,17,34,0.0,6
39,17,35,0.08108108108108109,6
39,17,36,0.0,6
39,18,1,0.21739130434782608,14
39,18,2,0.13043478260869568,14
39,18,3,0.20869565217391306,14
39,18,4,0.1565217391304348,14
39,18,5,0.13043478260869568,14
39,18,6,0.1565217391304348,14
39,18,7,0.20869565217391306,14
39,18,8,0.0782608695652174,14
39,18,9,0.26086956521739135,14
39,18,10,0.16521739130434784,14
39,18,11,0.1565217391304348,14
39,18,12,0.19130434782608696,14
39,18,13,0.15217391304347827,14
39,18,14,0.2347826086956522,14
39,18,15,0.20869565217391306,14
39,18,16,0.2,14
39,18,17,0.09565217391304348,14
39,18,18,0.052173913043478265,14
39,18,19,0.08260869565217392,14
39,18,20,0.0782608695652174,14
39,18,21,0.10714285714285715,13
39,18,22,0.07142857142857144,13
39,18,23,0.053571428571428575,13
39,18,24,0.06696428571428573,13
39,18,25,0.16071428571428573,13
39,18,26,0.1,12
39,18,27,0.035,12
39,18,28,0.12000000000000002,12
39,18,29,0.135,12
39,18,30,0.015000000000000003,12
39,18,31,0.12000000000000002,12
39,18,32,0.06000000000000001,12
39,18,33,0.05,12
39,18,34,0.03191489361702128,11
39,18,35,0.0,11
39,18,36,0.03191489361702128,11
4,1,1,0.20588235294117646,13
4,1,2,0.2352941176470588,13
4,1,3,0.1764705882352941,13
4,1,4,0.07352941176470587,13
4,1,5,0.1764705882352941,13
4,1,6,0.1323529411764706,13
4,1,7,0.29411764705882354,13
4,1,8,0.2647058823529412,13
4,1,9,0.044117647058823525,13
4,1,10,0.08823529411764705,13
4,1,11,0.1323529411764706,13
4,1,12,0.22058823529411764,13
4,1,13,0.1323529411764706,13
4,1,14,0.1176470588235294,13
4,1,15,0.2867647058823529,13
4,1,16,0.1176470588235294,13
4,1,17,0.10294117647058823,13
4,1,18,0.08823529411764705,13
4,1,19,0.1323529411764706,13
4,1,20,0.0967741935483871,12
4,1,21,0.08064516129032256,12
4,1,22,0.0967741935483871,12
4,1,23,0.12903225806451613,12
4,1,24,0.14516129032258063,12
4,1,25,0.0967741935483871,12
4,1,26,0.04838709677419355,12
4,1,27,0.26785714285714285,11
4,1,28,0.24999999999999994,11
4,1,29,0.08928571428571427,11
4,1,30,0.3214285714285714,11
4,1,31,0.08928571428571427,11
4,1,32,0.0,11
4,1,33,0.0,11
4,1,34,0.0,10
4,1,35,0.25,9
4,1,36,0.13333333333333333,8
4,2,1,0.0,7
4,2,2,0.0,7
4,2,3,0.2,7
4,2,4,0.05,7
4,2,5,0.05,7
4,2,6,0.05,7
4,2,7,0.0,7
4,2,8,0.0,6
4,2,9,0.0625,6
4,2,10,0.0,6
4,2,11,0.08333333333333333,5
4,2,12,0.0,5
4,2,13,0.0,5
4,2,14,0.3333333333333333,5
4,2,15,0.08333333333333333,5
4,2,16,0.0,5
4,2,17,0.3333333333333333,5
4,2,18,0.0,5
4,2,19,0.0,5
4,2,20,0.0,5
4,2,21,0.0,5
4,2,22,0.0,5
4,2,23,0.0,5
4,2,24,0.0,5
4,2,25,0.0,4
4,2,26,0.0,4
4,2,27,0.0,4
4,2,28,0.25,4
4,2,29,0.0,4
4,2,30,0.0,4
4,2,31,0.0,4
4,2,32,0.0,4
4,2,33,0.0,4
4,2,34,0.25,4
4,2,35,0.0,4
4,2,36,0.0,4
4,5,1,0.0,2
4,5,2,0.0,2
4,5,3,0.25,2
4,5,4,0.0,1
4,5,5,0.0,1
4,5,6,0.0,1
4,5,7,0.0,1
4,5,8,0.0,1
4,5,9,0.0,1
4,5,10,0.5,1
4,5,11,0.0,1
4,5,12,0.0,1
4,5,13,0.5,1
4,6,1,0.0,7
4,6,2,0.0,7
4,6,3,0.0,7
4,6,4,0.2727272727272727,7
4,6,5,0.0,7
4,6,6,0.18181818181818182,7
4,6,7,0.0,7
4,6,8,0.09090909090909091,7
4,6,9,0.0,7
4,6,10,0.09090909090909091,7
4,6,11,0.0,7
4,6,12,0.045454545454545456,7
4,6,13,0.0,7
4,6,14,0.18181818181818182,7
4,6,15,0.09090909090909091,7
4,6,16,0.09090909090909091,7
4,6,17,0.0,7
4,6,18,0.18181818181818182,7
4,6,19,0.09090909090909091,7
4,6,20,0.18181818181818182,7
4,6,21,0.0,6
4,6,22,0.0,6
4,6,23,0.05,6
4,6,24,0.2,6
4,6,25,0.0,6
4,6,26,0.0,6
4,6,27,0.1,6
4,6,28,0.0,6
4,6,29,0.0,6
4,6,30,0.0,6
4,6,31,0.1,6
4,6,32,0.0,6
4,6,33,0.1111111111111111,5
4,6,34,0.0,5
4,6,35,0.05555555555555555,5
4,6,36,0.0,5
4,12,1,0.0,2
4,12,2,0.0,2
4,12,3,0.0,2
4,12,4,0.0,2
4,12,5,0.0,2
4,12,6,0.0,2
4,12,7,0.0,1
4,12,8,0.0,1
4,12,9,0.0,1
4,12,10,0.0,1
4,12,11,0.0,1
4,12,12,0.0,1
4,12,13,0.0,1
4,12,14,0.0,1
4,12,15,0.0,1
4,12,16,0.0,1
4,12,17,0.0,1
4,12,18,0.0,1
4,12,19,0.0,1
4,12,20,0.0,1
4,12,21,0.0,1
4,12,22,0.0,1
4,12,23,0.0,1
4,12,24,0.0,1
4,12,25,0.0,1
4,12,26,0.0,1
4,12,27,0.0,1
4,12,28,0.0,1
4,12,29,0.0,1
4,12,30,0.3333333333333333,1
4,12,31,0.0,1
4,12,32,0.0,1
4,12,33,0.0,1
4,12,34,0.0,1
4,12,35,0.0,1
4,12,36,0.0,1
4,16,1,0.3333333333333333,2
4,16,2,0.0,2
4,16,3,0.0,2
4,16,4,0.0,2
4,16,5,0.0,2
4,16,6,0.0,2
4,16,7,0.0,2
4,16,8,0.0,2
4,16,9,0.0,2
4,16,10,0.0,2
4,16,11,0.0,2
4,16,12,0.0,2
4,16,13,0.0,2
4,16,14,0.0,2
4,16,15,0.0,2
4,16,16,0.0,2
4,16,17,0.0,2
4,16,18,0.0,2
4,16,19,0.0,2
4,16,20,0.0,2
4,16,21,0.0,2
4,16,22,0.0,2
4,16,23,0.0,2
4,16,24,0.0,2
4,16,25,0.0,2
4,16,26,0.0,2
4,16,27,0.0,2
4,16,28,0.0,2
4,16,29,0.0,2
4,16,30,0.0,2
4,16,31,0.0,2
4,16,32,0.0,2
4,16,33,0.0,2
4,16,34,0.0,2
4,16,35,0.0,2
4,16,36,0.0,2
4,17,1,0.5057142857142858,36
4,17,2,0.5059171597633136,35
4,17,3,0.5613496932515338,34
4,17,4,0.4355828220858896,34
4,17,5,0.465625,33
4,17,6,0.459375,33
4,17,7,0.43354430379746833,32
4,17,8,0.40822784810126583,32
4,17,9,0.41455696202531644,32
4,17,10,0.47468354430379744,32
4,17,11,0.4493670886075949,32
4,17,12,0.42580645161290326,31
4,17,13,0.49328859060402686,30
4,17,14,0.5034246575342466,29
4,17,15,0.5464285714285715,28
4,17,16,0.5223880597014925,27
4,17,17,0.53515625,26
4,17,18,0.48360655737704916,25
4,17,19,0.4698275862068965,24
4,17,20,0.5258620689655173,24
4,17,21,0.5948275862068966,24
4,17,22,0.5454545454545456,23
4,17,23,0.4759615384615385,22
4,17,24,0.6020408163265307,21
4,17,25,0.5510204081632654,21
4,17,26,0.5543478260869565,20
4,17,27,0.7137681159420289,20
4,17,28,0.5056179775280899,19
4,17,29,0.5903614457831327,18
4,17,30,0.6204819277108434,18
4,17,31,0.4350649350649351,17
4,17,32,0.4154929577464789,16
4,17,33,0.3732394366197183,16
4,17,34,0.2753623188405797,15
4,17,35,0.4202898550724638,15
4,17,36,0.4202898550724638,15
4,18,1,0.0625,7
4,18,2,0.125,7
4,18,3,0.0625,7
4,18,4,0.0625,7
4,18,5,0.0,7
4,18,6,0.0,6
4,18,7,0.0,6
4,18,8,0.0,6
4,18,9,0.0,5
4,18,10,0.0,4
4,18,11,0.1,4
4,18,12,0.0,4
4,18,13,0.0,4
4,18,14,0.0,4
4,18,15,0.0,4
4,18,16,0.0,4
4,18,17,0.1,4
4,18,18,0.0,4
4,18,19,0.2,4
4,18,20,0.1,4
4,18,21,0.1,4
4,18,22,0.0,4
4,18,23,0.0,4
4,18,24,0.1,4
4,18,25,0.0,4
4,18,26,0.0,4
4,18,27,0.0,4
4,18,28,0.1,4
4,18,29,0.0,4
4,18,30,0.25,3
4,18,31,0.125,3
4,18,32,0.125,3
4,18,33,0.0,3
4,18,34,0.0,3
4,18,35,0.125,3
4,18,36,0.0,3
40,3,1,0.0,4
40,3,2,0.0,4
40,3,3,0.07142857142857144,4
40,3,4,0.0,4
40,3,5,0.0,4
40,3,6,0.0,4
40,3,7,0.0,4
40,3,8,0.0,4
40,3,9,0.0,4
40,3,10,0.0,4
40,3,11,0.0,4
40,3,12,0.14285714285714288,4
40,3,13,0.0,4
40,3,14,0.0,4
40,3,15,0.2142857142857143,4
40,3,16,0.0,4
40,3,17,0.0,4
40,3,18,0.0,4
40,3,19,0.0,4
40,3,20,0.0,4
40,3,21,0.0,4
40,3,22,0.0,4
40,3,23,0.0,3
40,3,24,0.0,3
40,3,25,0.0,3
40,3,26,0.0,3
40,3,27,0.27272727272727276,3
40,3,28,0.0,3
40,3,29,0.0,3
40,3,30,0.0,3
40,3,31,0.0,3
40,3,32,0.0,3
40,3,33,0.0,3
40,3,34,0.0,3
40,3,35,0.0,3
40,3,36,0.0,3
40,4,1,0.0,4
40,4,2,0.0,4
40,4,3,0.0,4
40,4,4,0.0,4
40,4,5,0.0,4
40,4,6,0.0,4
40,4,7,0.0,4
40,4,8,0.0,4
40,4,9,0.09090909090909091,4
40,4,10,0.0,4
40,4,11,0.13636363636363638,4
40,4,12,0.0,4
40,4,13,0.0,4
40,4,14,0.0,4
40,4,15,0.0,4
40,4,16,0.0,4
40,4,17,0.0,4
40,4,18,0.0,4
40,4,19,0.0,4
40,4,20,0.09090909090909091,4
40,4,21,0.0,4
40,4,22,0.0,3
40,4,23,0.0,3
40,4,24,0.0,3
40,4,25,0.0,3
40,4,26,0.0,3
40,4,27,0.0,3
40,4,28,0.125,3
40,4,29,0.0,3
40,4,30,0.0,3
40,4,31,0.0,3
40,4,32,0.0,3
40,4,33,0.0,2
40,4,34,0.0,2
40,4,35,0.0,2
40,4,36,0.0,2
40,7,1,0.2142857142857143,4
40,7,2,0.0,4
40,7,3,0.07142857142857144,4
40,7,4,0.14285714285714288,4
40,7,5,0.0,4
40,7,6,0.0,4
40,7,7,0.0,4
40,7,8,0.0,4
40,7,9,0.0,4
40,7,10,0.0,4
40,7,11,0.0,4
40,7,12,0.0,4
40,7,13,0.0,4
40,7,14,0.0,4
40,7,15,0.0,4
40,7,16,0.0,4
40,7,17,0.0,4
40,7,18,0.0,4
40,7,19,0.0,4
40,7,20,0.0,4
40,7,21,0.0,4
40,7,22,0.0,4
40,7,23,0.0,4
40,7,24,0.0,4
40,7,25,0.0,4
40,7,26,0.0,4
40,7,27,0.0,4
40,7,28,0.0,4
40,7,29,0.0,4
40,7,30,0.0,4
40,7,31,0.0,4
40,7,32,0.0,3
40,7,33,0.0,3
40,7,34,0.0,3
40,7,35,0.27272727272727276,3
40,7,36,0.13636363636363638,3
40,8,1,0.73109243697479,22
40,8,2,0.6371681415929203,21
40,8,3,0.5327102803738318,20
40,8,4,0.504950495049505,19
40,8,5,0.5263157894736842,18
40,8,6,0.5760869565217391,17
40,8,7,0.6162790697674418,16
40,8,8,0.675,15
40,8,9,0.6486486486486487,14
40,8,10,0.6397058823529412,13
40,8,11,0.6290322580645162,12
40,8,12,0.6290322580645162,12
40,8,13,0.5725806451612904,12
40,8,14,0.4285714285714286,11
40,8,15,0.4000000000000001,10
40,8,16,0.4090909090909091,9
40,8,17,0.4736842105263158,8
40,8,18,0.75,7
40,8,19,0.9310344827586208,6
40,8,20,0.9310344827586208,6
40,8,21,0.8275862068965518,6
40,8,22,0.7241379310344828,6
40,8,23,0.5000000000000001,6
40,8,24,0.5862068965517241,6
40,8,25,0.7931034482758621,6
40,8,26,0.7931034482758621,6
40,8,27,1.0,5
40,8,28,0.8695652173913043,5
40,8,29,0.7500000000000001,4
40,8,30,0.7500000000000001,4
40,8,31,0.85,4
40,8,32,1.0,4
40,8,33,1.0,4
40,8,34,0.7,4
40,8,35,0.5714285714285715,3
40,8,36,0.125,2
40,9,1,0.54,20
40,9,2,0.5100000000000001,20
40,9,3,0.535,20
40,9,4,0.53,20
40,9,5,0.535,20
40,9,6,0.38000000000000006,20
40,9,7,0.52,20
40,9,8,0.43500000000000005,20
40,9,9,0.47000000000000003,20
40,9,10,0.36000000000000004,20
40,9,11,0.33000000000000007,20
40,9,12,0.33000000000000007,20
40,9,13,0.23,20
40,9,14,0.2800000000000001,20
40,9,15,0.17,20
40,9,16,0.24666666666666667,20
40,9,17,0.19000000000000003,20
40,9,18,0.11000000000000001,20
40,9,19,0.14,20
40,9,20,0.14,20
40,9,21,0.12000000000000002,20
40,9,22,0.02,20
40,9,23,0.08247422680412372,19
40,9,24,0.11340206185567012,19
40,9,25,0.09278350515463919,19
40,9,26,0.030927835051546396,19
40,9,27,0.02061855670103093,19
40,9,28,0.09278350515463919,19
40,9,29,0.030927835051546396,19
40,9,30,0.030927835051546396,19
40,9,31,0.030927835051546396,19
40,9,32,0.010309278350515465,19
40,9,33,0.030927835051546396,19
40,9,34,0.015463917525773198,19
40,9,35,0.030927835051546396,19
40,9,36,0.0,19
40,10,1,0.125,4
40,10,2,0.125,4
40,10,3,0.125,4
40,10,4,0.0,4
40,10,5,0.0,4
40,10,6,0.0,4
40,10,7,0.0,4
40,10,8,0.0,4
40,10,9,0.0,4
40,10,10,0.0,4
40,10,11,0.0,4
40,10,12,0.0,4
40,10,13,0.0,4
40,10,14,0.0,4
40,10,15,0.0,4
40,10,16,0.0,4
40,10,17,0.0,4
40,10,18,0.0,4
40,10,19,0.0,4
40,10,20,0.0,4
40,10,21,0.0,4
40,10,22,0.0,4
40,10,23,0.0,4
40,10,24,0.0,4
40,10,25,0.0,4
40,10,26,0.0,4
40,10,27,0.0,4
40,10,28,0.0,4
40,10,29,0.0,4
40,10,30,0.0,4
40,10,31,0.0,4
40,10,32,0.0,3
40,10,33,0.0,3
40,10,34,0.16666666666666666,3
40,10,35,0.0,3
40,10,36,0.16666666666666666,3
40,11,1,0.0,1
40,11,2,0.0,1
40,11,3,0.0,1
40,11,4,0.0,1
40,11,5,0.0,1
40,11,6,0.0,1
40,11,7,0.0,1
40,11,8,0.0,1
40,11,9,0.0,1
40,11,10,0.0,1
40,11,11,0.0,1
40,11,12,0.0,1
40,11,13,0.0,1
40,11,14,0.0,1
40,11,15,0.0,1
40,11,16,0.0,1
40,11,17,0.0,1
40,11,18,0.0,1
40,11,19,0.0,1
40,11,20,0.0,1
40,11,21,0.0,1
40,11,22,0.0,1
40,11,23,0.0,1
40,11,24,0.0,1
40,11,25,0.0,1
40,11,26,0.0,1
40,11,27,0.0,1
40,11,28,0.0,1
40,11,29,0.0,1
40,11,30,0.0,1
40,11,31,0.0,1
40,11,32,0.0,1
40,11,33,0.0,1
40,11,34,0.0,1
40,11,35,0.0,1
40,11,36,0.0,1
40,13,1,0.0,2
40,13,2,0.0,2
40,13,3,0.0,2
40,13,4,0.0,2
40,13,5,0.0,2
40,13,6,0.0,2
40,13,7,0.0,2
40,13,8,0.0,2
40,13,9,0.3333333333333333,2
40,13,10,0.0,2
40,13,11,0.0,2
40,13,12,0.6666666666666666,2
40,13,13,0.0,1
40,13,14,0.0,1
40,13,15,0.0,1
40,13,16,0.0,1
40,13,17,0.0,1
40,13,18,0.0,1
40,13,19,0.0,1
40,13,20,0.0,1
40,13,21,1.0,1
40,14,1,0.24193548387096778,12
40,14,2,0.38709677419354843,12
40,14,3,0.24193548387096778,12
40,14,4,0.2903225806451613,12
40,14,5,0.2903225806451613,12
40,14,6,0.14516129032258066,12
40,14,7,0.24193548387096778,12
40,14,8,0.217741935483871,12
40,14,9,0.19354838709677422,12
40,14,10,0.2903225806451613,12
40,14,11,0.19354838709677422,12
40,14,12,0.19354838709677422,12
40,14,13,0.24193548387096778,12
40,14,14,0.09677419354838711,12
40,14,15,0.24193548387096778,12
40,14,16,0.0,12
40,14,17,0.2903225806451613,12
40,14,18,0.14516129032258066,12
40,14,19,0.1774193548387097,12
40,14,20,0.1016949152542373,11
40,14,21,0.09433962264150944,10
40,14,22,0.11320754716981134,10
40,14,23,0.09433962264150944,10
40,14,24,0.0425531914893617,9
40,14,25,0.0,9
40,14,26,0.0,8
40,14,27,0.0,8
40,14,28,0.0,7
40,14,29,0.0,7
40,14,30,0.0,6
40,14,31,0.07692307692307693,5
40,14,32,0.07692307692307693,5
40,14,33,0.0,5
40,14,34,0.038461538461538464,5
40,14,35,0.0,5
40,14,36,0.07692307692307693,5
40,15,1,0.0,2
40,15,2,0.0,2
40,15,3,0.0,2
40,15,4,0.0,2
40,15,5,0.0,2
40,15,6,0.0,2
40,15,7,0.0,2
40,15,8,0.0,2
40,15,9,0.0,2
40,15,10,0.0,2
40,15,11,0.25,2
40,15,12,0.0,2
40,15,13,0.0,2
40,15,14,0.0,2
40,15,15,0.0,2
40,15,16,0.0,2
40,15,17,0.0,2
40,15,18,0.0,2
40,15,19,0.0,2
40,15,20,0.0,2
40,15,21,0.0,2
40,15,22,0.0,2
40,15,23,0.0,2
40,15,24,0.0,2
40,15,25,0.0,2
40,15,26,0.0,2
40,15,27,0.0,2
40,15,28,0.0,2
40,15,29,0.0,2
40,15,30,0.0,2
40,15,31,0.0,2
40,15,32,0.0,2
40,15,33,0.0,2
40,15,34,0.0,1
40,15,35,0.0,1
40,15,36,0.0,1
41,1,1,0.0,3
41,1,2,0.27272727272727276,3
41,1,3,0.0,3
41,1,4,0.0,3
41,1,5,0.0,3
41,1,6,0.0,3
41,1,7,0.0,3
41,1,8,0.09090909090909091,3
41,1,9,0.0,3
41,1,10,0.18181818181818182,3
41,1,11,0.0,3
41,1,12,0.0,3
41,1,13,0.0,3
41,1,14,0.0,3
41,1,15,0.0,3
41,1,16,0.0,3
41,1,17,0.0,3
41,1,18,0.0,3
41,1,19,0.0,3
41,1,20,0.0,3
41,1,21,0.0,3
41,1,22,0.0,3
41,1,23,0.0,3
41,1,24,0.0,3
41,1,25,0.0,3
41,1,26,0.0,3
41,1,27,0.0,3
41,1,28,0.0,3
41,1,29,0.0,3
41,1,30,0.0,3
41,1,31,0.0,3
41,1,32,0.0,3
41,1,33,0.0,3
41,1,34,0.0,3
41,1,35,0.0,3
41,1,36,0.0,3
41,2,1,0.0,3
41,2,2,0.0,3
41,2,3,0.2,3
41,2,4,0.0,3
41,2,5,0.0,3
41,2,6,0.0,3
41,2,7,0.0,3
41,2,8,0.0,3
41,2,9,0.0,3
41,2,10,0.0,3
41,2,11,0.0,3
41,2,12,0.4,3
41,2,13,0.0,3
41,2,14,0.0,3
41,2,15,0.2,3
41,2,16,0.0,3
41,2,17,0.0,3
41,2,18,0.0,3
41,2,19,0.0,3
41,2,20,0.0,3
41,2,21,0.0,3
41,2,22,0.0,3
41,2,23,0.0,3
41,2,24,0.0,3
41,2,25,0.0,3
41,2,26,0.0,3
41,2,27,0.0,3
41,2,28,0.0,3
41,2,29,0.0,3
41,2,30,0.0,3
41,2,31,0.0,3
41,2,32,0.0,3
41,2,33,0.0,3
41,2,34,0.0,3
41,2,35,0.0,3
41,2,36,0.0,3
41,5,1,0.04054054054054054,9
41,5,2,0.05376344086021506,8
41,5,3,0.22580645161290328,8
41,5,4,0.16129032258064516,8
41,5,5,0.039999999999999994,7
41,5,6,0.24,7
41,5,7,0.42,7
41,5,8,0.13999999999999999,7
41,5,9,0.0,7
41,5,10,0.31999999999999995,7
41,5,11,0.24,7
41,5,12,0.26315789473684204,6
41,5,13,0.10526315789473682,6
41,5,14,0.3157894736842105,6
41,5,15,0.10526315789473682,6
41,5,16,0.12499999999999999,5
41,5,17,0.0,5
41,5,18,0.7857142857142856,4
41,5,19,0.21428571428571427,4
41,5,20,0.0,3
41,5,21,0.25,3
41,5,22,0.25,3
41,5,23,0.0,2
41,5,24,0.0,1
41,5,25,1.0,1
41,5,26,0.0,1
41,5,27,0.0,1
41,5,28,1.0,1
41,5,29,0.0,1
41,12,1,0.4732142857142857,22
41,12,2,0.5491071428571429,22
41,12,3,0.5660377358490567,21
41,12,4,0.56,20
41,12,5,0.49500000000000005,20
41,12,6,0.5531914893617023,19
41,12,7,0.7102272727272727,18
41,12,8,0.5,17
41,12,9,0.5087719298245614,16
41,12,10,0.5285714285714286,15
41,12,11,0.5468750000000001,14
41,12,12,0.43749999999999994,14
41,12,13,0.48275862068965514,13
41,12,14,0.7692307692307692,12
41,12,15,0.3695652173913044,11
41,12,16,0.6956521739130435,11
41,12,17,0.47500000000000003,10
41,12,18,0.6052631578947368,9
41,12,19,0.3684210526315789,9
41,12,20,0.42105263157894735,9
41,12,21,0.7631578947368421,9
41,12,22,0.4285714285714286,8
41,12,23,0.5714285714285714,8
41,12,24,0.6250000000000001,7
41,12,25,0.576923076923077,6
41,12,26,0.1923076923076923,6
41,12,27,0.625,5
41,12,28,0.625,5
41,12,29,0.2857142857142857,4
41,12,30,0.5714285714285714,4
41,12,31,0.4,3
41,12,32,0.4,3
41,12,33,0.4,3
41,12,34,0.6,3
41,12,35,0.4,3
41,12,36,0.1,3
41,17,1,0.4969512195121951,39
41,17,2,0.448170731707317,39
41,17,3,0.350609756097561,39
41,17,4,0.37499999999999994,39
41,17,5,0.46951219512195125,39
41,17,6,0.5213414634146342,39
41,17,7,0.4786585365853659,39
41,17,8,0.42073170731707327,39
41,17,9,0.2886178861788618,39
41,17,10,0.3201219512195122,39
41,17,11,0.3079268292682927,39
41,17,12,0.4451219512195122,39
41,17,13,0.4817073170731707,39
41,17,14,0.44512195121951226,39
41,17,15,0.3485772357723578,39
41,17,16,0.3105590062111801,38
41,17,17,0.32298136645962733,38
41,17,18,0.36792452830188677,37
41,17,19,0.3974358974358974,36
41,17,20,0.407051282051282,36
41,17,21,0.3633333333333333,35
41,17,22,0.26870748299319724,34
41,17,23,0.27777777777777773,33
41,17,24,0.2523148148148148,33
41,17,25,0.3229166666666667,33
41,17,26,0.3550724637681159,32
41,17,27,0.36029411764705876,31
41,17,28,0.3157894736842105,30
41,17,29,0.2769230769230769,29
41,17,30,0.2346153846153846,29
41,17,31,0.28461538461538455,29
41,17,32,0.2716535433070866,28
41,17,33,0.35674931129476584,27
41,17,34,0.29130434782608694,26
41,17,35,0.22935779816513757,25
41,17,36,0.19266055045871558,25
41,18,1,0.2,3
41,18,2,0.0,3
41,18,3,0.0,3
41,18,4,0.0,3
41,18,5,0.0,3
41,18,6,0.0,3
41,18,7,0.0,3
41,18,8,0.0,3
41,18,9,0.0,3
41,18,10,0.0,3
41,18,11,0.0,3
41,18,12,0.0,3
41,18,13,0.0,3
41,18,14,0.0,3
41,18,15,0.0,3
41,18,16,0.0,3
41,18,17,0.0,3
41,18,18,0.0,3
41,18,19,0.0,3
41,18,20,0.0,2
41,18,21,0.0,2
41,18,22,0.08333333333333333,2
41,18,23,0.25,2
41,18,24,0.0,2
41,18,25,0.0,2
41,18,26,0.0,2
41,18,27,0.0,2
41,18,28,0.0,2
41,18,29,0.0,2
41,18,30,0.0,2
41,18,31,0.0,2
41,18,32,0.0,2
41,18,33,0.0,2
41,18,34,0.0,2
41,18,35,0.0,2
41,18,36,0.0,2
42,3,1,0.25,3
42,3,2,0.0,3
42,3,3,0.0,3
42,3,4,0.0,3
42,3,5,0.0,3
42,3,6,0.0,3
42,3,7,0.0,3
42,3,8,0.0,3
42,3,9,0.0,3
42,3,10,0.0,3
42,3,11,0.0,3
42,3,12,0.0,3
42,3,13,0.0,3
42,3,14,0.0,3
42,3,15,0.0,3
42,3,16,0.0,3
42,3,17,0.0,3
42,3,18,0.0,3
42,3,19,0.0,3
42,3,20,0.125,3
42,3,21,0.3333333333333333,2
42,3,22,0.0,2
42,3,23,0.0,2
42,3,24,0.0,2
42,3,25,0.0,2
42,3,26,0.0,2
42,3,27,0.0,2
42,3,28,0.0,2
42,3,29,0.0,2
42,3,30,0.0,2
42,3,31,0.0,2
42,3,32,0.0,2
42,3,33,0.0,2
42,3,34,0.0,2
42,3,35,0.0,2
42,3,36,0.0,2
42,4,1,0.14492753623188406,5
42,4,2,0.0,4
42,4,3,0.0,4
42,4,4,0.0,4
42,4,5,0.05263157894736842,4
42,4,6,0.07894736842105264,4
42,4,7,0.0,4
42,4,8,0.0,4
42,4,9,0.0,4
42,4,10,0.0,4
42,4,11,0.0,4
42,4,12,0.15789473684210528,4
42,4,13,0.10526315789473684,4
42,4,14,0.0,4
42,4,15,0.0,4
42,4,16,0.0,4
42,4,17,0.05263157894736842,4
42,4,18,0.13157894736842105,4
42,4,19,0.0,3
42,4,20,0.0,3
42,4,21,0.0,3
42,4,22,0.08333333333333333,3
42,4,23,0.20833333333333334,3
42,4,24,0.16666666666666666,2
42,4,25,0.0,1
42,4,26,0.0,1
42,4,27,0.0,1
42,4,28,0.0,1
42,4,29,0.0,1
42,4,30,0.0,1
42,4,31,0.0,1
42,4,32,0.0,1
42,4,33,0.0,1
42,4,34,0.0,1
42,4,35,0.3333333333333333,1
42,4,36,0.3333333333333333,1
42,7,1,0.0,6
42,7,2,0.0,6
42,7,3,0.0,6
42,7,4,0.2857142857142857,6
42,7,5,0.0,6
42,7,6,0.14285714285714285,6
42,7,7,0.0,6
42,7,8,0.14285714285714285,6
42,7,9,0.07142857142857142,6
42,7,10,0.21428571428571427,6
42,7,11,0.0,6
42,7,12,0.0,6
42,7,13,0.07142857142857142,6
42,7,14,0.14285714285714285,6
42,7,15,0.0,6
42,7,16,0.0,6
42,7,17,0.14285714285714285,6
42,7,18,0.07142857142857142,6
42,7,19,0.0,6
42,7,20,0.0,6
42,7,21,0.0,6
42,7,22,0.0,5
42,7,23,0.08333333333333333,5
42,7,24,0.0,5
42,7,25,0.0,5
42,7,26,0.0,5
42,7,27,0.08333333333333333,5
42,7,28,0.0,5
42,7,29,0.0,5
42,7,30,0.0,5
42,7,31,0.0,4
42,7,32,0.0,4
42,7,33,0.0,4
42,7,34,0.0,4
42,7,35,0.0,3
42,7,36,0.0,3
42,8,1,0.43298969072164956,11
42,8,2,0.2989690721649485,11
42,8,3,0.17032967032967034,10
42,8,4,0.25882352941176473,9
42,8,5,0.3424657534246575,8
42,8,6,0.6301369863013699,8
42,8,7,0.589041095890411,8
42,8,8,0.452054794520548,8
42,8,9,0.29508196721311475,7
42,8,10,0.11475409836065573,7
42,8,11,0.20408163265306123,6
42,8,12,0.5135135135135135,5
42,8,13,0.6756756756756757,5
42,8,14,0.40540540540540543,5
42,8,15,0.3648648648648649,5
42,8,16,0.1774193548387097,4
42,8,17,0.21052631578947367,3
42,8,18,0.14285714285714288,2
42,8,19,1.0,1
42,8,20,0.5,1
42,8,21,0.5,1
42,8,22,0.0,1
42,8,23,0.3333333333333333,1
42,9,1,0.8235294117647058,26
42,9,2,0.8235294117647058,26
42,9,3,0.7647058823529411,26
42,9,4,0.7647058823529411,26
42,9,5,0.7254901960784313,26
42,9,6,0.7254901960784313,26
42,9,7,0.6862745098039216,26
42,9,8,0.6470588235294118,26
42,9,9,0.6078431372549019,26
42,9,10,0.5686274509803921,26
42,9,11,0.5294117647058824,26
42,9,12,0.49019607843137253,26
42,9,13,0.49019607843137253,26
42,9,14,0.43137254901960786,26
42,9,15,0.4117647058823529,26
42,9,16,0.3333333333333333,26
42,9,17,0.3333333333333333,26
42,9,18,0.3333333333333333,26
42,9,19,0.2549019607843137,26
42,9,20,0.23529411764705882,26
42,9,21,0.17647058823529413,26
42,9,22,0.17647058823529413,26
42,9,23,0.13725490196078433,26
42,9,24,0.13725490196078433,26
42,9,25,0.09803921568627451,26
42,9,26,0.0784313725490196,26
42,9,27,0.0392156862745098,26
42,9,28,0.0392156862745098,26
42,9,29,0.0392156862745098,26
42,9,30,0.0392156862745098,26
42,9,31,0.0392156862745098,26
42,9,32,0.0392156862745098,26
42,9,33,0.04081632653061224,25
42,9,34,0.0,25
42,9,35,0.04081632653061224,25
42,9,36,0.04081632653061224,25
42,10,1,0.16666666666666666,5
42,10,2,0.0,5
42,10,3,0.08333333333333333,5
42,10,4,0.0,5
42,10,5,0.16666666666666666,5
42,10,6,0.08333333333333333,5
42,10,7,0.0,5
42,10,8,0.16666666666666666,5
42,10,9,0.08333333333333333,5
42,10,10,0.0,5
42,10,11,0.0,5
42,10,12,0.0,5
42,10,13,0.0,5
42,10,14,0.08333333333333333,5
42,10,15,0.0,5
42,10,16,0.0,5
42,10,17,0.08333333333333333,5
42,10,18,0.0,5
42,10,19,0.0,5
42,10,20,0.0,5
42,10,21,0.0,5
42,10,22,0.2,4
42,10,23,0.16666666666666666,3
42,10,24,0.0,3
42,10,25,0.0,3
42,10,26,0.0,3
42,10,27,0.0,3
42,10,28,0.0,2
42,10,29,0.0,2
42,10,30,0.0,2
42,10,31,0.0,1
42,10,32,0.0,1
42,10,33,0.0,1
42,10,34,0.0,1
42,10,35,0.0,1
42,10,36,0.0,1
42,13,1,0.2727272727272727,5
42,13,2,0.18181818181818182,5
42,13,3,0.0,5
42,13,4,0.045454545454545456,5
42,13,5,0.22727272727272727,5
42,13,6,0.18181818181818182,5
42,13,7,0.09090909090909091,5
42,13,8,0.0,4
42,13,9,0.0,4
42,13,10,0.0,4
42,13,11,0.05555555555555555,4
42,13,12,0.0,4
42,13,13,0.0,3
42,13,14,0.0,2
42,13,15,0.0,1
42,13,16,0.0,1
42,13,17,0.0,1
42,13,18,0.0,1
42,14,1,0.234375,8
42,14,2,0.15,7
42,14,3,0.2,7
42,14,4,0.1,7
42,14,5,0.1,7
42,14,6,0.1,7
42,14,7,0.0,7
42,14,8,0.0,7
42,14,9,0.1,7
42,14,10,0.0,7
42,14,11,0.15,7
42,14,12,0.05,7
42,14,13,0.05,7
42,14,14,0.25,7
42,14,15,0.2,7
42,14,16,0.1,7
42,14,17,0.2,7
42,14,18,0.1,7
42,14,19,0.0,7
42,14,20,0.0,7
42,14,21,0.0,7
42,14,22,0.0,7
42,14,23,0.0,7
42,14,24,0.03333333333333333,7
42,14,25,0.03333333333333333,7
42,14,26,0.0,6
42,14,27,0.08333333333333333,5
42,14,28,0.0,5
42,14,29,0.0,4
42,14,30,0.0,4
42,14,31,0.0,4
42,14,32,0.0,4
42,14,33,0.0,4
42,14,34,0.0,4
42,14,35,0.0,4
42,14,36,0.05555555555555555,4
42,15,1,0.0,4
42,15,2,0.2,4
42,15,3,0.0,4
42,15,4,0.3,4
42,15,5,0.0,4
42,15,6,0.3,4
42,15,7,0.0,4
42,15,8,0.0,4
42,15,9,0.0,4
42,15,10,0.1,4
42,15,11,0.0,4
42,15,12,0.0,4
42,15,13,0.0,4
42,15,14,0.0,4
42,15,15,0.0,4
42,15,16,0.0,4
42,15,17,0.0,4
42,15,18,0.0,4
42,15,19,0.0,4
42,15,20,0.0,4
42,15,21,0.0,4
42,15,22,0.0,4
42,15,23,0.0,4
42,15,24,0.0,4
42,15,25,0.0,4
42,15,26,0.0,3
42,15,27,0.0,3
42,15,28,0.0,3
42,15,29,0.0,3
42,15,30,0.0,2
42,15,31,0.0,2
42,15,32,0.0,1
42,15,33,0.0,1
42,15,34,0.0,1
42,15,35,0.0,1
43,3,1,0.0,1
43,3,2,0.0,1
43,3,3,0.0,1
43,3,4,0.0,1
43,3,5,0.0,1
43,3,6,0.0,1
43,3,7,0.0,1
43,3,8,0.0,1
43,3,9,0.0,1
43,3,10,0.0,1
43,3,11,0.0,1
43,3,12,0.0,1
43,3,13,0.0,1
43,3,14,0.0,1
43,3,15,0.0,1
43,3,16,0.0,1
43,3,17,0.0,1
43,3,18,0.0,1
43,3,19,0.0,1
43,3,20,0.0,1
43,3,21,0.0,1
43,3,22,0.0,1
43,3,23,0.0,1
43,3,24,0.0,1
43,3,25,0.0,1
43,3,26,0.0,1
43,3,27,0.0,1
43,3,28,0.0,1
43,3,29,0.0,1
43,3,30,0.0,1
43,3,31,0.0,1
43,3,32,0.0,1
43,3,33,0.0,1
43,3,34,0.0,1
43,3,35,0.0,1
43,3,36,0.0,1
43,4,1,0.0,2
43,4,2,0.0,2
43,4,3,0.0,2
43,4,4,0.0,2
43,4,5,0.0,2
43,4,6,0.0,2
43,4,7,0.25,2
43,4,8,0.0,2
43,4,9,0.0,2
43,4,10,0.0,2
43,4,11,0.0,2
43,4,12,0.0,2
43,4,13,0.0,2
43,4,14,0.0,2
43,4,15,0.0,2
43,4,16,0.0,2
43,4,17,0.0,2
43,4,18,0.0,1
43,4,19,0.0,1
43,4,20,0.0,1
43,4,21,0.0,1
43,4,22,0.0,1
43,4,23,0.0,1
43,4,24,0.0,1
43,7,1,0.0,2
43,7,2,0.0,2
43,7,3,0.3333333333333333,2
43,7,4,0.0,2
43,7,5,0.0,2
43,7,6,0.0,2
43,7,7,0.0,2
43,7,8,0.0,2
43,7,9,0.0,2
43,7,10,0.0,2
43,7,11,0.0,2
43,7,12,0.0,2
43,7,13,0.0,2
43,7,14,0.0,2
43,7,15,0.0,2
43,7,16,0.0,2
43,7,17,0.0,2
43,7,18,0.0,2
43,7,19,0.0,2
43,7,20,0.0,2
43,7,21,0.0,2
43,7,22,0.0,2
43,7,23,0.0,2
43,7,24,0.0,2
43,7,25,0.0,2
43,7,26,0.0,2
43,7,27,0.0,2
43,7,28,0.0,2
43,7,29,0.0,2
43,7,30,0.0,2
43,7,31,0.0,2
43,7,32,0.0,2
43,7,33,0.0,2
43,7,34,0.0,2
43,7,35,0.0,2
43,7,36,0.0,2
43,8,1,0.5789473684210527,10
43,8,2,0.5294117647058824,9
43,8,3,0.6,8
43,8,4,0.6666666666666666,8
43,8,5,0.6153846153846154,7
43,8,6,0.6363636363636364,6
43,8,7,0.3333333333333333,5
43,8,8,0.6666666666666666,5
43,8,9,0.7777777777777778,5
43,8,10,0.7777777777777778,5
43,8,11,0.7142857142857143,4
43,8,12,1.0,3
43,8,13,0.6666666666666666,3
43,8,14,1.0,2
43,8,15,1.0,1
43,8,16,1.0,1
43,9,1,0.8163265306122449,26
43,9,2,0.8061224489795918,26
43,9,3,0.7755102040816326,26
43,9,4,0.7142857142857143,26
43,9,5,0.673469387755102,26
43,9,6,0.6122448979591837,26
43,9,7,0.6326530612244898,26
43,9,8,0.5714285714285714,26
43,9,9,0.5510204081632653,26
43,9,10,0.5510204081632653,26
43,9,11,0.5102040816326531,26
43,9,12,0.4897959183673469,26
43,9,13,0.4489795918367347,26
43,9,14,0.4489795918367347,26
43,9,15,0.40816326530612246,26
43,9,16,0.3877551020408163,26
43,9,17,0.3469387755102041,26
43,9,18,0.3469387755102041,26
43,9,19,0.30612244897959184,26
43,9,20,0.2653061224489796,26
43,9,21,0.2653061224489796,26
43,9,22,0.21428571428571427,26
43,9,23,0.1836734693877551,26
43,9,24,0.1326530612244898,26
43,9,25,0.10204081632653061,26
43,9,26,0.04081632653061224,26
43,9,27,0.02040816326530612,26
43,9,28,0.02040816326530612,26
43,9,29,0.0,26
43,9,30,0.02040816326530612,26
43,9,31,0.02040816326530612,26
43,9,32,0.02040816326530612,26
43,9,33,0.02040816326530612,26
43,9,34,0.02040816326530612,26
43,9,35,0.02040816326530612,26
43,9,36,0.0,26
43,10,1,0.25,4
43,10,2,0.0,4
43,10,3,0.0,4
43,10,4,0.25,4
43,10,5,0.5,4
43,10,6,0.0,4
43,10,7,0.0,4
43,10,8,0.0,4
43,10,9,0.25,4
43,10,10,0.25,4
43,10,11,0.0,4
43,10,12,0.0,4
43,10,13,0.0,4
43,10,14,0.0,4
43,10,15,0.0,4
43,10,16,0.0,4
43,10,17,0.0,4
43,10,18,0.0,4
43,10,19,0.0,4
43,10,20,0.0,4
43,10,21,0.0,4
43,10,22,0.0,4
43,10,23,0.0,4
43,10,24,0.0,4
43,10,25,0.0,4
43,10,26,0.0,4
43,10,27,0.0,4
43,10,28,0.0,4
43,10,29,0.0,4
43,10,30,0.0,4
43,10,31,0.0,4
43,10,32,0.0,4
43,10,33,0.0,4
43,10,34,0.0,3
43,10,35,0.0,2
43,10,36,0.0,2
43,13,1,0.0,1
43,13,2,0.0,1
43,13,3,0.0,1
43,13,4,0.0,1
43,13,5,0.0,1
43,13,6,0.0,1
43,13,7,0.0,1
43,13,8,0.0,1
43,13,9,0.0,1
43,13,10,0.0,1
43,13,11,0.0,1
43,13,12,0.0,1
43,13,13,0.0,1
43,13,14,0.0,1
43,13,15,0.0,1
43,14,1,0.6774193548387096,18
43,14,2,0.6612903225806451,18
43,14,3,0.4838709677419355,18
43,14,4,0.45161290322580644,18
43,14,5,0.3709677419354839,18
43,14,6,0.3709677419354839,18
43,14,7,0.3870967741935484,18
43,14,8,0.43548387096774194,18
43,14,9,0.46774193548387094,18
43,14,10,0.4838709677419355,18
43,14,11,0.3709677419354839,18
43,14,12,0.3225806451612903,18
43,14,13,0.22580645161290322,18
43,14,14,0.20967741935483872,18
43,14,15,0.16129032258064516,18
43,14,16,0.1774193548387097,18
43,14,17,0.1774193548387097,18
43,14,18,0.22580645161290322,18
43,14,19,0.1935483870967742,18
43,14,20,0.20689655172413793,17
43,14,21,0.14285714285714285,16
43,14,22,0.09615384615384616,15
43,14,23,0.041666666666666664,14
43,14,24,0.0,13
43,14,25,0.0,13
43,14,26,0.0,12
43,14,27,0.0,11
43,14,28,0.0,10
43,14,29,0.0,9
43,14,30,0.0,8
43,14,31,0.0,7
43,14,32,0.0,6
43,14,33,0.0,5
43,14,34,0.0,5
43,14,35,0.0,5
43,14,36,0.0,5
43,15,1,0.0,3
43,15,2,0.0,3
43,15,3,0.0,3
43,15,4,0.0,3
43,15,5,0.0,3
43,15,6,0.0,3
43,15,7,0.0,3
43,15,8,0.0,3
43,15,9,0.16666666666666666,3
43,15,10,0.0,3
43,15,11,0.0,3
43,15,12,0.0,3
43,15,13,0.0,3
43,15,14,0.0,3
43,15,15,0.0,3
43,15,16,0.0,3
43,15,17,0.16666666666666666,3
43,15,18,0.0,3
43,15,19,0.0,2
43,15,20,0.0,2
43,15,21,0.0,2
43,15,22,0.0,2
43,15,23,0.0,2
43,15,24,0.0,2
43,15,25,0.0,2
43,15,26,0.25,2
43,15,27,0.0,2
43,15,28,0.0,2
43,15,29,0.0,2
43,15,30,0.0,2
43,15,31,0.0,2
43,15,32,0.0,2
43,15,33,0.0,2
43,15,34,0.0,2
43,15,35,0.0,2
43,15,36,0.0,1
44,3,1,0.5,4
44,3,2,0.16666666666666666,4
44,3,3,0.0,4
44,3,4,0.0,4
44,3,5,0.0,4
44,3,6,0.0,4
44,3,7,0.0,4
44,3,8,0.08333333333333333,4
44,3,9,0.16666666666666666,4
44,3,10,0.16666666666666666,4
44,3,11,0.0,4
44,3,12,0.0,4
44,3,13,0.0,4
44,3,14,0.0,4
44,3,15,0.0,4
44,3,16,0.0,4
44,3,17,0.0,4
44,3,18,0.0,4
44,3,19,0.0,4
44,3,20,0.0,4
44,3,21,0.0,4
44,3,22,0.0,4
44,3,23,0.0,4
44,3,24,0.0,4
44,3,25,0.0,4
44,3,26,0.0,4
44,3,27,0.0,4
44,3,28,0.0,4
44,3,29,0.0,4
44,3,30,0.0,4
44,3,31,0.0,4
44,3,32,0.0,3
44,3,33,0.0,3
44,3,34,0.0,3
44,3,35,0.0,3
44,3,36,0.0,3
44,4,1,0.125,6
44,4,2,0.125,6
44,4,3,0.0,6
44,4,4,0.25,6
44,4,5,0.1875,6
44,4,6,0.125,6
44,4,7,0.125,6
44,4,8,0.125,6
44,4,9,0.0,6
44,4,10,0.0,6
44,4,11,0.0,6
44,4,12,0.1875,6
44,4,13,0.125,6
44,4,14,0.0625,6
44,4,15,0.0,6
44,4,16,0.0,6
44,4,17,0.125,6
44,4,18,0.0625,6
44,4,19,0.07142857142857142,5
44,4,20,0.14285714285714285,5
44,4,21,0.0,4
44,4,22,0.0,4
44,4,23,0.0,4
44,4,24,0.2,4
44,4,25,0.16666666666666666,3
44,4,26,0.0,2
44,4,27,0.0,2
44,4,28,0.0,2
44,4,29,0.0,2
44,4,30,0.0,2
44,4,31,0.0,2
44,4,32,0.25,2
44,4,33,0.0,1
44,4,34,0.0,1
44,4,35,0.0,1
44,4,36,0.0,1
44,6,1,0.0,2
44,6,2,0.0,2
44,6,3,0.0,2
44,6,4,0.25,2
44,6,5,0.0,2
44,6,6,0.0,2
44,6,7,0.0,2
44,6,8,0.0,2
44,6,9,0.0,2
44,6,10,0.0,2
44,6,11,0.0,2
44,6,12,0.0,2
44,6,13,0.0,2
44,6,14,0.0,2
44,6,15,0.0,2
44,6,16,0.0,2
44,6,17,0.0,2
44,6,18,0.0,2
44,6,19,0.0,2
44,6,20,0.0,2
44,6,21,0.0,2
44,6,22,0.0,2
44,6,23,0.0,2
44,6,24,0.0,2
44,6,25,0.0,2
44,6,26,0.0,2
44,6,27,0.0,2
44,6,28,0.0,2
44,6,29,0.0,2
44,6,30,0.0,2
44,6,31,0.0,2
44,6,32,0.0,2
44,6,33,0.0,2
44,6,34,0.0,2
44,6,35,0.0,2
44,6,36,0.0,2
44,7,1,0.0,3
44,7,2,0.0,3
44,7,3,0.0,3
44,7,4,0.0,3
44,7,5,0.14285714285714288,3
44,7,6,0.0,3
44,7,7,0.0,3
44,7,8,0.14285714285714288,3
44,7,9,0.0,3
44,7,10,0.0,3
44,7,11,0.0,3
44,7,12,0.0,3
44,7,13,0.4285714285714286,3
44,7,14,0.0,3
44,7,15,0.0,3
44,7,16,0.0,3
44,7,17,0.0,3
44,7,18,0.0,3
44,7,19,0.0,3
44,7,20,0.0,3
44,7,21,0.0,3
44,7,22,0.0,3
44,7,23,0.0,3
44,7,24,0.0,3
44,7,25,0.0,3
44,7,26,0.0,3
44,7,27,0.0,3
44,7,28,0.0,3
44,7,29,0.0,3
44,7,30,0.0,3
44,7,31,0.0,3
44,7,32,0.0,3
44,7,33,0.0,3
44,7,34,0.0,3
44,7,35,0.0,3
44,7,36,0.0,3
44,8,1,0.4444444444444444,11
44,8,2,0.5,11
44,8,3,0.3125,10
44,8,4,0.42857142857142855,9
44,8,5,0.4166666666666667,8
44,8,6,0.36363636363636365,7
44,8,7,0.36363636363636365,7
44,8,8,0.2222222222222222,6
44,8,9,0.25,5
44,8,10,0.0,4
44,8,11,0.16666666666666666,4
44,8,12,0.5,3
44,8,13,0.25,3
44,8,14,0.875,3
44,8,15,0.5,3
44,8,16,0.75,3
44,8,17,0.25,3
44,8,18,0.75,3
44,8,19,0.75,3
44,8,20,0.875,3
44,8,21,0.75,3
44,8,22,0.25,3
44,8,23,0.3333333333333333,2
44,8,24,0.0,1
44,8,25,0.0,1
44,9,1,0.5526315789473685,15
44,9,2,0.5657894736842106,15
44,9,3,0.40789473684210525,15
44,9,4,0.4473684210526315,15
44,9,5,0.3684210526315789,15
44,9,6,0.6052631578947368,15
44,9,7,0.4473684210526315,15
44,9,8,0.5,15
44,9,9,0.31578947368421056,15
44,9,10,0.3026315789473684,15
44,9,11,0.10745614035087721,15
44,9,12,0.25,15
44,9,13,0.1973684210526316,15
44,9,14,0.22368421052631576,15
44,9,15,0.19736842105263158,15
44,9,16,0.15789473684210528,15
44,9,17,0.0,15
44,9,18,0.03947368421052632,15
44,9,19,0.0,15
44,9,20,0.02631578947368421,15
44,9,21,0.07894736842105264,15
44,9,22,0.07894736842105264,15
44,9,23,0.0,15
44,9,24,0.0,15
44,9,25,0.0,15
44,9,26,0.0,15
44,9,27,0.0,15
44,9,28,0.0,15
44,9,29,0.0,15
44,9,30,0.0,15
44,9,31,0.0,15
44,9,32,0.0,15
44,9,33,0.0,15
44,9,34,0.0,15
44,9,35,0.0,15
44,9,36,0.0,15
44,10,1,0.0,1
44,10,2,0.0,1
44,10,3,0.0,1
44,10,4,0.0,1
44,10,5,0.0,1
44,10,6,0.0,1
44,10,7,0.0,1
44,10,8,0.0,1
44,10,9,0.0,1
44,10,10,0.0,1
44,10,11,0.0,1
44,10,12,0.0,1
44,10,13,0.0,1
44,10,14,0.0,1
44,10,15,0.0,1
44,10,16,0.0,1
44,10,17,0.0,1
44,10,18,0.0,1
44,10,19,0.0,1
44,10,20,0.0,1
44,10,21,0.0,1
44,10,22,0.0,1
44,10,23,0.0,1
44,10,24,0.0,1
44,10,25,0.0,1
44,10,26,0.0,1
44,10,27,0.0,1
44,10,28,0.0,1
44,10,29,0.0,1
44,10,30,0.0,1
44,10,31,0.0,1
44,10,32,0.0,1
44,10,33,0.0,1
44,10,34,0.0,1
44,10,35,0.0,1
44,10,36,0.0,1
44,13,1,0.25,5
44,13,2,0.2,4
44,13,3,0.2,4
44,13,4,0.0,4
44,13,5,0.2,4
44,13,6,0.1,4
44,13,7,0.0,4
44,13,8,0.0,4
44,13,9,0.1,4
44,13,10,0.1,4
44,13,11,0.0,3
44,13,12,0.125,3
44,13,13,0.125,3
44,13,14,0.3333333333333333,2
44,13,15,0.5,2
44,13,16,0.5,1
44,14,1,0.1111111111111111,6
44,14,2,0.1111111111111111,6
44,14,3,0.0,6
44,14,4,0.05555555555555555,6
44,14,5,0.2222222222222222,6
44,14,6,0.16666666666666666,6
44,14,7,0.2222222222222222,6
44,14,8,0.0,6
44,14,9,0.2222222222222222,6
44,14,10,0.05555555555555555,6
44,14,11,0.1111111111111111,6
44,14,12,0.1111111111111111,6
44,14,13,0.0,6
44,14,14,0.0,6
44,14,15,0.1111111111111111,6
44,14,16,0.2222222222222222,6
44,14,17,0.0,6
44,14,18,0.0,6
44,14,19,0.0,6
44,14,20,0.0,6
44,14,21,0.1111111111111111,6
44,14,22,0.0,5
44,14,23,0.0,5
44,14,24,0.0,5
44,14,25,0.0,5
44,14,26,0.0,5
44,14,27,0.0,4
44,14,28,0.0,3
44,14,29,0.0,3
44,14,30,0.0,3
44,14,31,0.0,3
44,14,32,0.0,2
44,14,33,0.0,2
44,14,34,0.0,1
44,14,35,0.0,1
44,14,36,0.0,1
44,15,1,0.3125,5
44,15,2,0.125,5
44,15,3,0.125,5
44,15,4,0.0,5
44,15,5,0.25,5
44,15,6,0.25,5
44,15,7,0.125,5
44,15,8,0.25,5
44,15,9,0.125,5
44,15,10,0.0,5
44,15,11,0.0,5
44,15,12,0.0,5
44,15,13,0.0,5
44,15,14,0.0,5
44,15,15,0.0,5
44,15,16,0.0,5
44,15,17,0.0,5
44,15,18,0.0,5
44,15,19,0.0,5
44,15,20,0.0,5
44,15,21,0.0,5
44,15,22,0.0,5
44,15,23,0.0,5
44,15,24,0.0,5
44,15,25,0.0,5
44,15,26,0.0,5
44,15,27,0.0,5
44,15,28,0.0,4
44,15,29,0.0,3
44,15,30,0.0,3
44,15,31,0.0,2
44,15,32,0.0,2
44,15,33,0.0,2
44,15,34,0.0,2
44,15,35,0.0,2
44,15,36,0.0,1
44,16,1,0.513888888888889,12
44,16,2,0.39583333333333337,12
44,16,3,0.36458333333333337,12
44,16,4,0.28125000000000006,12
44,16,5,0.33333333333333337,12
44,16,6,0.29166666666666674,12
44,16,7,0.19791666666666669,12
44,16,8,0.10416666666666667,12
44,16,9,0.0,12
44,16,10,0.05555555555555556,12
44,16,11,0.05555555555555556,12
44,16,12,0.020833333333333336,12
44,16,13,0.07291666666666667,12
44,16,14,0.06250000000000001,12
44,16,15,0.08333333333333334,12
44,16,16,0.09375000000000001,12
44,16,17,0.08333333333333334,12
44,16,18,0.12500000000000003,12
44,16,19,0.08333333333333334,12
44,16,20,0.07291666666666667,12
44,16,21,0.14583333333333334,12
44,16,22,0.06250000000000001,12
44,16,23,0.06250000000000001,12
44,16,24,0.04166666666666667,12
44,16,25,0.0,12
44,16,26,0.0,12
44,16,27,0.0,12
44,16,28,0.0,12
44,16,29,0.0,12
44,16,30,0.0,12
44,16,31,0.0,12
44,16,32,0.0,12
44,16,33,0.0,12
44,16,34,0.0,12
44,16,35,0.0,12
44,16,36,0.0,12
45,4,1,0.0,4
45,4,2,0.0,4
45,4,3,0.0,4
45,4,4,0.0,4
45,4,5,0.07142857142857144,4
45,4,6,0.0,4
45,4,7,0.2142857142857143,4
45,4,8,0.14285714285714288,4
45,4,9,0.0,4
45,4,10,0.0,4
45,4,11,0.0,4
45,4,12,0.0,4
45,4,13,0.2142857142857143,4
45,4,14,0.0,4
45,4,15,0.07142857142857144,4
45,4,16,0.0,4
45,4,17,0.0,4
45,4,18,0.0,4
45,4,19,0.0,4
45,4,20,0.10714285714285715,4
45,4,21,0.0,3
45,4,22,0.0,3
45,4,23,0.0,3
45,4,24,0.0,3
45,4,25,0.0,3
45,4,26,0.0,3
45,4,27,0.0,3
45,4,28,0.0,2
45,4,29,0.0,2
45,4,30,0.0,2
45,4,31,0.0,2
45,4,32,0.0,2
45,4,33,0.0,2
45,4,34,0.0,2
45,4,35,0.0,2
45,4,36,0.0,1
45,5,1,0.2857142857142857,5
45,5,2,0.0,5
45,5,3,0.0,5
45,5,4,0.0,5
45,5,5,0.0,5
45,5,6,0.07142857142857142,5
45,5,7,0.14285714285714285,5
45,5,8,0.14285714285714285,5
45,5,9,0.0,5
45,5,10,0.07142857142857142,5
45,5,11,0.0,4
45,5,12,0.0,4
45,5,13,0.0,4
45,5,14,0.0,4
45,5,15,0.0,4
45,5,16,0.0,4
45,5,17,0.16666666666666666,4
45,5,18,0.25,3
45,5,19,0.0,2
45,5,20,0.5,2
45,5,21,0.5,2
45,5,22,0.0,2
45,5,23,0.0,2
45,5,24,0.0,2
45,5,25,0.0,2
45,5,26,0.5,2
45,5,27,0.5,2
45,5,28,0.25,2
45,5,29,0.0,2
45,5,30,0.0,2
45,5,31,0.0,2
45,5,32,0.0,2
45,5,33,0.0,2
45,5,34,0.25,2
45,5,35,0.0,2
45,5,36,0.0,2
45,7,1,0.23529411764705882,7
45,7,2,0.0,7
45,7,3,0.0,7
45,7,4,0.0,7
45,7,5,0.0,7
45,7,6,0.11764705882352941,7
45,7,7,0.058823529411764705,7
45,7,8,0.0,7
45,7,9,0.029411764705882353,7
45,7,10,0.0,7
45,7,11,0.0,7
45,7,12,0.0,7
45,7,13,0.0,7
45,7,14,0.0,7
45,7,15,0.0,7
45,7,16,0.058823529411764705,7
45,7,17,0.23529411764705882,7
45,7,18,0.23529411764705882,7
45,7,19,0.058823529411764705,7
45,7,20,0.03333333333333333,6
45,7,21,0.0,6
45,7,22,0.0,6
45,7,23,0.06666666666666667,6
45,7,24,0.13333333333333333,6
45,7,25,0.0,6
45,7,26,0.0,6
45,7,27,0.0,6
45,7,28,0.13333333333333333,6
45,7,29,0.07142857142857142,5
45,7,30,0.0,5
45,7,31,0.0,5
45,7,32,0.0,5
45,7,33,0.0,5
45,7,34,0.0,5
45,7,35,0.0,5
45,7,36,0.03571428571428571,5
45,8,1,0.25,8
45,8,2,0.125,8
45,8,3,0.25,8
45,8,4,0.0,8
45,8,5,0.0,8
45,8,6,0.0,8
45,8,7,0.125,8
45,8,8,0.25,8
45,8,9,0.2857142857142857,7
45,8,10,0.2857142857142857,7
45,8,11,0.2857142857142857,7
45,8,12,0.0,6
45,8,13,0.16666666666666666,6
45,8,14,0.3333333333333333,6
45,8,15,0.0,6
45,8,16,0.16666666666666666,6
45,8,17,0.3333333333333333,6
45,8,18,0.16666666666666666,6
45,8,19,0.0,6
45,8,20,0.16666666666666666,6
45,8,21,0.16666666666666666,6
45,8,22,0.16666666666666666,6
45,8,23,0.0,5
45,8,24,0.2,5
45,8,25,0.25,4
45,8,26,0.0,3
45,8,27,0.0,3
45,8,28,0.0,3
45,8,29,0.0,3
45,8,30,0.0,3
45,8,31,0.3333333333333333,3
45,8,32,0.0,3
45,8,33,0.0,2
45,8,34,1.0,1
45,8,35,0.0,1
45,8,36,0.0,1
45,9,1,0.6607142857142857,15
45,9,2,0.5357142857142857,15
45,9,3,0.4642857142857143,15
45,9,4,0.35714285714285715,15
45,9,5,0.42857142857142855,15
45,9,6,0.39285714285714285,15
45,9,7,0.4642857142857143,15
45,9,8,0.5,15
45,9,9,0.5,15
45,9,10,0.39285714285714285,15
45,9,11,0.25,15
45,9,12,0.21428571428571427,15
45,9,13,0.10714285714285714,15
45,9,14,0.14285714285714285,15
45,9,15,0.17857142857142858,15
45,9,16,0.21428571428571427,15
45,9,17,0.21428571428571427,15
45,9,18,0.14285714285714285,15
45,9,19,0.14285714285714285,15
45,9,20,0.07142857142857142,15
45,9,21,0.0,15
45,9,22,0.0,15
45,9,23,0.0,15
45,9,24,0.07142857142857142,15
45,9,25,0.07142857142857142,15
45,9,26,0.0,15
45,9,27,0.0,15
45,9,28,0.0,15
45,9,29,0.0,15
45,9,30,0.0,15
45,9,31,0.0,15
45,9,32,0.0,15
45,9,33,0.0,15
45,9,34,0.0,15
45,9,35,0.0,15
45,9,36,0.0,15
45,10,1,0.0,4
45,10,2,0.045454545454545456,4
45,10,3,0.0,4
45,10,4,0.0,4
45,10,5,0.0,4
45,10,6,0.0,4
45,10,7,0.0,4
45,10,8,0.0,4
45,10,9,0.0,4
45,10,10,0.0,4
45,10,11,0.18181818181818182,4
45,10,12,0.0,4
45,10,13,0.09090909090909091,4
45,10,14,0.0,4
45,10,15,0.0,4
45,10,16,0.0,4
45,10,17,0.0,4
45,10,18,0.0,4
45,10,19,0.0,4
45,10,20,0.0,4
45,10,21,0.0,4
45,10,22,0.0,4
45,10,23,0.0,4
45,10,24,0.0,4
45,10,25,0.0,4
45,10,26,0.36363636363636365,4
45,10,27,0.0,4
45,10,28,0.0,4
45,10,29,0.0,3
45,10,30,0.0,3
45,10,31,0.0,2
45,10,32,0.0,2
45,10,33,0.0,2
45,10,34,0.0,2
45,10,35,0.0,2
45,10,36,0.0,2
45,13,1,0.28125,12
45,13,2,0.4666666666666667,11
45,13,3,0.32142857142857145,10
45,13,4,0.34615384615384615,9
45,13,5,0.375,8
45,13,6,0.25,7
45,13,7,0.5555555555555556,6
45,13,8,0.2857142857142857,5
45,13,9,0.5714285714285714,5
45,13,10,0.3333333333333333,4
45,13,11,0.75,4
45,13,12,0.16666666666666666,4
45,13,13,0.25,3
45,13,14,0.375,3
45,13,15,0.16666666666666666,2
45,13,16,0.6666666666666666,2
45,13,17,0.5,1
45,13,18,1.0,1
45,13,19,0.5,1
45,13,20,0.5,1
45,13,21,0.5,1
45,13,22,0.5,1
45,13,23,0.0,1
45,14,1,0.0,7
45,14,2,0.15625,7
45,14,3,0.09375,7
45,14,4,0.0625,7
45,14,5,0.375,7
45,14,6,0.31250000000000006,7
45,14,7,0.0,7
45,14,8,0.21874999999999997,7
45,14,9,0.0625,7
45,14,10,0.1875,7
45,14,11,0.1875,7
45,14,12,0.09375,7
45,14,13,0.0,7
45,14,14,0.10937499999999999,7
45,14,15,0.0,7
45,14,16,0.1875,7
45,14,17,0.09375,7
45,14,18,0.0,7
45,14,19,0.0,7
45,14,20,0.0,7
45,14,21,0.0,7
45,14,22,0.11538461538461539,6
45,14,23,0.0,6
45,14,24,0.0,6
45,14,25,0.0,6
45,14,26,0.0,6
45,14,27,0.0,5
45,14,28,0.0,5
45,14,29,0.0,5
45,14,30,0.0,4
45,14,31,0.0,4
45,14,32,0.0,3
45,14,33,0.0,3
45,14,34,0.0,3
45,14,35,0.0,3
45,14,36,0.0,2
45,15,1,0.0,2
45,15,2,0.0,2
45,15,3,0.0,2
45,15,4,0.0,2
45,15,5,0.0,2
45,15,6,0.16666666666666666,2
45,15,7,0.0,2
45,15,8,0.0,2
45,15,9,0.0,2
45,15,10,0.0,2
45,15,11,0.0,2
45,15,12,0.0,2
45,15,13,0.0,2
45,15,14,0.0,2
45,15,15,0.0,2
45,15,16,0.0,2
45,15,17,0.0,2
45,15,18,0.0,2
45,15,19,0.0,2
45,15,20,0.0,2
45,15,21,0.0,2
45,15,22,0.0,2
45,15,23,0.0,2
45,15,24,0.0,2
45,15,25,0.0,2
45,15,26,0.0,2
45,15,27,0.0,2
45,15,28,0.0,2
45,15,29,0.0,1
45,15,30,0.0,1
45,15,31,0.0,1
45,15,32,0.0,1
45,15,33,0.0,1
45,15,34,0.0,1
45,16,1,0.0,1
45,16,2,0.0,1
45,16,3,0.0,1
45,16,4,0.0,1
45,16,5,0.0,1
45,16,6,0.0,1
45,16,7,0.0,1
45,16,8,0.0,1
45,16,9,0.0,1
45,16,10,0.0,1
45,16,11,0.0,1
45,16,12,0.0,1
45,16,13,0.0,1
45,16,14,0.0,1
45,16,15,0.0,1
45,16,16,0.0,1
45,16,17,0.0,1
45,16,18,0.0,1
45,16,19,0.0,1
45,16,20,0.0,1
45,16,21,0.0,1
45,16,22,0.0,1
45,16,23,0.0,1
45,16,24,0.0,1
45,16,25,0.0,1
45,16,26,0.0,1
45,16,27,0.0,1
45,16,28,0.0,1
45,16,29,0.0,1
45,16,30,0.0,1
45,16,31,0.0,1
45,16,32,0.0,1
45,16,33,0.0,1
45,16,34,0.0,1
45,16,35,0.0,1
45,16,36,0.0,1
46,3,1,0.0,4
46,3,2,0.0,4
46,3,3,0.16666666666666666,4
46,3,4,0.0,4
46,3,5,0.0,4
46,3,6,0.0,4
46,3,7,0.0,4
46,3,8,0.08333333333333333,4
46,3,9,0.0,4
46,3,10,0.0,4
46,3,11,0.16666666666666666,4
46,3,12,0.3333333333333333,4
46,3,13,0.0,4
46,3,14,0.0,4
46,3,15,0.16666666666666666,4
46,3,16,0.0,4
46,3,17,0.0,4
46,3,18,0.0,4
46,3,19,0.0,4
46,3,20,0.0,3
46,3,21,0.0,3
46,3,22,0.0,3
46,3,23,0.2,3
46,3,24,0.0,3
46,3,25,0.0,3
46,3,26,0.0,3
46,3,27,0.0,3
46,3,28,0.0,2
46,3,29,0.0,2
46,3,30,0.0,2
46,3,31,0.0,1
46,3,32,0.0,1
46,3,33,0.0,1
46,3,34,0.0,1
46,3,35,0.0,1
46,3,36,0.0,1
46,4,1,0.0,6
46,4,2,0.06818181818181819,6
46,4,3,0.045454545454545456,6
46,4,4,0.0,6
46,4,5,0.07575757575757576,6
46,4,6,0.13636363636363638,6
46,4,7,0.0,6
46,4,8,0.18181818181818182,6
46,4,9,0.0,6
46,4,10,0.13636363636363638,6
46,4,11,0.09090909090909091,6
46,4,12,0.0,6
46,4,13,0.0,6
46,4,14,0.0,6
46,4,15,0.09090909090909091,6
46,4,16,0.09090909090909091,6
46,4,17,0.0,6
46,4,18,0.1875,5
46,4,19,0.0,5
46,4,20,0.1875,5
46,4,21,0.0,5
46,4,22,0.0,5
46,4,23,0.0,5
46,4,24,0.0,4
46,4,25,0.0,4
46,4,26,0.6000000000000001,3
46,4,27,0.0,3
46,4,28,0.0,3
46,4,29,0.0,2
46,4,30,0.0,2
46,4,31,0.0,2
46,4,32,0.0,2
46,4,33,0.0,2
46,4,34,0.0,1
46,4,35,0.0,1
46,4,36,0.0,1
46,8,1,0.7425742574257427,19
46,8,2,0.7263157894736842,18
46,8,3,0.6195652173913044,17
46,8,4,0.5930232558139535,16
46,8,5,0.5625,15
46,8,6,0.5675675675675677,14
46,8,7,0.6176470588235294,13
46,8,8,0.7258064516129034,12
46,8,9,0.7232142857142858,11
46,8,10,0.9000000000000001,10
46,8,11,0.8400000000000001,10
46,8,12,0.7659574468085106,9
46,8,13,0.6585365853658537,8
46,8,14,0.5285714285714286,7
46,8,15,0.5517241379310345,6
46,8,16,0.4782608695652174,5
46,8,17,0.8823529411764707,4
46,8,18,0.8823529411764707,4
46,8,19,0.8823529411764707,4
46,8,20,0.8823529411764707,4
46,8,21,0.8823529411764707,4
46,8,22,0.7058823529411765,4
46,8,23,0.7941176470588236,4
46,8,24,0.4705882352941177,4
46,8,25,0.7272727272727273,3
46,8,26,0.25,2
46,8,27,1.0,1
46,8,28,1.0,1
46,8,29,0.5,1
46,8,30,0.0,1
46,8,31,1.0,1
46,8,32,1.0,1
46,8,33,1.0,1
46,8,34,1.0,1
46,8,35,1.0,1
46,8,36,1.0,1
46,9,1,0.7123893805309734,22
46,9,2,0.6327433628318583,22
46,9,3,0.6150442477876106,22
46,9,4,0.5575221238938053,22
46,9,5,0.46902654867256627,22
46,9,6,0.41150442477876104,22
46,9,7,0.3716814159292035,22
46,9,8,0.331858407079646,22
46,9,9,0.27876106194690264,22
46,9,10,0.2743362831858407,22
46,9,11,0.27433628318584063,22
46,9,12,0.2566371681415929,22
46,9,13,0.30088495575221236,22
46,9,14,0.2566371681415929,22
46,9,15,0.3097345132743362,22
46,9,16,0.3097345132743362,22
46,9,17,0.3097345132743362,22
46,9,18,0.33628318584070793,22
46,9,19,0.30088495575221236,22
46,9,20,0.28318584070796454,22
46,9,21,0.2654867256637168,22
46,9,22,0.2300884955752212,22
46,9,23,0.2035398230088495,22
46,9,24,0.15929203539823006,22
46,9,25,0.10619469026548671,22
46,9,26,0.07964601769911503,22
46,9,27,0.0,22
46,9,28,0.0,21
46,9,29,0.0,21
46,9,30,0.0,21
46,9,31,0.013636363636363634,21
46,9,32,0.013636363636363634,21
46,9,33,0.027272727272727268,21
46,9,34,0.013636363636363634,21
46,9,35,0.027272727272727268,21
46,9,36,0.027272727272727268,21
46,10,1,0.0,4
46,10,2,0.2857142857142857,4
46,10,3,0.0,4
46,10,4,0.0,4
46,10,5,0.0,4
46,10,6,0.0,4
46,10,7,0.2857142857142857,4
46,10,8,0.0,4
46,10,9,0.2857142857142857,4
46,10,10,0.0,4
46,10,11,0.14285714285714285,4
46,10,12,0.0,4
46,10,13,0.14285714285714285,4
46,10,14,0.0,4
46,10,15,0.0,4
46,10,16,0.0,4
46,10,17,0.0,4
46,10,18,0.0,4
46,10,19,0.0,4
46,10,20,0.14285714285714285,4
46,10,21,0.0,4
46,10,22,0.0,3
46,10,23,0.0,3
46,10,24,0.0,3
46,10,25,0.0,3
46,10,26,0.0,3
46,10,27,0.0,3
46,10,28,0.0,3
46,10,29,0.0,3
46,10,30,0.0,3
46,10,31,0.0,3
46,10,32,0.0,3
46,10,33,0.0,2
46,10,34,0.0,2
46,10,35,0.0,1
46,10,36,0.0,1
46,11,1,0.5,4
46,11,2,0.3,4
46,11,3,0.1,4
46,11,4,0.0,4
46,11,5,0.0,4
46,11,6,0.0,4
46,11,7,0.0,4
46,11,8,0.0,4
46,11,9,0.0,4
46,11,10,0.0,4
46,11,11,0.0,4
46,11,12,0.0,4
46,11,13,0.0,4
46,11,14,0.0,4
46,11,15,0.0,4
46,11,16,0.0,4
46,11,17,0.0,4
46,11,18,0.0,4
46,11,19,0.0,4
46,11,20,0.0,4
46,11,21,0.0,4
46,11,22,0.0,4
46,11,23,0.0,4
46,11,24,0.0,4
46,11,25,0.0,4
46,11,26,0.0,4
46,11,27,0.0,4
46,11,28,0.0,4
46,11,29,0.0,4
46,11,30,0.0,4
46,11,31,0.0,4
46,11,32,0.0,4
46,11,33,0.0,4
46,11,34,0.0,4
46,11,35,0.0,4
46,11,36,0.0,4
46,14,1,0.4206349206349206,14
46,14,2,0.5238095238095238,14
46,14,3,0.2698412698412698,14
46,14,4,0.36507936507936506,14
46,14,5,0.12169312169312169,14
46,14,6,0.25396825396825395,14
46,14,7,0.28042328042328046,14
46,14,8,0.22222222222222218,14
46,14,9,0.31746031746031744,14
46,14,10,0.20634920634920634,14
46,14,11,0.23809523809523808,14
46,14,12,0.058201058201058205,14
46,14,13,0.20634920634920637,14
46,14,14,0.06349206349206349,14
46,14,15,0.1746031746031746,14
46,14,16,0.16666666666666666,14
46,14,17,0.2619047619047619,14
46,14,18,0.1746031746031746,14
46,14,19,0.21052631578947367,13
46,14,20,0.18518518518518517,12
46,14,21,0.13725490196078433,11
46,14,22,0.0392156862745098,11
46,14,23,0.0,10
46,14,24,0.0,10
46,14,25,0.0,10
46,14,26,0.0,10
46,14,27,0.0,10
46,14,28,0.0,10
46,14,29,0.0,9
46,14,30,0.0,8
46,14,31,0.0,8
46,14,32,0.0,7
46,14,33,0.0,7
46,14,34,0.0,6
46,14,35,0.0,6
46,14,36,0.0,5
46,15,1,0.0,3
46,15,2,0.0,3
46,15,3,0.0,3
46,15,4,0.0,3
46,15,5,0.0,3
46,15,6,0.0,3
46,15,7,0.0,3
46,15,8,0.25,3
46,15,9,0.0,3
46,15,10,0.0,3
46,15,11,0.0,3
46,15,12,0.0,3
46,15,13,0.0,3
46,15,14,0.0,3
46,15,15,0.0,3
46,15,16,0.125,3
46,15,17,0.0,3
46,15,18,0.0,3
46,15,19,0.0,3
46,15,20,0.0,3
46,15,21,0.0,2
46,15,22,0.0,2
46,15,23,0.0,2
46,15,24,0.3333333333333333,2
46,15,25,0.0,2
46,15,26,0.0,2
46,15,27,0.0,2
46,15,28,0.0,2
46,15,29,0.0,2
46,15,30,0.0,2
46,15,31,0.0,2
46,15,32,0.0,2
46,15,33,0.0,2
46,15,34,0.0,2
46,15,35,0.0,2
46,15,36,0.0,2
46,16,1,0.0,1
46,16,2,0.0,1
46,16,3,0.0,1
46,16,4,0.0,1
46,16,5,0.0,1
46,16,6,0.0,1
46,16,7,0.0,1
46,16,8,0.0,1
46,16,9,0.0,1
46,16,10,0.0,1
46,16,11,0.0,1
46,16,12,0.0,1
46,16,13,0.0,1
46,16,14,0.0,1
46,16,15,0.0,1
46,16,16,0.0,1
46,16,17,0.0,1
46,16,18,0.0,1
46,16,19,0.0,1
46,16,20,0.0,1
46,16,21,0.0,1
46,16,22,0.0,1
46,16,23,0.0,1
46,16,24,0.0,1
46,16,25,0.0,1
46,16,26,0.0,1
46,16,27,0.0,1
46,16,28,0.0,1
46,16,29,0.0,1
46,16,30,0.0,1
46,16,31,0.0,1
46,16,32,0.0,1
46,16,33,0.0,1
46,16,34,0.0,1
46,16,35,0.0,1
46,16,36,0.0,1
47,2,1,0.0,1
47,2,2,0.0,1
47,2,3,0.0,1
47,2,4,0.0,1
47,2,5,0.0,1
47,2,6,0.0,1
47,2,7,0.0,1
47,2,8,0.0,1
47,2,9,0.0,1
47,2,10,0.0,1
47,2,11,0.0,1
47,2,12,0.0,1
47,2,13,0.0,1
47,2,14,0.0,1
47,2,15,0.0,1
47,2,16,0.0,1
47,2,17,0.0,1
47,2,18,0.0,1
47,2,19,0.0,1
47,2,20,0.0,1
47,3,1,0.0,3
47,3,2,0.16666666666666666,3
47,3,3,0.0,3
47,3,4,0.0,3
47,3,5,0.0,3
47,3,6,0.0,3
47,3,7,0.0,3
47,3,8,0.0,3
47,3,9,0.0,3
47,3,10,0.0,3
47,3,11,0.0,3
47,3,12,0.0,3
47,3,13,0.0,3
47,3,14,0.0,3
47,3,15,0.0,3
47,3,16,0.0,3
47,3,17,0.0,3
47,3,18,0.0,3
47,3,19,0.0,3
47,3,20,0.0,3
47,3,21,0.0,3
47,3,22,0.0,3
47,3,23,0.0,3
47,3,24,0.0,3
47,3,25,0.0,3
47,3,26,0.0,3
47,3,27,0.0,3
47,3,28,0.0,3
47,3,29,0.0,3
47,3,30,0.0,3
47,3,31,0.16666666666666666,3
47,3,32,0.0,3
47,3,33,0.25,2
47,3,34,0.0,2
47,3,35,0.0,2
47,3,36,0.0,2
47,4,1,0.0,4
47,4,2,0.0,4
47,4,3,0.1,4
47,4,4,0.0,4
47,4,5,0.0,4
47,4,6,0.0,3
47,4,7,0.0,3
47,4,8,0.0,3
47,4,9,0.0,3
47,4,10,0.0,3
47,4,11,0.0,3
47,4,12,0.16666666666666666,3
47,4,13,0.0,3
47,4,14,0.0,3
47,4,15,0.16666666666666666,3
47,4,16,0.0,3
47,4,17,0.0,3
47,4,18,0.0,3
47,4,19,0.3333333333333333,3
47,4,20,0.0,3
47,4,21,0.0,3
47,4,22,0.3333333333333333,3
47,4,23,0.0,3
47,4,24,0.0,3
47,4,25,0.0,2
47,4,26,0.0,2
47,4,27,0.0,2
47,4,28,0.0,1
47,4,29,0.0,1
47,4,30,0.0,1
47,4,31,0.0,1
47,4,32,0.0,1
47,4,33,0.0,1
47,4,34,1.0,1
47,4,35,0.0,1
47,4,36,0.0,1
47,5,1,0.125,5
47,5,2,0.125,5
47,5,3,0.2857142857142857,4
47,5,4,0.0,4
47,5,5,0.0,4
47,5,6,0.0,4
47,5,7,0.14285714285714285,4
47,5,8,0.0,4
47,5,9,0.07142857142857142,4
47,5,10,0.2,3
47,5,11,0.0,3
47,5,12,0.0,2
47,5,13,0.0,1
47,5,14,0.0,1
47,5,15,0.0,1
47,5,16,0.0,1
47,5,17,0.0,1
47,5,18,0.0,1
47,5,19,0.0,1
47,5,20,0.0,1
47,5,21,0.0,1
47,5,22,0.0,1
47,5,23,0.0,1
47,5,24,1.0,1
47,5,25,0.5,1
47,5,26,0.0,1
47,5,27,1.0,1
47,5,28,0.0,1
47,5,29,0.0,1
47,5,30,0.0,1
47,5,31,0.0,1
47,5,32,0.0,1
47,5,33,0.0,1
47,5,34,0.5,1
47,5,35,0.0,1
47,5,36,0.0,1
47,6,1,0.0,3
47,6,2,0.3333333333333333,3
47,6,3,0.0,3
47,6,4,0.0,3
47,6,5,0.0,3
47,6,6,0.0,3
47,6,7,0.0,3
47,6,8,0.3333333333333333,3
47,6,9,0.0,3
47,6,10,0.3333333333333333,3
47,6,11,0.0,3
47,6,12,0.0,3
47,6,13,0.0,3
47,6,14,0.0,3
47,6,15,0.0,3
47,6,16,0.0,3
47,6,17,0.0,3
47,6,18,0.0,3
47,6,19,0.0,3
47,6,20,0.0,3
47,6,21,0.0,3
47,6,22,0.0,3
47,6,23,0.0,3
47,6,24,0.0,3
47,6,25,0.0,3
47,6,26,0.0,3
47,6,27,0.0,3
47,6,28,0.0,3
47,6,29,0.0,3
47,6,30,0.0,3
47,6,31,0.0,3
47,6,32,0.0,3
47,6,33,0.0,3
47,6,34,0.0,3
47,6,35,0.0,3
47,6,36,0.0,3
47,7,1,0.0,1
47,7,2,0.0,1
47,7,3,0.0,1
47,7,4,0.0,1
47,7,5,0.0,1
47,7,6,0.0,1
47,7,7,0.0,1
47,7,8,0.0,1
47,7,9,0.0,1
47,7,10,0.0,1
47,7,11,0.0,1
47,7,12,0.0,1
47,7,13,0.0,1
47,7,14,0.0,1
47,7,15,0.0,1
47,7,16,0.0,1
47,7,17,0.0,1
47,7,18,0.0,1
47,7,19,0.0,1
47,7,20,0.0,1
47,7,21,0.0,1
47,7,22,0.0,1
47,7,23,0.0,1
47,7,24,0.0,1
47,7,25,0.0,1
47,7,26,0.0,1
47,7,27,0.0,1
47,7,28,0.0,1
47,7,29,0.0,1
47,7,30,0.0,1
47,7,31,0.0,1
47,7,32,0.0,1
47,7,33,0.0,1
47,7,34,0.0,1
47,7,35,0.0,1
47,7,36,0.0,1
47,8,1,0.25,15
47,8,2,0.3269230769230769,14
47,8,3,0.4230769230769231,14
47,8,4,0.2916666666666667,13
47,8,5,0.45454545454545453,12
47,8,6,0.045454545454545456,12
47,8,7,0.36363636363636365,12
47,8,8,0.2727272727272727,12
47,8,9,0.2,11
47,8,10,0.4,11
47,8,11,0.05,11
47,8,12,0.6,11
47,8,13,0.45,11
47,8,14,0.16666666666666666,10
47,8,15,0.5555555555555556,10
47,8,16,0.2222222222222222,10
47,8,17,0.5,9
47,8,18,0.25,9
47,8,19,0.375,9
47,8,20,0.4375,9
47,8,21,0.25,9
47,8,22,0.5714285714285714,8
47,8,23,0.21428571428571427,8
47,8,24,0.5,7
47,8,25,0.5833333333333334,7
47,8,26,0.1,6
47,8,27,0.6,6
47,8,28,0.3,6
47,8,29,0.0,5
47,8,30,0.25,5
47,8,31,0.375,5
47,8,32,0.5,5
47,8,33,0.125,5
47,8,34,0.5,5
47,8,35,0.625,5
47,8,36,0.5,4
47,9,1,0.4782608695652174,13
47,9,2,0.43478260869565216,13
47,9,3,0.2608695652173913,13
47,9,4,0.2608695652173913,13
47,9,5,0.2608695652173913,13
47,9,6,0.32608695652173914,13
47,9,7,0.17391304347826086,13
47,9,8,0.21739130434782608,13
47,9,9,0.13043478260869565,13
47,9,10,0.13043478260869565,13
47,9,11,0.2608695652173913,13
47,9,12,0.17391304347826086,13
47,9,13,0.21739130434782608,13
47,9,14,0.17391304347826086,13
47,9,15,0.2608695652173913,13
47,9,16,0.2608695652173913,13
47,9,17,0.34782608695652173,13
47,9,18,0.13043478260869565,13
47,9,19,0.21739130434782608,13
47,9,20,0.08695652173913043,13
47,9,21,0.08695652173913043,13
47,9,22,0.08695652173913043,13
47,9,23,0.08695652173913043,13
47,9,24,0.043478260869565216,13
47,9,25,0.021739130434782608,13
47,9,26,0.0,13
47,9,27,0.0,13
47,9,28,0.0,13
47,9,29,0.0,13
47,9,30,0.043478260869565216,13
47,9,31,0.021739130434782608,13
47,9,32,0.043478260869565216,13
47,9,33,0.0,13
47,9,34,0.0,13
47,9,35,0.0,12
47,9,36,0.045454545454545456,12
47,11,1,0.05,6
47,11,2,0.4,6
47,11,3,0.0,6
47,11,4,0.2,6
47,11,5,0.0,6
47,11,6,0.1,6
47,11,7,0.1,6
47,11,8,0.1,6
47,11,9,0.1,6
47,11,10,0.1,6
47,11,11,0.1,6
47,11,12,0.2,6
47,11,13,0.0,6
47,11,14,0.2,6
47,11,15,0.0,6
47,11,16,0.2,6
47,11,17,0.0,6
47,11,18,0.0,6
47,11,19,0.0,6
47,11,20,0.0,6
47,11,21,0.0,6
47,11,22,0.1,6
47,11,23,0.1,6
47,11,24,0.0,6
47,11,25,0.0,6
47,11,26,0.0,6
47,11,27,0.0,6
47,11,28,0.0,6
47,11,29,0.0,6
47,11,30,0.0,6
47,11,31,0.0,6
47,11,32,0.0,6
47,11,33,0.0,6
47,11,34,0.0,6
47,11,35,0.0,6
47,11,36,0.0,6
47,13,1,0.0,4
47,13,2,0.0,4
47,13,3,0.25,4
47,13,4,0.0,4
47,13,5,0.25,4
47,13,6,0.0,4
47,13,7,0.0,4
47,13,8,0.3333333333333333,3
47,13,9,0.0,3
47,13,10,0.0,3
47,13,11,0.5,2
47,13,12,0.0,2
47,13,13,0.0,2
47,13,14,0.0,2
47,13,15,0.0,2
47,13,16,1.0,1
47,13,17,0.0,1
47,13,18,0.0,1
47,13,19,1.0,1
47,13,20,0.0,1
47,13,21,0.0,1
47,13,22,0.0,1
47,13,23,0.0,1
47,13,24,0.0,1
47,13,25,0.0,1
47,13,26,0.0,1
47,14,1,0.047619047619047616,12
47,14,2,0.09523809523809523,12
47,14,3,0.07142857142857142,12
47,14,4,0.14285714285714285,12
47,14,5,0.09523809523809523,12
47,14,6,0.14285714285714285,12
47,14,7,0.05263157894736842,11
47,14,8,0.2631578947368421,11
47,14,9,0.0,11
47,14,10,0.2631578947368421,11
47,14,11,0.15789473684210525,11
47,14,12,0.21052631578947367,11
47,14,13,0.0,11
47,14,14,0.10526315789473684,11
47,14,15,0.11764705882352941,10
47,14,16,0.11764705882352941,10
47,14,17,0.058823529411764705,10
47,14,18,0.17647058823529413,10
47,14,19,0.11764705882352941,10
47,14,20,0.17647058823529413,10
47,14,21,0.11764705882352941,10
47,14,22,0.11764705882352941,10
47,14,23,0.26666666666666666,9
47,14,24,0.26666666666666666,9
47,14,25,0.06666666666666667,9
47,14,26,0.13333333333333333,9
47,14,27,0.2,9
47,14,28,0.03333333333333333,9
47,14,29,0.13333333333333333,9
47,14,30,0.2,9
47,14,31,0.16666666666666666,9
47,14,32,0.0,9
47,14,33,0.14285714285714285,8
47,14,34,0.16666666666666666,7
47,14,35,0.25,7
47,14,36,0.0,7
47,17,1,0.42857142857142855,5
47,17,2,0.14285714285714285,5
47,17,3,0.0,5
47,17,4,0.0,5
47,17,5,0.0,5
47,17,6,0.0,5
47,17,7,0.14285714285714285,5
47,17,8,0.14285714285714285,5
47,17,9,0.07142857142857142,5
47,17,10,0.0,5
47,17,11,0.0,5
47,17,12,0.0,4
47,17,13,0.0,4
47,17,14,0.0,4
47,17,15,0.0,4
47,17,16,0.0,4
47,17,17,0.0,4
47,17,18,0.0,4
47,17,19,0.0,3
47,17,20,0.0,2
47,17,21,0.0,1
47,17,22,0.5,1
47,17,23,1.0,1
47,17,24,1.0,1
47,17,25,0.0,1
47,17,26,0.0,1
47,17,27,0.0,1
47,17,28,0.0,1
47,17,29,0.0,1
47,17,30,0.0,1
47,17,31,0.5,1
47,17,32,0.0,1
47,17,33,0.0,1
47,17,34,0.0,1
47,17,35,0.0,1
47,17,36,0.0,1
47,18,1,0.0,1
47,18,2,0.0,1
47,18,3,0.0,1
47,18,4,0.0,1
47,18,5,0.0,1
47,18,6,0.0,1
47,18,7,0.0,1
47,18,8,0.0,1
47,18,9,0.0,1
47,18,10,0.0,1
47,18,11,0.0,1
47,18,12,0.0,1
47,18,13,0.0,1
47,18,14,0.0,1
47,18,15,0.0,1
47,18,16,0.0,1
47,18,17,0.0,1
47,18,18,0.0,1
47,18,19,0.0,1
47,18,20,0.0,1
47,18,21,0.0,1
47,18,22,0.0,1
47,18,23,0.0,1
47,18,24,0.0,1
47,18,25,0.0,1
47,18,26,0.0,1
47,18,27,0.0,1
47,18,28,0.0,1
47,18,29,0.0,1
47,18,30,0.0,1
48,3,1,0.0,2
48,3,2,0.0,2
48,3,3,0.0,2
48,3,4,0.0,2
48,3,5,0.0,2
48,3,6,0.0,2
48,3,7,0.0,2
48,3,8,0.0,2
48,3,9,0.0,2
48,3,10,0.0,2
48,3,11,0.2,2
48,3,12,0.0,2
48,3,13,0.0,2
48,3,14,0.0,2
48,3,15,0.0,2
48,3,16,0.0,2
48,3,17,0.0,2
48,3,18,0.0,2
48,3,19,0.0,2
48,3,20,0.0,2
48,3,21,0.0,2
48,3,22,0.0,2
48,3,23,0.0,2
48,3,24,0.0,2
48,3,25,0.0,2
48,3,26,0.0,2
48,3,27,0.0,2
48,3,28,0.0,2
48,3,29,0.0,2
48,3,30,0.0,2
48,3,31,0.0,2
48,3,32,0.0,2
48,3,33,0.0,2
48,3,34,0.0,2
48,3,35,0.0,2
48,3,36,0.0,2
48,4,1,0.3333333333333333,2
48,4,2,0.0,2
48,4,3,0.0,2
48,4,4,0.0,2
48,4,5,0.0,2
48,4,6,0.0,2
48,4,7,0.0,2
48,4,8,0.0,2
48,4,9,0.0,2
48,4,10,0.0,2
48,4,11,0.0,2
48,4,12,0.0,2
48,4,13,0.0,2
48,4,14,0.0,2
48,4,15,0.0,2
48,4,16,0.0,2
48,4,17,0.0,2
48,4,18,0.0,2
48,4,19,0.0,2
48,4,20,0.0,2
48,4,21,0.0,2
48,4,22,0.0,2
48,4,23,0.0,2
48,4,24,0.0,2
48,4,25,0.0,2
48,4,26,0.0,2
48,4,27,0.0,2
48,4,28,0.0,2
48,4,29,0.0,2
48,4,30,0.0,2
48,4,31,0.0,2
48,4,32,0.0,2
48,4,33,0.0,2
48,4,34,0.0,2
48,4,35,0.0,2
48,4,36,0.0,1
48,5,1,0.1,7
48,5,2,0.0,7
48,5,3,0.2,7
48,5,4,0.05,7
48,5,5,0.05,7
48,5,6,0.1,7
48,5,7,0.0,7
48,5,8,0.0,7
48,5,9,0.0,7
48,5,10,0.0,7
48,5,11,0.0,7
48,5,12,0.1,7
48,5,13,0.0,6
48,5,14,0.0,6
48,5,15,0.0,6
48,5,16,0.0,6
48,5,17,0.1111111111111111,6
48,5,18,0.25,5
48,5,19,0.16666666666666666,4
48,5,20,0.3333333333333333,4
48,5,21,0.16666666666666666,4
48,5,22,0.16666666666666666,4
48,5,23,0.5,4
48,5,24,0.16666666666666666,4
48,5,25,0.0,4
48,5,26,0.3333333333333333,4
48,5,27,0.0,4
48,5,28,0.0,4
48,5,29,0.16666666666666666,4
48,5,30,0.0,4
48,5,31,0.0,4
48,5,32,0.0,4
48,5,33,0.0,4
48,5,34,0.0,4
48,5,35,0.0,4
48,5,36,0.0,4
48,7,1,0.0,5
48,7,2,0.0,5
48,7,3,0.0,5
48,7,4,0.22580645161290322,5
48,7,5,0.0,5
48,7,6,0.0,5
48,7,7,0.0,5
48,7,8,0.0,5
48,7,9,0.0,5
48,7,10,0.0,5
48,7,11,0.0,5
48,7,12,0.0,5
48,7,13,0.0967741935483871,5
48,7,14,0.0,5
48,7,15,0.0,5
48,7,16,0.06451612903225806,5
48,7,17,0.17741935483870966,5
48,7,18,0.0,5
48,7,19,0.0,5
48,7,20,0.04838709677419355,5
48,7,21,0.06451612903225806,5
48,7,22,0.0,5
48,7,23,0.0,5
48,7,24,0.0,5
48,7,25,0.0,5
48,7,26,0.0,5
48,7,27,0.0,5
48,7,28,0.0,5
48,7,29,0.0,5
48,7,30,0.0,5
48,7,31,0.0,5
48,7,32,0.0,5
48,7,33,0.1935483870967742,5
48,7,34,0.0,5
48,7,35,0.0,4
48,7,36,0.0,4
48,8,1,0.11764705882352941,11
48,8,2,0.17647058823529413,11
48,8,3,0.29411764705882354,11
48,8,4,0.29411764705882354,11
48,8,5,0.23529411764705882,11
48,8,6,0.3125,10
48,8,7,0.3125,10
48,8,8,0.125,10
48,8,9,0.09375,10
48,8,10,0.1875,10
48,8,11,0.375,10
48,8,12,0.03571428571428571,9
48,8,13,0.21428571428571427,9
48,8,14,0.14285714285714285,9
48,8,15,0.14285714285714285,9
48,8,16,0.07142857142857142,9
48,8,17,0.25,8
48,8,18,0.16666666666666666,8
48,8,19,0.125,8
48,8,20,0.08333333333333333,8
48,8,21,0.08333333333333333,8
48,8,22,0.20833333333333334,8
48,8,23,0.0,7
48,8,24,0.1,7
48,8,25,0.16666666666666666,6
48,8,26,0.0,6
48,8,27,0.0,5
48,8,28,0.16666666666666666,4
48,8,29,0.0,4
48,8,30,0.0,3
48,8,31,0.16666666666666666,2
48,8,32,0.0,2
48,8,33,0.0,2
48,8,34,0.0,1
48,8,35,0.0,1
48,8,36,0.0,1
48,9,1,0.4156626506024097,11
48,9,2,0.1807228915662651,11
48,9,3,0.28915662650602414,11
48,9,4,0.2168674698795181,11
48,9,5,0.0783132530120482,11
48,9,6,0.12650602409638556,11
48,9,7,0.1566265060240964,11
48,9,8,0.04819277108433735,11
48,9,9,0.03413654618473896,11
48,9,10,0.10843373493975905,11
48,9,11,0.07228915662650603,11
48,9,12,0.0,11
48,9,13,0.0,11
48,9,14,0.0963855421686747,11
48,9,15,0.10843373493975905,11
48,9,16,0.03614457831325302,11
48,9,17,0.14457831325301207,11
48,9,18,0.28915662650602414,11
48,9,19,0.1927710843373494,11
48,9,20,0.12048192771084337,11
48,9,21,0.14457831325301207,11
48,9,22,0.07228915662650603,11
48,9,23,0.0,11
48,9,24,0.07228915662650603,11
48,9,25,0.07228915662650603,11
48,9,26,0.0,11
48,9,27,0.0,11
48,9,28,0.0,11
48,9,29,0.0,11
48,9,30,0.0,11
48,9,31,0.0,11
48,9,32,0.0,11
48,9,33,0.0,11
48,9,34,0.0,11
48,9,35,0.0,11
48,9,36,0.0,11
48,10,1,0.0,2
48,10,2,0.0,2
48,10,3,0.0,2
48,10,4,0.0,2
48,10,5,0.0,2
48,10,6,0.5,2
48,10,7,0.0,2
48,10,8,0.0,2
48,10,9,0.0,2
48,10,10,0.0,2
48,10,11,0.0,2
48,10,12,0.0,2
48,10,13,0.0,2
48,10,14,0.0,2
48,10,15,0.0,2
48,10,16,0.0,2
48,10,17,0.0,2
48,10,18,0.0,2
48,10,19,0.0,2
48,10,20,0.0,2
48,10,21,0.0,2
48,10,22,0.0,2
48,10,23,0.0,2
48,10,24,0.0,2
48,10,25,0.0,2
48,10,26,0.0,2
48,10,27,0.0,2
48,10,28,0.0,2
48,10,29,0.0,2
48,10,30,0.0,2
48,10,31,0.0,2
48,10,32,0.0,2
48,10,33,0.0,2
48,10,34,0.0,2
48,10,35,0.0,2
48,10,36,0.0,2
48,11,1,0.0,1
48,11,2,0.0,1
48,11,3,0.0,1
48,11,4,0.0,1
48,11,5,0.0,1
48,11,6,0.0,1
48,11,7,0.0,1
48,11,8,0.0,1
48,11,9,0.0,1
48,11,10,0.0,1
48,11,11,0.0,1
48,11,12,0.0,1
48,11,13,0.0,1
48,11,14,0.0,1
48,11,15,0.0,1
48,11,16,0.0,1
48,11,17,0.0,1
48,11,18,0.0,1
48,11,19,0.0,1
48,11,20,0.0,1
48,11,21,0.0,1
48,11,22,0.0,1
48,11,23,0.0,1
48,11,24,0.0,1
48,11,25,0.0,1
48,11,26,0.0,1
48,11,27,0.0,1
48,11,28,0.0,1
48,11,29,0.0,1
48,11,30,0.0,1
48,11,31,0.0,1
48,11,32,0.0,1
48,11,33,0.0,1
48,11,34,0.0,1
48,11,35,0.0,1
48,11,36,0.0,1
48,13,1,0.53125,9
48,13,2,0.2857142857142857,8
48,13,3,0.0,7
48,13,4,0.1,6
48,13,5,0.3,6
48,13,6,0.4,6
48,13,7,0.3,6
48,13,8,0.1,6
48,13,9,0.0,5
48,13,10,0.25,4
48,13,11,0.5,4
48,13,12,0.75,4
48,13,13,0.5,4
48,13,14,0.3333333333333333,3
48,13,15,0.0,2
48,13,16,0.0,1
48,13,17,0.0,1
48,13,18,0.0,1
48,13,19,0.0,1
48,13,20,0.0,1
48,13,21,0.0,1
48,13,22,0.0,1
48,13,23,0.0,1
48,13,24,0.0,1
48,13,25,1.0,1
48,13,26,1.0,1
48,13,27,1.0,1
48,13,28,0.0,1
48,13,29,0.0,1
48,13,30,0.0,1
48,13,31,0.5,1
48,13,32,0.5,1
48,13,33,0.0,1
48,13,34,0.0,1
48,13,35,0.0,1
48,13,36,0.0,1
48,14,1,0.0,2
48,14,2,0.0,2
48,14,3,0.0,2
48,14,4,0.0,2
48,14,5,0.0,2
48,14,6,0.0,2
48,14,7,0.0,2
48,14,8,0.0,2
48,14,9,0.0,2
48,14,10,0.0,2
48,14,11,0.0,2
48,14,12,0.0,2
48,14,13,0.0,2
48,14,14,0.0,2
48,14,15,0.0,2
48,14,16,0.0,2
48,14,17,0.0,2
48,14,18,0.0,2
48,14,19,0.0,2
48,14,20,0.0,2
48,14,21,0.0,2
48,14,22,0.25,2
48,14,23,0.0,2
48,14,24,0.0,2
48,14,25,0.0,2
48,14,26,0.0,2
48,14,27,0.0,2
48,14,28,0.0,2
48,14,29,0.0,2
48,14,30,0.0,2
48,14,31,0.0,2
48,14,32,0.0,1
48,14,33,0.0,1
48,14,34,0.0,1
48,14,35,0.0,1
48,14,36,0.0,1
48,15,1,0.0,4
48,15,2,0.0,4
48,15,3,0.0,4
48,15,4,0.0,4
48,15,5,0.0,4
48,15,6,0.0,4
48,15,7,0.0,4
48,15,8,0.2142857142857143,4
48,15,9,0.0,4
48,15,10,0.0,4
48,15,11,0.07142857142857144,4
48,15,12,0.0,4
48,15,13,0.0,4
48,15,14,0.10714285714285715,4
48,15,15,0.0,4
48,15,16,0.0,4
48,15,17,0.0,4
48,15,18,0.0,4
48,15,19,0.0,4
48,15,20,0.0,4
48,15,21,0.0,3
48,15,22,0.375,3
48,15,23,0.0,3
48,15,24,0.0,3
48,15,25,0.125,3
48,15,26,0.0,3
48,15,27,0.0,3
48,15,28,0.0,3
48,15,29,0.0,2
48,15,30,0.0,2
48,15,31,0.0,2
48,15,32,0.0,2
48,15,33,0.4,2
48,15,34,0.0,2
48,15,35,0.0,2
48,15,36,0.0,2
48,16,1,0.3076923076923077,6
48,16,2,0.11538461538461539,6
48,16,3,0.23076923076923078,6
48,16,4,0.11538461538461539,6
48,16,5,0.0,6
48,16,6,0.0,6
48,16,7,0.0,6
48,16,8,0.11538461538461539,6
48,16,9,0.11538461538461539,6
48,16,10,0.038461538461538464,6
48,16,11,0.23076923076923078,6
48,16,12,0.2884615384615385,6
48,16,13,0.07692307692307693,6
48,16,14,0.0,6
48,16,15,0.11538461538461539,6
48,16,16,0.0,6
48,16,17,0.0,6
48,16,18,0.0,6
48,16,19,0.0,6
48,16,20,0.0,6
48,16,21,0.0,6
48,16,22,0.0,6
48,16,23,0.0,6
48,16,24,0.0,6
48,16,25,0.0,6
48,16,26,0.0,6
48,16,27,0.0,6
48,16,28,0.0,6
48,16,29,0.0,6
48,16,30,0.0,6
48,16,31,0.0,6
48,16,32,0.0,6
48,16,33,0.0,6
48,16,34,0.0,6
48,16,35,0.0,6
48,16,36,0.0,6
48,18,1,0.0,1
48,18,2,0.0,1
48,18,3,0.0,1
48,18,4,0.0,1
48,18,5,0.0,1
48,18,6,0.0,1
48,18,7,0.0,1
48,18,8,0.0,1
48,18,9,0.0,1
48,18,10,0.0,1
48,18,11,0.0,1
48,18,12,0.0,1
48,18,13,0.0,1
48,18,14,0.0,1
48,18,15,0.0,1
48,18,16,0.0,1
48,18,17,0.0,1
48,18,18,0.0,1
48,18,19,0.0,1
48,18,20,0.0,1
48,18,21,0.0,1
48,18,22,0.0,1
48,18,23,0.0,1
48,18,24,0.0,1
48,18,25,0.0,1
48,18,26,0.0,1
48,18,27,0.0,1
48,18,28,0.0,1
48,18,29,0.0,1
48,18,30,0.0,1
48,18,31,0.0,1
48,18,32,0.0,1
48,18,33,0.0,1
48,18,34,0.0,1
48,18,35,0.0,1
48,18,36,0.0,1
49,3,1,0.0,6
49,3,2,0.0,6
49,3,3,0.12162162162162161,6
49,3,4,0.0,6
49,3,5,0.0,6
49,3,6,0.2027027027027027,6
49,3,7,0.0,6
49,3,8,0.18918918918918914,6
49,3,9,0.0,6
49,3,10,0.0,6
49,3,11,0.08108108108108107,6
49,3,12,0.0,6
49,3,13,0.0,6
49,3,14,0.25675675675675674,6
49,3,15,0.0,6
49,3,16,0.0,6
49,3,17,0.16216216216216214,6
49,3,18,0.0,6
49,3,19,0.0,6
49,3,20,0.08108108108108107,6
49,3,21,0.0,5
49,3,22,0.0606060606060606,5
49,3,23,0.0,5
49,3,24,0.0,5
49,3,25,0.0606060606060606,5
49,3,26,0.0,5
49,3,27,0.0,5
49,3,28,0.0303030303030303,5
49,3,29,0.0,4
49,3,30,0.0,4
49,3,31,0.0,4
49,3,32,0.0,4
49,3,33,0.0,4
49,3,34,0.0,4
49,3,35,0.0,3
49,3,36,0.0,3
49,7,1,0.0,1
49,7,2,0.0,1
49,7,3,0.0,1
49,7,4,0.0,1
49,7,5,0.0,1
49,7,6,0.0,1
49,7,7,0.0,1
49,7,8,0.0,1
49,7,9,0.0,1
49,7,10,0.0,1
49,7,11,0.0,1
49,7,12,0.0,1
49,7,13,0.0,1
49,7,14,0.0,1
49,7,15,0.0,1
49,7,16,0.0,1
49,7,17,0.0,1
49,7,18,0.0,1
49,7,19,0.0,1
49,7,20,0.0,1
49,7,21,0.0,1
49,7,22,0.0,1
49,7,23,0.0,1
49,7,24,0.0,1
49,7,25,0.0,1
49,7,26,0.0,1
49,7,27,0.0,1
49,7,28,0.0,1
49,7,29,0.0,1
49,7,30,0.0,1
49,7,31,0.0,1
49,7,32,0.0,1
49,7,33,0.0,1
49,7,34,0.0,1
49,7,35,0.0,1
49,7,36,0.0,1
49,8,1,0.875,17
49,8,2,0.84375,17
49,8,3,0.8666666666666667,16
49,8,4,0.8392857142857143,15
49,8,5,0.8148148148148148,14
49,8,6,0.8,13
49,8,7,0.782608695652174,12
49,8,8,0.7619047619047619,11
49,8,9,0.7894736842105263,10
49,8,10,0.7647058823529411,9
49,8,11,0.7333333333333333,8
49,8,12,0.6923076923076923,7
49,8,13,0.6363636363636364,6
49,8,14,0.6666666666666666,5
49,8,15,0.5714285714285714,4
49,8,16,0.4,3
49,8,17,0.6666666666666666,2
49,8,18,1.0,1
49,8,19,1.0,1
49,8,20,1.0,1
49,8,21,1.0,1
49,8,22,0.5,1
49,8,23,1.0,1
49,8,24,1.0,1
49,8,25,0.0,1
49,8,26,0.5,1
49,9,1,0.8316831683168316,27
49,9,2,0.7920792079207921,27
49,9,3,0.7673267326732673,27
49,9,4,0.7623762376237624,27
49,9,5,0.7227722772277227,27
49,9,6,0.6831683168316832,27
49,9,7,0.6633663366336634,27
49,9,8,0.6435643564356436,27
49,9,9,0.6336633663366337,27
49,9,10,0.5346534653465347,27
49,9,11,0.5445544554455446,27
49,9,12,0.504950495049505,27
49,9,13,0.48514851485148514,27
49,9,14,0.44554455445544555,27
49,9,15,0.44554455445544555,27
49,9,16,0.40594059405940597,27
49,9,17,0.36633663366336633,27
49,9,18,0.32673267326732675,27
49,9,19,0.24752475247524752,27
49,9,20,0.2623762376237624,27
49,9,21,0.2079207920792079,27
49,9,22,0.16831683168316833,27
49,9,23,0.13861386138613863,27
49,9,24,0.13861386138613863,27
49,9,25,0.09900990099009901,27
49,9,26,0.0594059405940594,27
49,9,27,0.039603960396039604,27
49,9,28,0.039603960396039604,27
49,9,29,0.039603960396039604,27
49,9,30,0.019801980198019802,27
49,9,31,0.039603960396039604,27
49,9,32,0.039603960396039604,27
49,9,33,0.039603960396039604,27
49,9,34,0.0,27
49,9,35,0.0,27
49,9,36,0.0,27
49,10,1,0.0,1
49,10,2,0.0,1
49,10,3,0.0,1
49,10,4,0.0,1
49,10,5,0.0,1
49,10,6,0.0,1
49,10,7,0.0,1
49,10,8,0.0,1
49,10,9,0.0,1
49,10,10,0.0,1
49,10,11,0.0,1
49,10,12,0.0,1
49,10,13,0.0,1
49,10,14,0.0,1
49,10,15,0.0,1
49,10,16,0.0,1
49,10,17,0.0,1
49,10,18,0.0,1
49,10,19,0.0,1
49,10,20,0.0,1
49,10,21,0.0,1
49,10,22,0.0,1
49,10,23,0.0,1
49,10,24,0.0,1
49,10,25,0.0,1
49,10,26,0.0,1
49,10,27,0.0,1
49,10,28,0.0,1
49,10,29,0.0,1
49,10,30,0.0,1
49,10,31,0.0,1
49,10,32,0.0,1
49,10,33,0.0,1
49,10,34,0.0,1
49,10,35,0.0,1
49,10,36,0.0,1
49,14,1,0.6858407079646018,21
49,14,2,0.7256637168141594,21
49,14,3,0.6017699115044247,21
49,14,4,0.5752212389380531,21
49,14,5,0.5221238938053097,21
49,14,6,0.5575221238938054,21
49,14,7,0.5088495575221239,21
49,14,8,0.5707964601769911,21
49,14,9,0.49557522123893805,21
49,14,10,0.5221238938053097,21
49,14,11,0.41592920353982304,21
49,14,12,0.41592920353982304,21
49,14,13,0.30973451327433627,21
49,14,14,0.3008849557522124,21
49,14,15,0.27433628318584075,21
49,14,16,0.26548672566371684,21
49,14,17,0.23008849557522124,21
49,14,18,0.23893805309734514,21
49,14,19,0.21495327102803738,20
49,14,20,0.1683168316831683,19
49,14,21,0.1717171717171717,18
49,14,22,0.13978494623655915,17
49,14,23,0.10344827586206896,16
49,14,24,0.037037037037037035,15
49,14,25,0.0,14
49,14,26,0.0,13
49,14,27,0.0,13
49,14,28,0.0,12
49,14,29,0.0,12
49,14,30,0.0,11
49,14,31,0.0,10
49,14,32,0.0,9
49,14,33,0.0,8
49,14,34,0.0,7
49,14,35,0.0,6
49,14,36,0.0,5
49,15,1,0.0,1
49,15,2,0.0,1
49,15,3,0.0,1
49,15,4,0.0,1
49,15,5,0.0,1
49,15,6,0.0,1
49,15,7,0.0,1
49,15,8,0.0,1
49,15,9,0.0,1
49,15,10,0.0,1
49,15,11,0.0,1
49,15,12,0.0,1
49,15,13,0.0,1
49,15,14,0.0,1
49,15,15,0.0,1
49,15,16,0.0,1
49,15,17,0.0,1
49,15,18,0.0,1
49,15,19,0.0,1
49,15,20,0.0,1
49,15,21,0.0,1
49,15,22,0.0,1
49,15,23,0.0,1
49,15,24,0.0,1
49,15,25,0.0,1
49,15,26,0.0,1
49,15,27,0.0,1
49,15,28,0.0,1
49,15,29,0.0,1
49,15,30,0.0,1
49,15,31,0.0,1
49,15,32,0.0,1
49,15,33,0.0,1
49,15,34,0.0,1
49,15,35,0.0,1
49,15,36,0.0,1
5,1,1,0.3333333333333333,13
5,1,2,0.125,13
5,1,3,0.20833333333333334,13
5,1,4,0.3333333333333333,13
5,1,5,0.25,13
5,1,6,0.20833333333333334,13
5,1,7,0.16666666666666666,13
5,1,8,0.125,13
5,1,9,0.20833333333333334,13
5,1,10,0.5,13
5,1,11,0.375,13
5,1,12,0.125,13
5,1,13,0.125,13
5,1,14,0.20833333333333334,13
5,1,15,0.2916666666666667,13
5,1,16,0.125,13
5,1,17,0.08333333333333333,13
5,1,18,0.0,13
5,1,19,0.16666666666666666,13
5,1,20,0.25,13
5,1,21,0.25,13
5,1,22,0.16666666666666666,13
5,1,23,0.020833333333333332,13
5,1,24,0.08333333333333333,13
5,1,25,0.20833333333333334,13
5,1,26,0.041666666666666664,13
5,1,27,0.0,13
5,1,28,0.0,13
5,1,29,0.041666666666666664,13
5,1,30,0.08333333333333333,13
5,1,31,0.08333333333333333,13
5,1,32,0.08333333333333333,13
5,1,33,0.0,12
5,1,34,0.043478260869565216,12
5,1,35,0.13043478260869565,12
5,1,36,0.043478260869565216,12
5,2,1,0.0,1
5,2,2,0.0,1
5,2,3,0.0,1
5,2,4,0.0,1
5,2,5,0.0,1
5,2,6,0.0,1
5,2,7,0.0,1
5,2,8,0.0,1
5,2,9,0.0,1
5,2,10,0.0,1
5,2,11,0.0,1
5,2,12,0.0,1
5,2,13,0.0,1
5,2,14,0.0,1
5,2,15,0.0,1
5,2,16,0.0,1
5,2,17,0.0,1
5,2,18,0.0,1
5,2,19,0.0,1
5,2,20,0.0,1
5,2,21,0.0,1
5,2,22,0.0,1
5,2,23,0.0,1
5,2,24,0.0,1
5,5,1,0.0,2
5,5,2,0.0,1
5,5,3,0.0,1
5,5,4,0.0,1
5,5,5,0.0,1
5,5,6,0.0,1
5,5,7,1.0,1
5,5,8,0.0,1
5,6,1,0.0,1
5,6,2,0.0,1
5,6,3,0.0,1
5,6,4,0.0,1
5,6,5,0.0,1
5,6,6,0.0,1
5,6,7,0.0,1
5,6,8,0.0,1
5,6,9,0.0,1
5,6,10,0.0,1
5,6,11,0.0,1
5,6,12,0.0,1
5,6,13,0.0,1
5,6,14,0.0,1
5,6,15,0.0,1
5,6,16,0.0,1
5,6,17,0.0,1
5,6,18,0.0,1
5,6,19,0.0,1
5,6,20,0.0,1
5,6,21,0.0,1
5,6,22,0.0,1
5,6,23,0.0,1
5,6,24,0.0,1
5,6,25,0.0,1
5,6,26,0.0,1
5,6,27,0.0,1
5,6,28,0.0,1
5,6,29,0.0,1
5,6,30,0.0,1
5,6,31,0.0,1
5,6,32,0.0,1
5,6,33,0.0,1
5,6,34,0.0,1
5,6,35,0.0,1
5,6,36,0.0,1
5,12,1,0.2153846153846154,13
5,12,2,0.2769230769230769,13
5,12,3,0.10769230769230767,13
5,12,4,0.38095238095238093,12
5,12,5,0.12280701754385966,11
5,12,6,0.47368421052631576,11
5,12,7,0.33333333333333337,10
5,12,8,0.3333333333333333,10
5,12,9,0.10416666666666666,9
5,12,10,0.1875,9
5,12,11,0.14285714285714285,8
5,12,12,0.4166666666666667,7
5,12,13,0.1,6
5,12,14,0.3,6
5,12,15,0.21666666666666665,6
5,12,16,0.3,6
5,12,17,0.05,6
5,12,18,0.4,6
5,12,19,0.125,5
5,12,20,0.0,5
5,12,21,0.125,5
5,12,22,0.6666666666666666,5
5,12,23,0.25,5
5,12,24,0.25,5
5,12,25,0.125,5
5,12,26,0.14285714285714285,4
5,12,27,0.14285714285714285,4
5,12,28,0.42857142857142855,4
5,12,29,0.14285714285714285,4
5,12,30,0.42857142857142855,4
5,12,31,0.23809523809523808,4
5,12,32,0.07142857142857142,4
5,12,33,0.0,4
5,12,34,0.7142857142857143,4
5,12,35,0.0,3
5,12,36,0.2,3
5,17,1,0.5325581395348836,41
5,17,2,0.5,41
5,17,3,0.5095693779904306,40
5,17,4,0.5169082125603864,39
5,17,5,0.4855072463768116,39
5,17,6,0.5514705882352942,38
5,17,7,0.49264705882352944,38
5,17,8,0.4621212121212121,37
5,17,9,0.4772727272727273,37
5,17,10,0.5479797979797979,37
5,17,11,0.45707070707070707,37
5,17,12,0.47979797979797983,37
5,17,13,0.37373737373737376,37
5,17,14,0.4713541666666667,36
5,17,15,0.5241935483870968,35
5,17,16,0.5027777777777778,34
5,17,17,0.5114942528735632,33
5,17,18,0.5,32
5,17,19,0.4583333333333333,32
5,17,20,0.4660493827160494,31
5,17,21,0.5737179487179487,30
5,17,22,0.6217948717948717,30
5,17,23,0.45333333333333337,29
5,17,24,0.6597222222222222,28
5,17,25,0.5851063829787234,27
5,17,26,0.5579710144927535,26
5,17,27,0.43939393939393945,25
5,17,28,0.5277777777777777,24
5,17,29,0.4523809523809524,24
5,17,30,0.4833333333333333,23
5,17,31,0.5256410256410257,22
5,17,32,0.4954954954954955,21
5,17,33,0.4594594594594595,21
5,17,34,0.47685185185185186,20
5,17,35,0.3657407407407407,20
5,17,36,0.5047619047619047,19
50,3,1,0.0,2
50,3,2,0.0,2
50,3,3,0.0,2
50,3,4,0.0,2
50,3,5,0.0,2
50,3,6,0.25,2
50,3,7,0.0,2
50,3,8,0.0,2
50,3,9,0.0,2
50,3,10,0.0,2
50,3,11,0.0,2
50,3,12,0.0,2
50,3,13,0.0,2
50,3,14,0.0,2
50,3,15,0.0,2
50,3,16,0.0,2
50,3,17,0.0,2
50,3,18,0.0,2
50,3,19,0.0,2
50,3,20,0.0,2
50,3,21,0.0,1
50,3,22,0.0,1
50,3,23,0.0,1
50,3,24,0.0,1
50,3,25,0.0,1
50,3,26,0.0,1
50,4,1,0.0,6
50,4,2,0.08333333333333333,6
50,4,3,0.0,6
50,4,4,0.041666666666666664,6
50,4,5,0.0,6
50,4,6,0.0,6
50,4,7,0.08333333333333333,6
50,4,8,0.041666666666666664,6
50,4,9,0.08333333333333333,6
50,4,10,0.16666666666666666,6
50,4,11,0.075,5
50,4,12,0.0,5
50,4,13,0.2,5
50,4,14,0.0,5
50,4,15,0.05,5
50,4,16,0.0,5
50,4,17,0.0,5
50,4,18,0.0,4
50,4,19,0.0625,4
50,4,20,0.25,4
50,4,21,0.0,4
50,4,22,0.07142857142857142,3
50,4,23,0.14285714285714285,3
50,4,24,0.0,3
50,4,25,0.0,3
50,4,26,0.0,3
50,4,27,0.0,3
50,4,28,0.0,3
50,4,29,0.0,3
50,4,30,0.14285714285714285,3
50,4,31,0.0,2
50,4,32,0.0,2
50,4,33,0.0,1
50,4,34,0.0,1
50,4,35,0.0,1
50,4,36,0.0,1
50,5,1,0.13043478260869565,5
50,5,2,0.0,5
50,5,3,0.08695652173913043,5
50,5,4,0.0,5
50,5,5,0.08695652173913043,5
50,5,6,0.0,5
50,5,7,0.13043478260869565,5
50,5,8,0.5217391304347826,5
50,5,9,0.0,4
50,5,10,0.0,4
50,5,11,0.0,4
50,5,12,0.06666666666666667,3
50,5,13,0.13333333333333333,3
50,5,14,0.0,3
50,5,15,0.2,3
50,5,16,0.4,3
50,5,17,0.0,2
50,5,18,0.0,2
50,5,19,0.0,2
50,5,20,0.0,2
50,5,21,0.0,2
50,5,22,0.0,2
50,5,23,0.0,2
50,5,24,0.0,1
50,6,1,0.25,7
50,6,2,0.041666666666666664,7
50,6,3,0.16666666666666666,7
50,6,4,0.16666666666666666,7
50,6,5,0.3333333333333333,7
50,6,6,0.25,7
50,6,7,0.08333333333333333,7
50,6,8,0.08333333333333333,7
50,6,9,0.0,7
50,6,10,0.16666666666666666,7
50,6,11,0.16666666666666666,7
50,6,12,0.0,7
50,6,13,0.0,7
50,6,14,0.0,7
50,6,15,0.0,7
50,6,16,0.0,7
50,6,17,0.0,7
50,6,18,0.0,7
50,6,19,0.0,7
50,6,20,0.0,7
50,6,21,0.0,7
50,6,22,0.0,7
50,6,23,0.0,7
50,6,24,0.0,7
50,6,25,0.16666666666666666,7
50,6,26,0.16666666666666666,7
50,6,27,0.0,7
50,6,28,0.0,7
50,6,29,0.0,7
50,6,30,0.16666666666666666,7
50,6,31,0.08333333333333333,7
50,6,32,0.0,7
50,6,33,0.08333333333333333,7
50,6,34,0.0,7
50,6,35,0.0,7
50,6,36,0.2,6
50,7,1,0.140625,9
50,7,2,0.0,9
50,7,3,0.03125,9
50,7,4,0.0,9
50,7,5,0.078125,9
50,7,6,0.046875,9
50,7,7,0.1875,9
50,7,8,0.140625,9
50,7,9,0.03125,9
50,7,10,0.09375,9
50,7,11,0.0,9
50,7,12,0.0,9
50,7,13,0.140625,9
50,7,14,0.1875,9
50,7,15,0.140625,9
50,7,16,0.0,9
50,7,17,0.0,9
50,7,18,0.0,9
50,7,19,0.046875,9
50,7,20,0.140625,9
50,7,21,0.234375,9
50,7,22,0.09375,9
50,7,23,0.03125,9
50,7,24,0.03125,9
50,7,25,0.0,9
50,7,26,0.0,9
50,7,27,0.0,9
50,7,28,0.140625,9
50,7,29,0.046875,9
50,7,30,0.0,8
50,7,31,0.06896551724137931,8
50,7,32,0.0,8
50,7,33,0.05172413793103449,8
50,7,34,0.05172413793103449,8
50,7,35,0.0,7
50,7,36,0.11538461538461539,7
50,8,1,0.13333333333333333,10
50,8,2,0.13333333333333333,10
50,8,3,0.15384615384615385,9
50,8,4,0.22727272727272727,8
50,8,5,0.022727272727272728,8
50,8,6,0.06818181818181818,8
50,8,7,0.05555555555555555,7
50,8,8,0.0,7
50,8,9,0.2777777777777778,7
50,8,10,0.2222222222222222,7
50,8,11,0.041666666666666664,7
50,8,12,0.3333333333333333,7
50,8,13,0.2222222222222222,7
50,8,14,0.1111111111111111,7
50,8,15,0.05555555555555555,7
50,8,16,0.35714285714285715,6
50,8,17,0.07142857142857142,6
50,8,18,0.21428571428571427,6
50,8,19,0.35714285714285715,6
50,8,20,0.07142857142857142,6
50,8,21,0.14285714285714285,6
50,8,22,0.34615384615384615,5
50,8,23,0.3076923076923077,5
50,8,24,0.15384615384615385,5
50,8,25,0.15384615384615385,5
50,8,26,0.5555555555555556,4
50,8,27,0.0,4
50,8,28,0.2857142857142857,3
50,8,29,0.14285714285714285,3
50,8,30,0.14285714285714285,3
50,8,31,0.0,3
50,8,32,0.0,3
50,8,33,0.0,2
50,8,34,0.0,2
50,8,35,0.6666666666666666,2
50,8,36,0.0,2
50,9,1,0.5581395348837209,16
50,9,2,0.48837209302325585,16
50,9,3,0.38372093023255816,16
50,9,4,0.38372093023255816,16
50,9,5,0.4534883720930233,16
50,9,6,0.4069767441860465,16
50,9,7,0.4069767441860465,16
50,9,8,0.3372093023255814,16
50,9,9,0.27906976744186046,16
50,9,10,0.313953488372093,16
50,9,11,0.24418604651162792,16
50,9,12,0.3023255813953488,16
50,9,13,0.23255813953488372,16
50,9,14,0.06976744186046512,16
50,9,15,0.05813953488372093,16
50,9,16,0.05813953488372093,16
50,9,17,0.12790697674418605,16
50,9,18,0.09302325581395349,16
50,9,19,0.11249999999999999,15
50,9,20,0.024999999999999998,15
50,9,21,0.025974025974025972,14
50,9,22,0.0,14
50,9,23,0.012987012987012986,14
50,9,24,0.0,14
50,9,25,0.06493506493506493,14
50,9,26,0.03896103896103896,14
50,9,27,0.11688311688311688,14
50,9,28,0.07792207792207792,14
50,9,29,0.07792207792207792,14
50,9,30,0.0,14
50,9,31,0.03896103896103896,14
50,9,32,0.03896103896103896,14
50,9,33,0.07792207792207792,14
50,9,34,0.11688311688311688,14
50,9,35,0.03896103896103896,14
50,9,36,0.11688311688311688,14
50,10,1,0.0,1
50,10,2,0.0,1
50,10,3,0.0,1
50,10,4,0.0,1
50,10,5,0.0,1
50,10,6,0.0,1
50,10,7,0.0,1
50,10,8,0.0,1
50,10,9,0.0,1
50,10,10,0.0,1
50,10,11,0.0,1
50,10,12,0.0,1
50,10,13,0.0,1
50,10,14,0.0,1
50,10,15,0.0,1
50,10,16,0.0,1
50,10,17,0.0,1
50,10,18,0.0,1
50,10,19,0.0,1
50,10,20,0.0,1
50,10,21,0.0,1
50,10,22,0.0,1
50,10,23,0.0,1
50,10,24,0.0,1
50,10,25,0.0,1
50,10,26,0.0,1
50,10,27,0.0,1
50,10,28,0.0,1
50,10,29,0.0,1
50,10,30,0.0,1
50,10,31,0.0,1
50,13,1,0.2352941176470588,7
50,13,2,0.14705882352941174,7
50,13,3,0.0588235294117647,7
50,13,4,0.0,7
50,13,5,0.0,6
50,13,6,0.0,6
50,13,7,0.12499999999999997,6
50,13,8,0.1607142857142857,6
50,13,9,0.1607142857142857,6
50,13,10,0.14285714285714285,6
50,13,11,0.026785714285714284,6
50,13,12,0.0,5
50,13,13,0.0,4
50,13,14,0.0,3
50,13,15,0.0,2
50,13,16,0.0,2
50,13,17,0.25,2
50,13,18,0.25,2
50,13,19,0.25,2
50,13,20,0.25,2
50,13,21,0.16666666666666666,2
50,13,22,0.0,1
50,13,23,0.0,1
50,13,24,0.0,1
50,13,25,0.0,1
50,13,26,0.0,1
50,13,27,0.0,1
50,13,28,0.5,1
50,13,29,0.0,1
50,13,30,0.0,1
50,13,31,0.0,1
50,13,32,0.0,1
50,14,1,0.0,3
50,14,2,0.0,3
50,14,3,0.0,3
50,14,4,0.0,3
50,14,5,0.0,3
50,14,6,0.0,3
50,14,7,0.0,3
50,14,8,0.0,3
50,14,9,0.0,3
50,14,10,0.0,2
50,14,11,0.5,2
50,14,12,0.0,2
50,14,13,0.25,2
50,14,14,0.0,2
50,14,15,0.0,2
50,14,16,0.0,2
50,14,17,0.0,2
50,14,18,0.0,2
50,14,19,0.0,2
50,14,20,0.0,2
50,14,21,0.0,2
50,14,22,0.0,2
50,14,23,0.0,1
50,14,24,0.5,1
50,14,25,0.0,1
50,14,26,0.0,1
50,14,27,0.0,1
50,14,28,0.0,1
50,14,29,0.0,1
50,14,30,0.0,1
50,14,31,0.0,1
50,14,32,0.0,1
50,14,33,0.0,1
50,15,1,0.0,4
50,15,2,0.0,4
50,15,3,0.0,4
50,15,4,0.16666666666666666,4
50,15,5,0.0,4
50,15,6,0.16666666666666666,4
50,15,7,0.0,4
50,15,8,0.0,4
50,15,9,0.0,4
50,15,10,0.3333333333333333,4
50,15,11,0.0,4
50,15,12,0.0,4
50,15,13,0.0,4
50,15,14,0.0,4
50,15,15,0.0,4
50,15,16,0.0,4
50,15,17,0.0,4
50,15,18,0.0,4
50,15,19,0.0,4
50,15,20,0.0,4
50,15,21,0.0,4
50,15,22,0.0,4
50,15,23,0.0,4
50,15,24,0.0,4
50,15,25,0.16666666666666666,4
50,15,26,0.0,4
50,15,27,0.0,4
50,15,28,0.0,4
50,15,29,0.125,3
50,15,30,0.0,3
50,15,31,0.0,3
50,15,32,0.0,3
50,15,33,0.0,3
50,15,34,0.0,3
50,15,35,0.3333333333333333,2
50,15,36,0.0,2
50,16,1,0.14285714285714285,5
50,16,2,0.07142857142857142,5
50,16,3,0.2857142857142857,5
50,16,4,0.0,5
50,16,5,0.0,5
50,16,6,0.0,5
50,16,7,0.0,5
50,16,8,0.0,5
50,16,9,0.0,5
50,16,10,0.0,5
50,16,11,0.0,5
50,16,12,0.0,5
50,16,13,0.14285714285714285,5
50,16,14,0.0,5
50,16,15,0.14285714285714285,5
50,16,16,0.35714285714285715,5
50,16,17,0.0,5
50,16,18,0.07142857142857142,5
50,16,19,0.14285714285714285,5
50,16,20,0.0,5
50,16,21,0.0,5
50,16,22,0.0,5
50,16,23,0.0,5
50,16,24,0.0,5
50,16,25,0.0,5
50,16,26,0.0,5
50,16,27,0.0,5
50,16,28,0.0,5
50,16,29,0.0,5
50,16,30,0.0,5
50,16,31,0.0,5
50,16,32,0.0,5
50,16,33,0.0,5
50,16,34,0.0,5
50,16,35,0.0,5
50,16,36,0.0,5
50,17,1,0.0,2
50,17,2,0.0,2
50,17,3,0.0,2
50,17,4,0.25,2
50,17,5,0.0,2
50,17,6,0.0,2
50,17,7,0.0,2
50,17,8,0.0,2
50,17,9,0.0,2
50,17,10,0.0,2
50,17,11,0.0,2
50,17,12,0.0,2
50,17,13,0.0,2
50,17,14,0.0,2
50,17,15,0.0,2
50,17,16,0.0,2
50,17,17,0.0,2
50,17,18,0.0,2
50,17,19,0.0,2
50,17,20,0.0,1
50,17,21,0.0,1
50,17,22,0.0,1
50,17,23,0.0,1
50,18,1,0.0,1
50,18,2,0.0,1
50,18,3,0.0,1
50,18,4,0.0,1
50,18,5,0.0,1
50,18,6,0.0,1
50,18,7,0.0,1
50,18,8,0.0,1
50,18,9,0.0,1
50,18,10,0.0,1
50,18,11,0.0,1
50,18,12,0.0,1
50,18,13,0.0,1
50,18,14,0.0,1
50,18,15,0.0,1
50,18,16,0.0,1
50,18,17,0.0,1
50,18,18,0.0,1
50,18,19,0.0,1
50,18,20,0.0,1
50,18,21,0.0,1
50,18,22,0.0,1
50,18,23,0.0,1
50,18,24,0.0,1
50,18,25,0.0,1
50,18,26,0.0,1
50,18,27,0.0,1
50,18,28,0.0,1
50,18,29,0.0,1
50,18,30,0.0,1
50,18,31,0.0,1
50,18,32,0.0,1
50,18,33,0.0,1
50,18,34,0.0,1
50,18,35,0.0,1
50,18,36,0.0,1
51,2,1,0.0,1
51,2,2,0.0,1
51,2,3,0.0,1
51,2,4,0.0,1
51,2,5,0.0,1
51,2,6,0.0,1
51,2,7,0.0,1
51,2,8,0.0,1
51,2,9,0.0,1
51,2,10,0.0,1
51,2,11,0.0,1
51,2,12,0.0,1
51,2,13,0.0,1
51,2,14,0.0,1
51,2,15,0.0,1
51,2,16,0.0,1
51,2,17,0.0,1
51,2,18,0.0,1
51,2,19,0.0,1
51,2,20,0.0,1
51,2,21,0.0,1
51,2,22,0.0,1
51,2,23,0.0,1
51,2,24,0.0,1
51,2,25,0.0,1
51,2,26,0.0,1
51,2,27,0.0,1
51,2,28,0.0,1
51,2,29,0.0,1
51,2,30,0.0,1
51,2,31,0.0,1
51,2,32,0.0,1
51,2,33,0.0,1
51,2,34,0.0,1
51,2,35,0.0,1
51,2,36,0.0,1
51,4,1,0.234375,7
51,4,2,0.0,7
51,4,3,0.0,7
51,4,4,0.09375,7
51,4,5,0.03125,7
51,4,6,0.0,7
51,4,7,0.375,7
51,4,8,0.46875,7
51,4,9,0.09375,7
51,4,10,0.0,7
51,4,11,0.0625,7
51,4,12,0.0625,7
51,4,13,0.0,7
51,4,14,0.0,7
51,4,15,0.28125,7
51,4,16,0.1875,7
51,4,17,0.10344827586206898,6
51,4,18,0.0,5
51,4,19,0.07692307692307693,5
51,4,20,0.0,5
51,4,21,0.0,5
51,4,22,0.0,4
51,4,23,0.125,4
51,4,24,0.125,4
51,4,25,0.0,4
51,4,26,0.0,3
51,4,27,0.0,3
51,4,28,0.0,3
51,4,29,0.0,3
51,4,30,0.0,3
51,4,31,0.0,3
51,4,32,0.0,3
51,4,33,0.0,2
51,4,34,0.0,1
51,4,35,0.0,1
51,4,36,0.0,1
51,5,1,0.09090909090909091,7
51,5,2,0.2727272727272727,7
51,5,3,0.18181818181818182,7
51,5,4,0.0,7
51,5,5,0.09090909090909091,7
51,5,6,0.09090909090909091,7
51,5,7,0.2727272727272727,7
51,5,8,0.13636363636363635,7
51,5,9,0.2727272727272727,7
51,5,10,0.2727272727272727,7
51,5,11,0.0,7
51,5,12,0.18181818181818182,7
51,5,13,0.0,7
51,5,14,0.09090909090909091,7
51,5,15,0.045454545454545456,7
51,5,16,0.09090909090909091,7
51,5,17,0.09090909090909091,7
51,5,18,0.09090909090909091,7
51,5,19,0.0,6
51,5,20,0.0,6
51,5,21,0.0,6
51,5,22,0.0,6
51,5,23,0.05,6
51,5,24,0.0,6
51,5,25,0.0,5
51,5,26,0.0,5
51,5,27,0.0,4
51,5,28,0.0,3
51,5,29,0.0,3
51,5,30,0.0,3
51,5,31,0.0,3
51,5,32,0.0,3
51,5,33,0.0,3
51,5,34,0.0,3
51,5,35,0.0,2
51,5,36,0.0,2
51,6,1,0.0,2
51,6,2,0.0,2
51,6,3,0.0,2
51,6,4,0.0,2
51,6,5,0.0,2
51,6,6,0.0,2
51,6,7,0.0,2
51,6,8,0.0,2
51,6,9,0.0,2
51,6,10,0.0,2
51,6,11,0.0,2
51,6,12,0.0,2
51,6,13,0.0,2
51,6,14,0.0,2
51,6,15,0.0,2
51,6,16,0.0,2
51,6,17,0.2,2
51,6,18,0.0,2
51,6,19,0.0,2
51,6,20,0.0,2
51,6,21,0.0,2
51,6,22,0.0,2
51,6,23,0.0,2
51,6,24,0.0,2
51,6,25,0.0,2
51,6,26,0.0,2
51,6,27,0.0,2
51,6,28,0.0,2
51,6,29,0.0,2
51,6,30,0.0,2
51,6,31,0.0,2
51,6,32,0.0,2
51,6,33,0.0,2
51,6,34,0.0,2
51,6,35,0.0,2
51,6,36,0.0,2
51,7,1,0.07999999999999999,6
51,7,2,0.0,6
51,7,3,0.026666666666666665,6
51,7,4,0.31999999999999995,6
51,7,5,0.12,6
51,7,6,0.0,6
51,7,7,0.0,6
51,7,8,0.12,6
51,7,9,0.15999999999999998,6
51,7,10,0.0,6
51,7,11,0.0,6
51,7,12,0.039999999999999994,6
51,7,13,0.24,6
51,7,14,0.07999999999999999,6
51,7,15,0.0,6
51,7,16,0.0,6
51,7,17,0.31999999999999995,6
51,7,18,0.07999999999999999,6
51,7,19,0.0,6
51,7,20,0.0,6
51,7,21,0.07999999999999999,6
51,7,22,0.0,6
51,7,23,0.0,6
51,7,24,0.0,6
51,7,25,0.0,6
51,7,26,0.0,6
51,7,27,0.0,6
51,7,28,0.0,6
51,7,29,0.0,6
51,7,30,0.0,6
51,7,31,0.0,6
51,7,32,0.0,6
51,7,33,0.0,6
51,7,34,0.0,6
51,7,35,0.0,6
51,7,36,0.0,6
51,8,1,0.1951219512195122,9
51,8,2,0.2368421052631579,8
51,8,3,0.02631578947368421,8
51,8,4,0.23437499999999997,7
51,8,5,0.06249999999999999,7
51,8,6,0.2758620689655172,6
51,8,7,0.5172413793103446,6
51,8,8,0.5217391304347826,5
51,8,9,0.14285714285714285,4
51,8,10,0.14285714285714285,4
51,8,11,0.2857142857142857,4
51,8,12,0.2857142857142857,4
51,8,13,0.2857142857142857,4
51,8,14,0.38095238095238093,4
51,8,15,0.4,3
51,8,16,0.0,2
51,8,17,0.3333333333333333,2
51,8,18,0.0,2
51,8,19,0.6666666666666666,2
51,8,20,0.1111111111111111,2
51,8,21,0.6666666666666666,2
51,8,22,0.0,2
51,8,23,0.5,1
51,8,24,0.0,1
51,8,25,1.0,1
51,8,26,0.0,1
51,8,27,0.5,1
51,8,28,0.0,1
51,9,1,0.26666666666666666,9
51,9,2,0.13333333333333333,9
51,9,3,0.06666666666666667,9
51,9,4,0.0,9
51,9,5,0.2,9
51,9,6,0.0,9
51,9,7,0.2,9
51,9,8,0.3333333333333333,9
51,9,9,0.2,9
51,9,10,0.2,9
51,9,11,0.13333333333333333,9
51,9,12,0.13333333333333333,9
51,9,13,0.03333333333333333,9
51,9,14,0.0,9
51,9,15,0.2,9
51,9,16,0.26666666666666666,9
51,9,17,0.2,9
51,9,18,0.0,9
51,9,19,0.13333333333333333,9
51,9,20,0.06666666666666667,9
51,9,21,0.06666666666666667,9
51,9,22,0.06666666666666667,9
51,9,23,0.0,9
51,9,24,0.16666666666666666,9
51,9,25,0.0,9
51,9,26,0.0,9
51,9,27,0.06666666666666667,9
51,9,28,0.0,9
51,9,29,0.06666666666666667,9
51,9,30,0.0,9
51,9,31,0.0,8
51,9,32,0.07142857142857142,8
51,9,33,0.0,8
51,9,34,0.0,8
51,9,35,0.0,8
51,9,36,0.0,8
51,13,1,0.2142857142857143,9
51,13,2,0.2142857142857143,9
51,13,3,0.234375,8
51,13,4,0.40625,8
51,13,5,0.2692307692307693,7
51,13,6,0.40384615384615385,7
51,13,7,0.4565217391304348,6
51,13,8,0.3043478260869565,6
51,13,9,0.2608695652173913,6
51,13,10,0.2647058823529412,5
51,13,11,0.45454545454545453,4
51,13,12,0.45454545454545453,4
51,13,13,0.4090909090909091,4
51,13,14,0.1875,3
51,13,15,0.3125,3
51,13,16,0.1875,3
51,13,17,0.7,2
51,13,18,0.0,1
51,13,19,0.5,1
51,13,20,0.0,1
51,13,21,0.5,1
51,14,1,0.22499999999999998,5
51,14,2,0.15,5
51,14,3,0.0,5
51,14,4,0.0,5
51,14,5,0.0,5
51,14,6,0.0,5
51,14,7,0.0,5
51,14,8,0.0,5
51,14,9,0.0,4
51,14,10,0.0,4
51,14,11,0.1111111111111111,4
51,14,12,0.0,4
51,14,13,0.0,4
51,14,14,0.0,4
51,14,15,0.0,4
51,14,16,0.0,4
51,14,17,0.0,4
51,14,18,0.0,4
51,14,19,0.0,4
51,14,20,0.0,3
51,14,21,0.0,3
51,14,22,0.0,3
51,14,23,0.5,3
51,14,24,0.25,3
51,14,25,0.25,3
51,14,26,0.0,3
51,14,27,0.0,3
51,14,28,0.0,3
51,14,29,0.0,3
51,14,30,0.0,3
51,14,31,0.0,3
51,14,32,0.0,3
51,14,33,0.0,3
51,14,34,0.16666666666666666,3
51,14,35,0.08333333333333333,3
51,14,36,0.08333333333333333,3
51,15,1,0.0,5
51,15,2,0.0,5
51,15,3,0.125,5
51,15,4,0.25,5
51,15,5,0.0,5
51,15,6,0.0,5
51,15,7,0.0,5
51,15,8,0.375,5
51,15,9,0.0,5
51,15,10,0.0,5
51,15,11,0.125,5
51,15,12,0.375,5
51,15,13,0.0,5
51,15,14,0.0,5
51,15,15,0.125,5
51,15,16,0.0,5
51,15,17,0.0,5
51,15,18,0.0,5
51,15,19,0.0,5
51,15,20,0.125,5
51,15,21,0.0,4
51,15,22,0.0,4
51,15,23,0.07142857142857142,4
51,15,24,0.0,3
51,15,25,0.0,3
51,15,26,0.0,3
51,15,27,0.0,3
51,15,28,0.0,3
51,15,29,0.0,3
51,15,30,0.0,3
51,15,31,0.0,3
51,15,32,0.0,2
51,15,33,0.0,2
51,15,34,0.0,2
51,15,35,0.0,2
51,15,36,0.0,1
51,16,1,0.18691588785046728,14
51,16,2,0.280373831775701,14
51,16,3,0.4049844236760125,14
51,16,4,0.16822429906542058,14
51,16,5,0.3551401869158879,14
51,16,6,0.19626168224299068,14
51,16,7,0.2710280373831776,14
51,16,8,0.25233644859813087,14
51,16,9,0.18224299065420563,14
51,16,10,0.2476635514018692,14
51,16,11,0.1588785046728972,14
51,16,12,0.21962616822429906,14
51,16,13,0.15887850467289721,14
51,16,14,0.14018691588785048,14
51,16,15,0.205607476635514,14
51,16,16,0.018691588785046728,14
51,16,17,0.14953271028037382,14
51,16,18,0.18224299065420563,14
51,16,19,0.06542056074766354,14
51,16,20,0.11214953271028039,14
51,16,21,0.07009345794392524,14
51,16,22,0.03271028037383177,14
51,16,23,0.018691588785046728,14
51,16,24,0.0,14
51,16,25,0.0,14
51,16,26,0.0,14
51,16,27,0.0,14
51,16,28,0.0,14
51,16,29,0.0,14
51,16,30,0.0,14
51,16,31,0.0,14
51,16,32,0.0,14
51,16,33,0.0,14
51,16,34,0.0,14
51,16,35,0.0,14
51,16,36,0.0,14
52,3,1,0.3333333333333333,6
52,3,2,0.0,6
52,3,3,0.0,6
52,3,4,0.2222222222222222,6
52,3,5,0.3333333333333333,6
52,3,6,0.1111111111111111,6
52,3,7,0.0,6
52,3,8,0.0,6
52,3,9,0.0,6
52,3,10,0.0,6
52,3,11,0.0,6
52,3,12,0.0,6
52,3,13,0.0,6
52,3,14,0.0,6
52,3,15,0.0,6
52,3,16,0.0,6
52,3,17,0.0,6
52,3,18,0.05555555555555555,6
52,3,19,0.1111111111111111,6
52,3,20,0.0,6
52,3,21,0.0,6
52,3,22,0.0,5
52,3,23,0.125,5
52,3,24,0.125,5
52,3,25,0.0,5
52,3,26,0.0625,5
52,3,27,0.0,5
52,3,28,0.0,5
52,3,29,0.0,5
52,3,30,0.0,5
52,3,31,0.0,5
52,3,32,0.0,5
52,3,33,0.0,5
52,3,34,0.0,5
52,3,35,0.0,5
52,3,36,0.0,5
52,4,1,0.0,5
52,4,2,0.0,5
52,4,3,0.0,5
52,4,4,0.2222222222222222,5
52,4,5,0.0,5
52,4,6,0.0,5
52,4,7,0.0,4
52,4,8,0.0,4
52,4,9,0.2857142857142857,4
52,4,10,0.0,4
52,4,11,0.0,3
52,4,12,0.0,3
52,4,13,0.2,3
52,4,14,0.0,3
52,4,15,0.0,3
52,4,16,0.0,3
52,4,17,0.0,3
52,4,18,0.0,3
52,4,19,0.0,3
52,4,20,0.2,3
52,4,21,0.0,3
52,4,22,0.2,3
52,4,23,0.0,3
52,4,24,0.2,3
52,4,25,0.0,3
52,4,26,0.0,3
52,4,27,0.0,3
52,4,28,0.0,3
52,4,29,0.0,3
52,4,30,0.0,3
52,4,31,0.0,2
52,4,32,0.0,2
52,4,33,0.5,2
52,4,34,0.0,2
52,4,35,0.0,2
52,4,36,0.0,2
52,5,1,0.16666666666666666,3
52,5,2,0.0,3
52,5,3,0.0,3
52,5,4,0.0,3
52,5,5,0.0,3
52,5,6,0.0,3
52,5,7,0.0,3
52,5,8,0.0,3
52,5,9,0.0,3
52,5,10,0.0,3
52,5,11,0.0,3
52,5,12,0.0,2
52,5,13,0.0,2
52,5,14,0.0,2
52,5,15,0.0,2
52,5,16,0.0,2
52,5,17,0.0,2
52,5,18,0.0,2
52,5,19,0.0,2
52,5,20,0.0,2
52,5,21,0.0,2
52,5,22,0.25,2
52,5,23,0.25,2
52,5,24,0.0,2
52,5,25,0.0,2
52,5,26,0.0,2
52,5,27,0.0,2
52,5,28,0.0,2
52,5,29,0.0,2
52,5,30,0.0,2
52,5,31,0.0,2
52,5,32,0.0,2
52,5,33,0.0,2
52,5,34,0.0,1
52,7,1,0.0,5
52,7,2,0.25,5
52,7,3,0.125,5
52,7,4,0.1875,5
52,7,5,0.125,5
52,7,6,0.0,5
52,7,7,0.125,5
52,7,8,0.125,5
52,7,9,0.125,5
52,7,10,0.0,5
52,7,11,0.25,5
52,7,12,0.0,5
52,7,13,0.25,5
52,7,14,0.0,5
52,7,15,0.0,5
52,7,16,0.0,5
52,7,17,0.0,5
52,7,18,0.0,5
52,7,19,0.0,4
52,7,20,0.0,4
52,7,21,0.0,3
52,7,22,0.0,3
52,7,23,0.0,3
52,7,24,0.0,2
52,7,25,0.0,2
52,7,26,0.0,2
52,7,27,0.0,2
52,7,28,0.0,1
52,7,29,0.0,1
52,7,30,0.0,1
52,7,31,0.0,1
52,8,1,0.25,10
52,8,2,0.14285714285714285,10
52,8,3,0.03571428571428571,10
52,8,4,0.16666666666666666,9
52,8,5,0.3333333333333333,9
52,8,6,0.2916666666666667,9
52,8,7,0.041666666666666664,9
52,8,8,0.0,9
52,8,9,0.08333333333333333,9
52,8,10,0.45454545454545453,8
52,8,11,0.45454545454545453,8
52,8,12,0.18181818181818182,8
52,8,13,0.09090909090909091,8
52,8,14,0.05555555555555555,7
52,8,15,0.35714285714285715,6
52,8,16,0.5,5
52,8,17,0.25,5
52,8,18,0.0,5
52,8,19,0.0,5
52,8,20,0.1,4
52,8,21,0.5,4
52,8,22,0.0,4
52,8,23,0.2,4
52,8,24,0.0,4
52,8,25,0.0,3
52,8,26,0.3333333333333333,3
52,8,27,0.5,2
52,8,28,0.0,2
52,8,29,0.0,2
52,8,30,0.0,1
52,9,1,0.4,13
52,9,2,0.36,13
52,9,3,0.2,13
52,9,4,0.4,13
52,9,5,0.36,13
52,9,6,0.32,13
52,9,7,0.32,13
52,9,8,0.28,13
52,9,9,0.28,13
52,9,10,0.28,13
52,9,11,0.32,13
52,9,12,0.28,13
52,9,13,0.24,13
52,9,14,0.28,13
52,9,15,0.24,13
52,9,16,0.24,13
52,9,17,0.16,13
52,9,18,0.08,13
52,9,19,0.04,13
52,9,20,0.08,13
52,9,21,0.16,13
52,9,22,0.08,13
52,9,23,0.08,13
52,9,24,0.0,13
52,9,25,0.04,13
52,9,26,0.0,13
52,9,27,0.08,13
52,9,28,0.08,13
52,9,29,0.08,13
52,9,30,0.0,13
52,9,31,0.0,13
52,9,32,0.0,13
52,9,33,0.0,13
52,9,34,0.0,13
52,9,35,0.0,13
52,9,36,0.0,13
52,10,1,0.25,5
52,10,2,0.0,5
52,10,3,0.125,5
52,10,4,0.0,5
52,10,5,0.0,5
52,10,6,0.0,5
52,10,7,0.0,5
52,10,8,0.125,5
52,10,9,0.25,5
52,10,10,0.125,5
52,10,11,0.0,5
52,10,12,0.25,5
52,10,13,0.25,5
52,10,14,0.0,5
52,10,15,0.0,5
52,10,16,0.0,5
52,10,17,0.0,5
52,10,18,0.0625,5
52,10,19,0.0,5
52,10,20,0.0,5
52,10,21,0.125,5
52,10,22,0.0,5
52,10,23,0.0,5
52,10,24,0.0,5
52,10,25,0.0,5
52,10,26,0.0,5
52,10,27,0.0,5
52,10,28,0.0,4
52,10,29,0.0,4
52,10,30,0.0,4
52,10,31,0.0,4
52,10,32,0.0,4
52,10,33,0.0,4
52,10,34,0.0,4
52,10,35,0.0,4
52,10,36,0.0,3
52,11,1,0.0,2
52,11,2,0.0,2
52,11,3,0.0,2
52,11,4,0.0,2
52,11,5,0.0,2
52,11,6,0.0,2
52,11,7,0.0,2
52,11,8,0.0,2
52,11,9,0.0,2
52,11,10,0.3333333333333333,2
52,11,11,0.0,2
52,11,12,0.0,2
52,11,13,0.0,2
52,11,14,0.0,2
52,11,15,0.0,2
52,11,16,0.0,2
52,11,17,0.0,2
52,11,18,0.0,2
52,11,19,0.0,2
52,11,20,0.0,2
52,11,21,0.0,2
52,11,22,0.0,2
52,11,23,0.0,2
52,11,24,0.0,2
52,11,25,0.0,2
52,11,26,0.0,2
52,11,27,0.0,2
52,11,28,0.0,2
52,11,29,0.0,2
52,11,30,0.0,2
52,11,31,0.0,2
52,11,32,0.0,2
52,11,33,0.0,2
52,11,34,0.0,2
52,11,35,0.0,2
52,11,36,0.0,2
52,13,1,0.0,3
52,13,2,0.0,3
52,13,3,0.0,2
52,13,4,0.0,2
52,13,5,0.0,2
52,13,6,0.0,2
52,13,7,0.0,2
52,13,8,0.0,2
52,13,9,0.0,2
52,13,10,0.75,2
52,13,11,0.0,2
52,13,12,0.0,2
52,13,13,0.0,1
52,13,14,0.0,1
52,13,15,0.0,1
52,13,16,0.0,1
52,13,17,0.0,1
52,13,18,0.0,1
52,13,19,0.0,1
52,13,20,1.0,1
52,13,21,0.0,1
52,13,22,0.0,1
52,14,1,0.0,8
52,14,2,0.0,8
52,14,3,0.0,8
52,14,4,0.14285714285714285,8
52,14,5,0.25,7
52,14,6,0.16666666666666666,7
52,14,7,0.0,7
52,14,8,0.0,7
52,14,9,0.0,6
52,14,10,0.1,6
52,14,11,0.1,6
52,14,12,0.1,6
52,14,13,0.0,6
52,14,14,0.0,6
52,14,15,0.0,6
52,14,16,0.2,6
52,14,17,0.3,6
52,14,18,0.0,6
52,14,19,0.0,6
52,14,20,0.0,6
52,14,21,0.3,6
52,14,22,0.25,6
52,14,23,0.0,6
52,14,24,0.0,6
52,14,25,0.0,6
52,14,26,0.0,5
52,14,27,0.2222222222222222,5
52,14,28,0.0,5
52,14,29,0.2222222222222222,5
52,14,30,0.0,5
52,14,31,0.0,5
52,14,32,0.0,5
52,14,33,0.3333333333333333,5
52,14,34,0.2222222222222222,5
52,14,35,0.0,5
52,14,36,0.0,5
52,15,1,0.0,5
52,15,2,0.0,5
52,15,3,0.0,5
52,15,4,0.0,5
52,15,5,0.0,5
52,15,6,0.0,4
52,15,7,0.0,4
52,15,8,0.0,4
52,15,9,0.0,4
52,15,10,0.0,4
52,15,11,0.2857142857142857,4
52,15,12,0.14285714285714285,4
52,15,13,0.0,4
52,15,14,0.0,4
52,15,15,0.0,4
52,15,16,0.14285714285714285,4
52,15,17,0.0,4
52,15,18,0.0,3
52,15,19,0.2,3
52,15,20,0.0,3
52,15,21,0.0,3
52,15,22,0.0,3
52,15,23,0.2,3
52,15,24,0.0,3
52,15,25,0.0,3
52,15,26,0.0,3
52,15,27,0.2,3
52,15,28,0.0,3
52,15,29,0.0,2
52,15,30,0.0,2
52,15,31,0.0,2
52,15,32,0.0,2
52,15,33,0.0,2
52,15,34,0.0,2
52,15,35,0.6666666666666666,2
52,15,36,0.0,2
52,18,1,0.0,1
52,18,2,0.0,1
52,18,3,0.0,1
52,18,4,0.0,1
52,18,5,0.0,1
52,18,6,0.0,1
52,18,7,0.0,1
52,18,8,0.0,1
52,18,9,0.0,1
52,18,10,0.0,1
52,18,11,0.0,1
52,18,12,0.0,1
52,18,13,0.0,1
52,18,14,0.0,1
52,18,15,0.0,1
52,18,16,0.0,1
52,18,17,0.0,1
52,18,18,0.0,1
52,18,19,0.0,1
52,18,20,0.0,1
52,18,21,0.0,1
52,18,22,0.0,1
52,18,23,0.0,1
52,18,24,0.0,1
52,18,25,0.0,1
52,18,26,0.0,1
52,18,27,0.0,1
52,18,28,0.0,1
52,18,29,0.0,1
52,18,30,0.0,1
52,18,31,0.0,1
52,18,32,0.0,1
52,18,33,0.0,1
52,18,34,0.0,1
52,18,35,0.0,1
52,18,36,0.0,1
53,3,1,0.23076923076923078,10
53,3,2,0.15384615384615385,10
53,3,3,0.15384615384615385,10
53,3,4,0.3076923076923077,10
53,3,5,0.19230769230769232,10
53,3,6,0.038461538461538464,10
53,3,7,0.07692307692307693,10
53,3,8,0.07692307692307693,10
53,3,9,0.07692307692307693,10
53,3,10,0.0,10
53,3,11,0.038461538461538464,10
53,3,12,0.038461538461538464,10
53,3,13,0.0,10
53,3,14,0.11538461538461539,10
53,3,15,0.07692307692307693,10
53,3,16,0.07692307692307693,10
53,3,17,0.07692307692307693,10
53,3,18,0.038461538461538464,10
53,3,19,0.07692307692307693,10
53,3,20,0.038461538461538464,10
53,3,21,0.125,9
53,3,22,0.0,9
53,3,23,0.09090909090909091,8
53,3,24,0.0,8
53,3,25,0.13636363636363635,8
53,3,26,0.045454545454545456,8
53,3,27,0.09090909090909091,8
53,3,28,0.045454545454545456,8
53,3,29,0.09090909090909091,8
53,3,30,0.09090909090909091,8
53,3,31,0.09090909090909091,8
53,3,32,0.13636363636363635,8
53,3,33,0.0,8
53,3,34,0.045454545454545456,8
53,3,35,0.0,7
53,3,36,0.0,7
53,7,1,0.0,4
53,7,2,0.0,4
53,7,3,0.0,4
53,7,4,0.2,4
53,7,5,0.0,4
53,7,6,0.0,4
53,7,7,0.2,4
53,7,8,0.0,4
53,7,9,0.0,4
53,7,10,0.0,4
53,7,11,0.1,4
53,7,12,0.0,4
53,7,13,0.0,4
53,7,14,0.0,4
53,7,15,0.0,4
53,7,16,0.0,4
53,7,17,0.0,4
53,7,18,0.0,4
53,7,19,0.0,4
53,7,20,0.0,4
53,7,21,0.1,4
53,7,22,0.0,4
53,7,23,0.0,4
53,7,24,0.0,4
53,7,25,0.0,4
53,7,26,0.0,4
53,7,27,0.0,4
53,7,28,0.2,4
53,7,29,0.0,4
53,7,30,0.0,4
53,7,31,0.0,4
53,7,32,0.1,4
53,7,33,0.0,4
53,7,34,0.0,4
53,7,35,0.0,3
53,7,36,0.0,3
53,8,1,0.6363636363636364,12
53,8,2,0.45,11
53,8,3,0.5,10
53,8,4,0.625,9
53,8,5,0.78125,9
53,8,6,0.5333333333333333,8
53,8,7,0.5384615384615384,7
53,8,8,0.8181818181818182,6
53,8,9,0.7777777777777778,5
53,8,10,0.6666666666666666,5
53,8,11,0.375,4
53,8,12,0.3333333333333333,3
53,8,13,0.6666666666666666,3
53,8,14,0.6666666666666666,3
53,8,15,0.6666666666666666,3
53,8,16,0.5,2
53,8,17,0.0,1
53,8,18,0.0,1
53,8,19,0.0,1
53,8,20,0.0,1
53,8,21,0.0,1
53,8,22,0.0,1
53,8,23,0.0,1
53,8,24,0.0,1
53,8,25,0.0,1
53,8,26,0.0,1
53,8,27,0.0,1
53,8,28,1.0,1
53,8,29,1.0,1
53,8,30,0.0,1
53,8,31,0.0,1
53,8,32,0.0,1
53,8,33,1.0,1
53,8,34,0.5,1
53,8,35,0.0,1
53,8,36,1.0,1
53,9,1,0.7272727272727273,23
53,9,2,0.7045454545454546,23
53,9,3,0.6363636363636364,23
53,9,4,0.6818181818181818,23
53,9,5,0.6590909090909091,23
53,9,6,0.5909090909090909,23
53,9,7,0.6136363636363636,23
53,9,8,0.5227272727272727,23
53,9,9,0.5340909090909091,23
53,9,10,0.4772727272727273,23
53,9,11,0.5,23
53,9,12,0.45454545454545453,23
53,9,13,0.4090909090909091,23
53,9,14,0.38636363636363635,23
53,9,15,0.36363636363636365,23
53,9,16,0.36363636363636365,23
53,9,17,0.3409090909090909,23
53,9,18,0.25,23
53,9,19,0.25,23
53,9,20,0.20454545454545456,23
53,9,21,0.20454545454545456,23
53,9,22,0.11363636363636363,23
53,9,23,0.13636363636363635,23
53,9,24,0.11363636363636363,23
53,9,25,0.06818181818181818,23
53,9,26,0.045454545454545456,23
53,9,27,0.0,23
53,9,28,0.045454545454545456,23
53,9,29,0.0,23
53,9,30,0.045454545454545456,23
53,9,31,0.045454545454545456,23
53,9,32,0.022727272727272728,23
53,9,33,0.0,23
53,9,34,0.0,23
53,9,35,0.0,23
53,9,36,0.0,23
53,13,1,0.0,2
53,13,2,0.0,2
53,13,3,0.0,2
53,13,4,0.3333333333333333,2
53,13,5,0.0,2
53,13,6,0.0,2
53,13,7,0.0,2
53,13,8,0.0,2
53,13,9,0.0,2
53,13,10,0.0,1
53,13,11,0.0,1
53,13,12,0.0,1
53,13,13,0.0,1
53,14,1,0.5862068965517241,17
53,14,2,0.4482758620689655,17
53,14,3,0.5,17
53,14,4,0.3103448275862069,17
53,14,5,0.26785714285714285,16
53,14,6,0.25,16
53,14,7,0.2857142857142857,16
53,14,8,0.35714285714285715,16
53,14,9,0.2857142857142857,16
53,14,10,0.39285714285714285,16
53,14,11,0.5,16
53,14,12,0.39285714285714285,16
53,14,13,0.375,16
53,14,14,0.32142857142857145,16
53,14,15,0.23214285714285715,16
53,14,16,0.16071428571428573,16
53,14,17,0.07142857142857142,16
53,14,18,0.09259259259259259,15
53,14,19,0.12,14
53,14,20,0.06521739130434782,13
53,14,21,0.13636363636363635,12
53,14,22,0.2,11
53,14,23,0.225,11
53,14,24,0.25,11
53,14,25,0.2222222222222222,10
53,14,26,0.1111111111111111,10
53,14,27,0.05555555555555555,10
53,14,28,0.0625,9
53,14,29,0.0,8
53,14,30,0.0,7
53,14,31,0.05,6
53,14,32,0.0,5
53,14,33,0.0,4
53,14,34,0.0,4
53,14,35,0.0,4
53,14,36,0.1,3
54,3,1,0.05172413793103449,8
54,3,2,0.034482758620689655,8
54,3,3,0.0,8
54,3,4,0.10344827586206898,8
54,3,5,0.20689655172413796,8
54,3,6,0.10344827586206898,8
54,3,7,0.0,8
54,3,8,0.06896551724137931,8
54,3,9,0.0,8
54,3,10,0.08620689655172413,8
54,3,11,0.10344827586206898,8
54,3,12,0.13793103448275862,8
54,3,13,0.034482758620689655,8
54,3,14,0.0,8
54,3,15,0.06896551724137931,8
54,3,16,0.10344827586206898,8
54,3,17,0.10344827586206898,8
54,3,18,0.10344827586206898,8
54,3,19,0.0,8
54,3,20,0.0,8
54,3,21,0.0,8
54,3,22,0.10344827586206898,8
54,3,23,0.25862068965517243,8
54,3,24,0.034482758620689655,8
54,3,25,0.0,8
54,3,26,0.0,8
54,3,27,0.10344827586206898,8
54,3,28,0.10344827586206898,8
54,3,29,0.0,8
54,3,30,0.0,8
54,3,31,0.0,7
54,3,32,0.0,7
54,3,33,0.0,7
54,3,34,0.057692307692307696,7
54,3,35,0.0,7
54,3,36,0.0,7
54,5,1,0.0,1
54,5,2,0.0,1
54,5,3,0.0,1
54,5,4,0.0,1
54,5,5,0.0,1
54,5,6,0.0,1
54,5,7,0.0,1
54,5,8,0.0,1
54,5,9,0.0,1
54,5,10,0.0,1
54,5,11,0.0,1
54,5,12,0.0,1
54,5,13,0.0,1
54,5,14,0.0,1
54,5,15,0.0,1
54,5,16,0.0,1
54,5,17,0.0,1
54,5,18,0.0,1
54,5,19,0.0,1
54,5,20,0.0,1
54,5,21,0.0,1
54,7,1,0.0,1
54,7,2,0.0,1
54,7,3,0.0,1
54,7,4,0.0,1
54,7,5,0.0,1
54,7,6,0.0,1
54,7,7,0.0,1
54,7,8,0.0,1
54,7,9,0.0,1
54,7,10,0.0,1
54,7,11,0.0,1
54,7,12,0.0,1
54,7,13,0.0,1
54,7,14,0.0,1
54,7,15,0.0,1
54,7,16,0.0,1
54,7,17,0.0,1
54,7,18,0.0,1
54,7,19,0.0,1
54,7,20,0.0,1
54,7,21,0.0,1
54,7,22,0.0,1
54,7,23,0.0,1
54,7,24,0.0,1
54,7,25,0.0,1
54,7,26,0.0,1
54,7,27,0.0,1
54,7,28,0.0,1
54,7,29,0.0,1
54,7,30,0.0,1
54,7,31,0.0,1
54,7,32,0.0,1
54,7,33,0.0,1
54,7,34,0.0,1
54,7,35,0.0,1
54,7,36,0.0,1
54,8,1,0.6363636363636364,24
54,8,2,0.5714285714285714,23
54,8,3,0.55,22
54,8,4,0.5,22
54,8,5,0.5131578947368421,21
54,8,6,0.4305555555555556,20
54,8,7,0.47058823529411764,19
54,8,8,0.65625,18
54,8,9,0.71875,18
54,8,10,0.6451612903225806,17
54,8,11,0.6724137931034483,16
54,8,12,0.7407407407407407,15
54,8,13,0.66,14
54,8,14,0.5652173913043478,13
54,8,15,0.42857142857142855,12
54,8,16,0.5263157894736842,11
54,8,17,0.6470588235294118,10
54,8,18,0.6176470588235294,10
54,8,19,0.5882352941176471,10
54,8,20,0.7647058823529411,10
54,8,21,0.8823529411764706,10
54,8,22,0.8823529411764706,10
54,8,23,0.625,9
54,8,24,0.6071428571428571,8
54,8,25,0.5833333333333334,7
54,8,26,0.5833333333333334,7
54,8,27,0.4,6
54,8,28,0.5555555555555556,5
54,8,29,1.0,4
54,8,30,0.8571428571428571,4
54,8,31,1.0,4
54,8,32,0.7142857142857143,4
54,8,33,0.5714285714285714,4
54,8,34,1.0,3
54,8,35,0.5,3
54,8,36,0.0,2
54,9,1,0.07142857142857142,9
54,9,2,0.07142857142857142,9
54,9,3,0.03571428571428571,9
54,9,4,0.21428571428571427,9
54,9,5,0.35714285714285715,9
54,9,6,0.0,9
54,9,7,0.2857142857142857,9
54,9,8,0.10714285714285714,9
54,9,9,0.21428571428571427,9
54,9,10,0.07142857142857142,9
54,9,11,0.0,9
54,9,12,0.2857142857142857,9
54,9,13,0.07142857142857142,9
54,9,14,0.21428571428571427,9
54,9,15,0.03571428571428571,9
54,9,16,0.07142857142857142,9
54,9,17,0.21428571428571427,9
54,9,18,0.03571428571428571,9
54,9,19,0.07142857142857142,9
54,9,20,0.0,9
54,9,21,0.21428571428571427,9
54,9,22,0.14285714285714285,9
54,9,23,0.03571428571428571,9
54,9,24,0.0,9
54,9,25,0.0,9
54,9,26,0.17857142857142858,9
54,9,27,0.0,9
54,9,28,0.0,9
54,9,29,0.0,9
54,9,30,0.07142857142857142,9
54,9,31,0.0,9
54,9,32,0.0,9
54,9,33,0.0,9
54,9,34,0.0,9
54,9,35,0.0,9
54,9,36,0.0,9
54,10,1,0.0,2
54,10,2,0.0,2
54,10,3,0.0,2
54,10,4,0.0,2
54,10,5,0.0,2
54,10,6,0.0,2
54,10,7,0.0,2
54,10,8,0.0,2
54,10,9,0.0,2
54,10,10,0.0,2
54,10,11,0.0,2
54,10,12,0.0,2
54,10,13,0.0,2
54,10,14,0.0,2
54,10,15,0.0,2
54,10,16,0.0,2
54,10,17,0.0,2
54,10,18,0.0,2
54,10,19,0.0,2
54,10,20,0.0,2
54,10,21,0.0,2
54,10,22,0.0,2
54,10,23,0.0,2
54,10,24,0.0,2
54,10,25,0.0,2
54,10,26,0.0,2
54,10,27,0.0,2
54,10,28,0.0,2
54,10,29,0.0,2
54,10,30,0.0,1
54,10,31,0.0,1
54,10,32,0.5,1
54,10,33,0.0,1
54,10,34,0.0,1
54,10,35,0.0,1
54,10,36,0.0,1
54,11,1,0.2857142857142857,4
54,11,2,0.0,4
54,11,3,0.14285714285714285,4
54,11,4,0.14285714285714285,4
54,11,5,0.0,4
54,11,6,0.0,4
54,11,7,0.0,4
54,11,8,0.0,4
54,11,9,0.14285714285714285,4
54,11,10,0.0,4
54,11,11,0.0,4
54,11,12,0.2857142857142857,4
54,11,13,0.2857142857142857,4
54,11,14,0.0,4
54,11,15,0.0,4
54,11,16,0.0,4
54,11,17,0.0,4
54,11,18,0.0,4
54,11,19,0.0,4
54,11,20,0.0,4
54,11,21,0.0,4
54,11,22,0.0,4
54,11,23,0.0,4
54,11,24,0.0,4
54,11,25,0.0,4
54,11,26,0.0,4
54,11,27,0.0,4
54,11,28,0.0,4
54,11,29,0.0,4
54,11,30,0.0,4
54,11,31,0.0,4
54,11,32,0.0,4
54,11,33,0.0,4
54,11,34,0.0,4
54,11,35,0.0,4
54,11,36,0.0,4
54,14,1,0.3641304347826087,19
54,14,2,0.2608695652173913,19
54,14,3,0.42934782608695654,19
54,14,4,0.24456521739130438,19
54,14,5,0.2608695652173913,19
54,14,6,0.32608695652173914,19
54,14,7,0.18478260869565216,19
54,14,8,0.24456521739130438,19
54,14,9,0.27717391304347827,19
54,14,10,0.2282608695652174,19
54,14,11,0.29891304347826086,19
54,14,12,0.22282608695652176,19
54,14,13,0.32608695652173914,19
54,14,14,0.31521739130434784,19
54,14,15,0.07608695652173912,19
54,14,16,0.2065217391304348,19
54,14,17,0.34782608695652173,19
54,14,18,0.12209302325581396,18
54,14,19,0.20625000000000002,17
54,14,20,0.35714285714285715,16
54,14,21,0.19014084507042256,15
54,14,22,0.2746478873239437,15
54,14,23,0.3028169014084507,15
54,14,24,0.09859154929577467,15
54,14,25,0.12676056338028172,15
54,14,26,0.12676056338028172,15
54,14,27,0.08450704225352114,15
54,14,28,0.12676056338028172,15
54,14,29,0.16901408450704228,15
54,14,30,0.19014084507042256,15
54,14,31,0.17647058823529413,14
54,14,32,0.048387096774193554,13
54,14,33,0.19354838709677422,13
54,14,34,0.1774193548387097,13
54,14,35,0.12500000000000003,12
54,14,36,0.14285714285714288,12
54,15,1,0.0,3
54,15,2,0.0,3
54,15,3,0.0,3
54,15,4,0.0,3
54,15,5,0.0,3
54,15,6,0.16666666666666666,3
54,15,7,0.0,3
54,15,8,0.0,3
54,15,9,0.0,3
54,15,10,0.0,3
54,15,11,0.0,3
54,15,12,0.0,3
54,15,13,0.0,3
54,15,14,0.0,3
54,15,15,0.0,3
54,15,16,0.0,3
54,15,17,0.0,3
54,15,18,0.0,3
54,15,19,0.0,3
54,15,20,0.0,3
54,15,21,0.0,3
54,15,22,0.0,3
54,15,23,0.0,3
54,15,24,0.0,3
54,15,25,0.16666666666666666,3
54,15,26,0.0,3
54,15,27,0.0,3
54,15,28,0.0,3
54,15,29,0.0,3
54,15,30,0.0,3
54,15,31,0.16666666666666666,3
54,15,32,0.0,3
54,15,33,0.0,2
54,15,34,0.0,2
54,15,35,0.0,2
54,15,36,0.0,2
55,2,1,0.0,3
55,2,2,0.0,3
55,2,3,0.0,3
55,2,4,0.0,3
55,2,5,0.0,3
55,2,6,0.0,3
55,2,7,0.0,3
55,2,8,0.0,3
55,2,9,0.0,3
55,2,10,0.0,3
55,2,11,0.0,3
55,2,12,0.0,3
55,2,13,0.0,3
55,2,14,0.0,3
55,2,15,0.0,3
55,2,16,0.0,3
55,2,17,0.0,3
55,2,18,0.0,3
55,2,19,0.3333333333333333,3
55,2,20,0.0,3
55,2,21,0.0,3
55,2,22,0.0,3
55,2,23,0.3333333333333333,3
55,2,24,0.0,3
55,2,25,0.0,2
55,2,26,0.0,2
55,2,27,0.0,2
55,2,28,0.0,2
55,2,29,0.0,2
55,2,30,0.0,2
55,2,31,0.0,2
55,2,32,0.0,2
55,2,33,0.0,2
55,2,34,0.0,2
55,2,35,0.0,2
55,2,36,0.0,2
55,4,1,0.0,2
55,4,2,0.0,2
55,4,3,0.0,2
55,4,4,0.0,2
55,4,5,0.0,2
55,4,6,0.0,2
55,4,7,0.0,2
55,4,8,0.0,2
55,4,9,0.0,2
55,4,10,0.0,2
55,4,11,0.0,2
55,4,12,0.0,2
55,4,13,0.0,2
55,4,14,0.0,2
55,4,15,0.0,2
55,4,16,0.3333333333333333,2
55,4,17,0.0,2
55,4,18,0.0,2
55,4,19,0.0,2
55,4,20,0.0,2
55,4,21,0.0,2
55,4,22,0.0,2
55,4,23,0.0,2
55,4,24,0.0,2
55,4,25,0.0,2
55,4,26,0.0,2
55,4,27,0.0,2
55,4,28,0.0,2
55,4,29,0.0,2
55,4,30,0.0,2
55,4,31,0.0,2
55,4,32,0.0,2
55,4,33,0.0,2
55,4,34,0.0,2
55,4,35,0.0,2
55,4,36,0.0,2
55,5,1,0.17647058823529413,9
55,5,2,0.29411764705882354,9
55,5,3,0.375,8
55,5,4,0.0,7
55,5,5,0.14285714285714285,7
55,5,6,0.0,7
55,5,7,0.0,7
55,5,8,0.14285714285714285,7
55,5,9,0.0,7
55,5,10,0.14285714285714285,7
55,5,11,0.42857142857142855,7
55,5,12,0.07142857142857142,7
55,5,13,0.2857142857142857,7
55,5,14,0.5,7
55,5,15,0.08333333333333333,6
55,5,16,0.3333333333333333,6
55,5,17,0.3,5
55,5,18,0.0,4
55,5,19,0.5,4
55,5,20,0.0,3
55,5,21,0.3333333333333333,3
55,5,22,0.3333333333333333,3
55,5,23,0.0,3
55,5,24,0.6666666666666666,3
55,5,25,0.5,3
55,5,26,0.0,3
55,5,27,0.3333333333333333,3
55,5,28,0.0,2
55,5,29,0.0,2
55,5,30,0.0,2
55,5,31,0.0,2
55,5,32,0.0,2
55,5,33,0.5,2
55,5,34,0.0,2
55,5,35,1.0,2
55,5,36,0.75,2
55,6,1,0.0,6
55,6,2,0.0,6
55,6,3,0.1,6
55,6,4,0.1,6
55,6,5,0.0,6
55,6,6,0.2,6
55,6,7,0.0,6
55,6,8,0.0,6
55,6,9,0.0,6
55,6,10,0.2,6
55,6,11,0.0,6
55,6,12,0.0,6
55,6,13,0.05,6
55,6,14,0.2,6
55,6,15,0.0,6
55,6,16,0.1,6
55,6,17,0.1,6
55,6,18,0.0,6
55,6,19,0.2,6
55,6,20,0.2,6
55,6,21,0.0,6
55,6,22,0.0,6
55,6,23,0.1,6
55,6,24,0.0,6
55,6,25,0.0,6
55,6,26,0.0,6
55,6,27,0.0,6
55,6,28,0.0,6
55,6,29,0.1,6
55,6,30,0.0,6
55,6,31,0.0,6
55,6,32,0.0,6
55,6,33,0.25,5
55,6,34,0.0,5
55,6,35,0.0,5
55,6,36,0.0,5
55,7,1,0.09523809523809523,8
55,7,2,0.19047619047619047,8
55,7,3,0.23809523809523808,8
55,7,4,0.023809523809523808,8
55,7,5,0.09523809523809523,8
55,7,6,0.14285714285714285,8
55,7,7,0.023809523809523808,8
55,7,8,0.047619047619047616,8
55,7,9,0.14285714285714285,8
55,7,10,0.047619047619047616,8
55,7,11,0.047619047619047616,8
55,7,12,0.0,8
55,7,13,0.0,7
55,7,14,0.11764705882352941,7
55,7,15,0.029411764705882353,7
55,7,16,0.23529411764705882,7
55,7,17,0.11764705882352941,7
55,7,18,0.0,7
55,7,19,0.23529411764705882,7
55,7,20,0.0,7
55,7,21,0.0,7
55,7,22,0.0,7
55,7,23,0.0625,6
55,7,24,0.0,6
55,7,25,0.125,6
55,7,26,0.0,6
55,7,27,0.0,5
55,7,28,0.0,5
55,7,29,0.2,4
55,7,30,0.0,3
55,7,31,0.125,3
55,7,32,0.5,2
55,7,33,0.0,2
55,7,34,0.25,2
55,7,35,0.0,2
55,7,36,0.0,2
55,8,1,0.09090909090909091,6
55,8,2,0.0,5
55,8,3,0.1111111111111111,5
55,8,4,0.2222222222222222,5
55,8,5,0.25,4
55,8,6,0.16666666666666666,3
55,8,7,0.0,3
55,8,8,0.0,3
55,8,9,0.3333333333333333,3
55,8,10,0.0,3
55,8,11,0.5,2
55,8,12,0.0,2
55,8,13,0.0,2
55,8,14,0.0,2
55,8,15,0.0,2
55,8,16,0.5,2
55,8,17,0.25,2
55,8,18,0.0,2
55,8,19,0.0,2
55,8,20,0.5,2
55,8,21,0.0,2
55,8,22,0.0,1
55,8,23,0.0,1
55,8,24,1.0,1
55,8,25,0.0,1
55,8,26,0.0,1
55,8,27,0.0,1
55,8,28,0.0,1
55,8,29,0.0,1
55,8,30,0.0,1
55,8,31,0.0,1
55,8,32,0.0,1
55,8,33,0.0,1
55,8,34,0.0,1
55,8,35,1.0,1
55,8,36,0.0,1
55,9,1,0.22857142857142856,7
55,9,2,0.17142857142857143,7
55,9,3,0.3142857142857143,7
55,9,4,0.17142857142857143,7
55,9,5,0.08571428571428572,7
55,9,6,0.08571428571428572,7
55,9,7,0.08571428571428572,7
55,9,8,0.02857142857142857,7
55,9,9,0.0,7
55,9,10,0.17142857142857143,7
55,9,11,0.14285714285714285,7
55,9,12,0.17142857142857143,7
55,9,13,0.22857142857142856,7
55,9,14,0.22857142857142856,7
55,9,15,0.0,7
55,9,16,0.17142857142857143,7
55,9,17,0.17142857142857143,7
55,9,18,0.0,7
55,9,19,0.0,7
55,9,20,0.0,7
55,9,21,0.0,7
55,9,22,0.0,7
55,9,23,0.0,7
55,9,24,0.0,7
55,9,25,0.0,7
55,9,26,0.0,7
55,9,27,0.0,7
55,9,28,0.0,7
55,9,29,0.0,7
55,9,30,0.0,7
55,9,31,0.0,7
55,9,32,0.0,7
55,9,33,0.0,7
55,9,34,0.0,7
55,9,35,0.0,7
55,9,36,0.0,7
55,10,1,0.0,2
55,10,2,0.0,2
55,10,3,0.0,2
55,10,4,0.0,2
55,10,5,0.0,2
55,10,6,0.0,2
55,10,7,0.0,2
55,10,8,0.0,2
55,10,9,0.0,2
55,10,10,0.0,2
55,10,11,0.0,2
55,10,12,0.0,2
55,10,13,0.0,2
55,10,14,0.0,2
55,10,15,0.0,2
55,10,16,0.0,2
55,10,17,0.0,2
55,10,18,0.0,2
55,10,19,0.0,2
55,10,20,0.0,2
55,10,21,0.0,2
55,10,22,0.0,2
55,10,23,0.0,1
55,10,24,0.0,1
55,10,25,0.0,1
55,10,26,0.0,1
55,10,27,0.0,1
55,10,28,0.0,1
55,10,29,0.0,1
55,10,30,0.0,1
55,10,31,0.0,1
55,10,32,0.0,1
55,10,33,0.0,1
55,10,34,0.0,1
55,10,35,0.0,1
55,10,36,0.0,1
55,12,1,0.0,1
55,12,2,0.0,1
55,12,3,0.0,1
55,12,4,0.0,1
55,12,5,0.0,1
55,12,6,0.0,1
55,12,7,0.0,1
55,12,8,0.0,1
55,12,9,0.0,1
55,12,10,0.0,1
55,12,11,0.0,1
55,12,12,0.0,1
55,12,13,0.0,1
55,12,14,0.0,1
55,12,15,0.0,1
55,12,16,0.0,1
55,12,17,0.0,1
55,12,18,0.0,1
55,12,19,0.0,1
55,12,20,0.0,1
55,12,21,0.0,1
55,12,22,0.0,1
55,12,23,0.0,1
55,12,24,0.0,1
55,12,25,0.0,1
55,12,26,0.0,1
55,12,27,0.0,1
55,12,28,0.0,1
55,12,29,0.0,1
55,12,30,0.0,1
55,12,31,0.0,1
55,12,32,0.0,1
55,12,33,0.0,1
55,12,34,0.0,1
55,12,35,0.0,1
55,12,36,0.0,1
55,13,1,0.0,2
55,13,2,0.0,2
55,13,3,0.0,2
55,13,4,0.0,2
55,13,5,0.3333333333333333,2
55,13,6,0.0,2
55,13,7,0.0,1
55,13,8,0.0,1
55,13,9,0.0,1
55,13,10,0.0,1
55,13,11,0.0,1
55,14,1,0.0,3
55,14,2,0.0,3
55,14,3,0.0,3
55,14,4,0.0,3
55,14,5,0.0,3
55,14,6,0.0,3
55,14,7,0.3333333333333333,3
55,14,8,0.0,3
55,14,9,0.0,3
55,14,10,0.0,3
55,14,11,0.0,3
55,14,12,0.0,3
55,14,13,0.0,3
55,14,14,0.0,3
55,14,15,0.0,3
55,14,16,0.0,3
55,14,17,0.0,3
55,14,18,0.0,3
55,14,19,0.0,3
55,14,20,0.0,3
55,14,21,0.0,3
55,14,22,0.3333333333333333,3
55,14,23,0.0,3
55,14,24,0.0,3
55,14,25,0.0,3
55,14,26,0.0,3
55,14,27,0.0,3
55,14,28,0.0,3
55,14,29,0.3333333333333333,3
55,14,30,0.0,3
55,14,31,0.0,3
55,14,32,0.0,3
55,14,33,0.0,3
55,14,34,0.0,3
55,14,35,0.0,2
55,14,36,0.0,2
55,15,1,0.0,5
55,15,2,0.1111111111111111,5
55,15,3,0.0,5
55,15,4,0.0,5
55,15,5,0.0,5
55,15,6,0.0,5
55,15,7,0.0,5
55,15,8,0.0,5
55,15,9,0.0,4
55,15,10,0.14285714285714285,4
55,15,11,0.0,4
55,15,12,0.14285714285714285,4
55,15,13,0.0,4
55,15,14,0.07142857142857142,4
55,15,15,0.0,4
55,15,16,0.0,4
55,15,17,0.0,4
55,15,18,0.0,4
55,15,19,0.0,4
55,15,20,0.0,4
55,15,21,0.0,4
55,15,22,0.0,4
55,15,23,0.0,3
55,15,24,0.0,3
55,15,25,0.0,3
55,15,26,0.0,3
55,15,27,0.0,3
55,15,28,0.08333333333333333,3
55,15,29,0.0,3
55,15,30,0.0,3
55,15,31,0.0,3
55,15,32,0.0,3
55,15,33,0.0,3
55,15,34,0.0,3
55,15,35,0.0,3
55,15,36,0.0,3
55,16,1,0.043478260869565216,6
55,16,2,0.0,6
55,16,3,0.0,6
55,16,4,0.0,6
55,16,5,0.0,6
55,16,6,0.0,6
55,16,7,0.32608695652173914,6
55,16,8,0.17391304347826086,6
55,16,9,0.0,6
55,16,10,0.0,6
55,16,11,0.0,6
55,16,12,0.043478260869565216,6
55,16,13,0.06521739130434782,6
55,16,14,0.0,6
55,16,15,0.2608695652173913,6
55,16,16,0.08695652173913043,6
55,16,17,0.0,6
55,16,18,0.0,6
55,16,19,0.0,6
55,16,20,0.06521739130434782,6
55,16,21,0.0,6
55,16,22,0.13043478260869565,6
55,16,23,0.08695652173913043,6
55,16,24,0.0,6
55,16,25,0.0,6
55,16,26,0.0,6
55,16,27,0.0,6
55,16,28,0.13043478260869565,6
55,16,29,0.0,6
55,16,30,0.0,6
55,16,31,0.0,6
55,16,32,0.0,6
55,16,33,0.0,6
55,16,34,0.0,5
55,16,35,0.17647058823529413,5
55,16,36,0.0,5
55,17,1,0.0,3
55,17,2,0.0,3
55,17,3,0.0,3
55,17,4,0.0,3
55,17,5,0.0,3
55,17,6,0.0,3
55,17,7,0.0,3
55,17,8,0.0,3
55,17,9,0.2,3
55,17,10,0.0,2
55,17,11,0.0,2
55,17,12,0.0,2
55,17,13,0.0,2
55,17,14,0.0,2
55,17,15,0.0,2
55,17,16,0.0,2
55,17,17,0.0,2
55,17,18,0.0,2
55,17,19,0.0,2
55,17,20,0.0,2
55,17,21,0.0,2
55,17,22,0.0,2
55,17,23,0.0,2
55,17,24,0.0,2
55,17,25,0.0,2
55,17,26,0.6666666666666666,2
55,17,27,0.0,2
55,17,28,0.0,2
55,17,29,0.0,2
55,17,30,0.0,2
55,17,31,0.0,2
55,17,32,0.0,2
55,17,33,0.0,2
55,17,34,0.0,2
55,17,35,0.3333333333333333,2
55,17,36,0.0,1
55,18,1,0.0,8
55,18,2,0.17857142857142858,8
55,18,3,0.21428571428571427,8
55,18,4,0.0,8
55,18,5,0.35714285714285715,8
55,18,6,0.0,8
55,18,7,0.2857142857142857,8
55,18,8,0.07142857142857142,8
55,18,9,0.0,8
55,18,10,0.21428571428571427,8
55,18,11,0.0,8
55,18,12,0.14285714285714285,8
55,18,13,0.0,8
55,18,14,0.0,8
55,18,15,0.14285714285714285,8
55,18,16,0.0,7
55,18,17,0.16666666666666666,7
55,18,18,0.0,7
55,18,19,0.0,6
55,18,20,0.0,6
55,18,21,0.0,5
55,18,22,0.125,5
55,18,23,0.0,5
55,18,24,0.42857142857142855,4
55,18,25,0.0,4
55,18,26,0.0,3
55,18,27,0.3333333333333333,3
55,18,28,0.0,3
55,18,29,0.5,3
55,18,30,0.0,3
55,18,31,0.25,2
55,18,32,0.5,2
55,18,33,0.0,2
55,18,34,0.5,2
55,18,35,0.0,2
55,18,36,0.5,2
56,2,1,0.0967741935483871,10
56,2,2,0.16129032258064516,10
56,2,3,0.0,10
56,2,4,0.016129032258064516,10
56,2,5,0.0967741935483871,10
56,2,6,0.12903225806451613,10
56,2,7,0.06451612903225806,10
56,2,8,0.12903225806451613,10
56,2,9,0.12903225806451613,10
56,2,10,0.0,10
56,2,11,0.0,10
56,2,12,0.0,10
56,2,13,0.0967741935483871,10
56,2,14,0.14516129032258066,10
56,2,15,0.1935483870967742,10
56,2,16,0.016129032258064516,10
56,2,17,0.12903225806451613,10
56,2,18,0.03225806451612903,10
56,2,19,0.07407407407407407,9
56,2,20,0.037037037037037035,9
56,2,21,0.08695652173913043,8
56,2,22,0.2608695652173913,8
56,2,23,0.043478260869565216,8
56,2,24,0.17391304347826086,8
56,2,25,0.0,8
56,2,26,0.08695652173913043,8
56,2,27,0.17391304347826086,8
56,2,28,0.17391304347826086,8
56,2,29,0.08695652173913043,8
56,2,30,0.0,8
56,2,31,0.0,8
56,2,32,0.0,8
56,2,33,0.0,8
56,2,34,0.0,8
56,2,35,0.0,8
56,2,36,0.21052631578947367,7
56,5,1,0.5277777777777778,13
56,5,2,0.5,12
56,5,3,0.32142857142857145,11
56,5,4,0.35714285714285715,11
56,5,5,0.42857142857142855,11
56,5,6,0.42857142857142855,11
56,5,7,0.5,10
56,5,8,0.45454545454545453,9
56,5,9,0.7,8
56,5,10,0.5625,7
56,5,11,0.6428571428571429,6
56,5,12,0.6,5
56,5,13,0.5,5
56,5,14,0.875,4
56,5,15,0.75,4
56,5,16,0.625,4
56,5,17,0.16666666666666666,3
56,5,18,0.3333333333333333,3
56,5,19,0.5,3
56,5,20,0.6666666666666666,3
56,5,21,0.6666666666666666,3
56,5,22,0.5,2
56,5,23,1.0,1
56,5,24,1.0,1
56,5,25,1.0,1
56,6,1,0.3983050847457627,18
56,6,2,0.22033898305084745,18
56,6,3,0.3559322033898305,18
56,6,4,0.3728813559322034,18
56,6,5,0.3220338983050847,18
56,6,6,0.3220338983050847,18
56,6,7,0.22033898305084745,18
56,6,8,0.2542372881355932,18
56,6,9,0.3135593220338983,18
56,6,10,0.2457627118644068,18
56,6,11,0.22033898305084745,18
56,6,12,0.288135593220339,18
56,6,13,0.17796610169491525,18
56,6,14,0.15254237288135594,18
56,6,15,0.3050847457627119,18
56,6,16,0.15254237288135594,18
56,6,17,0.15254237288135594,18
56,6,18,0.2711864406779661,18
56,6,19,0.22033898305084745,18
56,6,20,0.12727272727272726,17
56,6,21,0.14545454545454545,17
56,6,22,0.21818181818181817,17
56,6,23,0.18181818181818182,17
56,6,24,0.14545454545454545,17
56,6,25,0.03636363636363636,17
56,6,26,0.03636363636363636,17
56,6,27,0.18181818181818182,17
56,6,28,0.14545454545454545,17
56,6,29,0.045454545454545456,17
56,6,30,0.05660377358490566,16
56,6,31,0.07547169811320754,16
56,6,32,0.0,16
56,6,33,0.0,16
56,6,34,0.07547169811320754,16
56,6,35,0.11320754716981132,16
56,6,36,0.03773584905660377,16
56,7,1,0.25,2
56,7,2,0.0,2
56,7,3,0.0,2
56,7,4,0.0,2
56,7,5,0.0,2
56,7,6,0.0,2
56,7,7,0.0,2
56,7,8,0.0,2
56,7,9,0.0,2
56,7,10,0.0,2
56,7,11,0.0,2
56,7,12,0.0,2
56,7,13,0.0,2
56,7,14,0.0,2
56,7,15,0.0,2
56,7,16,0.0,2
56,7,17,0.0,2
56,7,18,0.0,2
56,7,19,0.0,2
56,7,20,0.0,2
56,7,21,0.0,2
56,7,22,0.0,2
56,7,23,0.0,2
56,7,24,0.0,2
56,7,25,0.0,2
56,7,26,0.0,2
56,7,27,0.0,2
56,7,28,0.0,2
56,7,29,0.0,2
56,7,30,0.0,2
56,7,31,0.0,2
56,7,32,0.0,2
56,7,33,0.0,2
56,7,34,0.0,2
56,7,35,0.0,2
56,7,36,0.0,2
56,9,1,0.0,1
56,9,2,0.0,1
56,9,3,0.0,1
56,9,4,0.0,1
56,9,5,0.0,1
56,9,6,0.0,1
56,9,7,0.0,1
56,9,8,0.0,1
56,9,9,0.0,1
56,9,10,0.0,1
56,9,11,0.0,1
56,9,12,0.0,1
56,9,13,0.0,1
56,9,14,0.0,1
56,9,15,0.0,1
56,9,16,0.0,1
56,9,17,0.0,1
56,9,18,0.0,1
56,9,19,0.0,1
56,9,20,0.0,1
56,9,21,0.0,1
56,9,22,0.0,1
56,9,23,0.0,1
56,9,24,0.0,1
56,9,25,0.0,1
56,9,26,0.0,1
56,9,27,0.0,1
56,9,28,0.0,1
56,9,29,0.0,1
56,9,30,0.0,1
56,9,31,0.0,1
56,12,1,0.0,1
56,12,2,0.0,1
56,12,3,0.0,1
56,12,4,0.0,1
56,12,5,0.0,1
56,12,6,0.0,1
56,12,7,0.0,1
56,12,8,0.0,1
56,12,9,0.0,1
56,12,10,0.0,1
56,12,11,0.0,1
56,12,12,0.0,1
56,12,13,0.0,1
56,12,14,0.0,1
56,12,15,0.0,1
56,12,16,0.0,1
56,12,17,0.0,1
56,12,18,0.0,1
56,12,19,0.0,1
56,12,20,0.0,1
56,12,21,0.0,1
56,12,22,0.0,1
56,15,1,0.0,1
56,15,2,0.0,1
56,15,3,0.0,1
56,16,1,0.17073170731707318,14
56,16,2,0.07317073170731707,14
56,16,3,0.2682926829268293,14
56,16,4,0.21951219512195122,14
56,16,5,0.0975609756097561,14
56,16,6,0.2926829268292683,14
56,16,7,0.12195121951219512,14
56,16,8,0.024390243902439025,14
56,16,9,0.15853658536585366,14
56,16,10,0.23170731707317074,14
56,16,11,0.12195121951219512,14
56,16,12,0.17073170731707318,14
56,16,13,0.10975609756097561,14
56,16,14,0.024390243902439025,14
56,16,15,0.1951219512195122,14
56,16,16,0.17073170731707318,14
56,16,17,0.17073170731707318,14
56,16,18,0.12195121951219512,14
56,16,19,0.17073170731707318,14
56,16,20,0.13414634146341464,14
56,16,21,0.14634146341463414,14
56,16,22,0.14634146341463414,14
56,16,23,0.14634146341463414,14
56,16,24,0.04878048780487805,14
56,16,25,0.04878048780487805,14
56,16,26,0.04878048780487805,14
56,16,27,0.10975609756097561,14
56,16,28,0.04878048780487805,14
56,16,29,0.06756756756756757,13
56,16,30,0.08571428571428572,12
56,16,31,0.0,12
56,16,32,0.12121212121212122,11
56,16,33,0.12121212121212122,11
56,16,34,0.0,11
56,16,35,0.06060606060606061,11
56,16,36,0.06060606060606061,11
56,17,1,0.07758620689655173,14
56,17,2,0.19827586206896552,14
56,17,3,0.12931034482758622,14
56,17,4,0.15517241379310345,14
56,17,5,0.028846153846153848,13
56,17,6,0.10576923076923077,13
56,17,7,0.05102040816326531,12
56,17,8,0.23469387755102042,12
56,17,9,0.14130434782608695,11
56,17,10,0.2391304347826087,11
56,17,11,0.10465116279069768,10
56,17,12,0.06976744186046512,10
56,17,13,0.2625,9
56,17,14,0.05405405405405406,8
56,17,15,0.2714285714285714,7
56,17,16,0.19999999999999998,7
56,17,17,0.1714285714285714,7
56,17,18,0.0,7
56,17,19,0.3999999999999999,7
56,17,20,0.0857142857142857,7
56,17,21,0.0857142857142857,7
56,17,22,0.06249999999999999,6
56,17,23,0.2708333333333333,6
56,17,24,0.3846153846153846,5
56,17,25,0.15384615384615383,5
56,17,26,0.11538461538461536,5
56,17,27,0.3846153846153846,5
56,17,28,0.11538461538461536,5
56,17,29,0.5,5
56,17,30,0.11538461538461536,5
56,17,31,0.15384615384615383,5
56,17,32,0.23076923076923073,5
56,17,33,0.07692307692307691,5
56,17,34,0.0,4
56,17,35,0.0,4
56,17,36,0.0,4
56,18,1,0.10810810810810811,11
56,18,2,0.16216216216216217,11
56,18,3,0.10810810810810811,11
56,18,4,0.12162162162162163,11
56,18,5,0.06756756756756757,11
56,18,6,0.14516129032258066,10
56,18,7,0.11290322580645161,10
56,18,8,0.14516129032258066,10
56,18,9,0.11290322580645161,10
56,18,10,0.25806451612903225,10
56,18,11,0.16129032258064516,10
56,18,12,0.16129032258064516,10
56,18,13,0.06451612903225806,10
56,18,14,0.048387096774193554,10
56,18,15,0.05172413793103449,9
56,18,16,0.038461538461538464,8
56,18,17,0.11538461538461539,8
56,18,18,0.15384615384615385,8
56,18,19,0.1730769230769231,8
56,18,20,0.09615384615384615,8
56,18,21,0.23076923076923078,8
56,18,22,0.15384615384615385,8
56,18,23,0.02564102564102564,8
56,18,24,0.0,8
56,18,25,0.13043478260869565,7
56,18,26,0.0,7
56,18,27,0.17647058823529413,6
56,18,28,0.0,5
56,18,29,0.32142857142857145,5
56,18,30,0.07142857142857144,5
56,18,31,0.0,4
56,18,32,0.18181818181818182,4
56,18,33,0.0,3
56,18,34,0.0,3
56,18,35,0.0,2
56,18,36,0.0,2
57,1,1,0.0,1
57,1,2,0.0,1
57,1,3,0.0,1
57,1,4,0.0,1
57,1,5,0.0,1
57,1,6,0.0,1
57,1,7,0.0,1
57,1,8,0.0,1
57,1,9,0.0,1
57,1,10,0.0,1
57,1,11,0.0,1
57,1,12,0.0,1
57,1,13,0.0,1
57,1,14,0.0,1
57,1,15,0.0,1
57,1,16,0.0,1
57,1,17,0.0,1
57,1,18,0.0,1
57,1,19,0.0,1
57,1,20,0.0,1
57,1,21,0.0,1
57,1,22,0.0,1
57,1,23,0.0,1
57,1,24,0.0,1
57,1,25,0.0,1
57,1,26,0.0,1
57,1,27,0.0,1
57,1,28,0.0,1
57,1,29,0.0,1
57,1,30,0.0,1
57,1,31,0.0,1
57,1,32,0.0,1
57,1,33,0.0,1
57,1,34,0.0,1
57,1,35,0.0,1
57,1,36,0.0,1
57,2,1,0.0,5
57,2,2,0.0,5
57,2,3,0.0,5
57,2,4,0.0,5
57,2,5,0.2222222222222222,5
57,2,6,0.2222222222222222,5
57,2,7,0.0,5
57,2,8,0.0,5
57,2,9,0.0,5
57,2,10,0.0,5
57,2,11,0.2222222222222222,5
57,2,12,0.2222222222222222,5
57,2,13,0.0,5
57,2,14,0.0,5
57,2,15,0.0,5
57,2,16,0.0,5
57,2,17,0.2222222222222222,5
57,2,18,0.0,5
57,2,19,0.1111111111111111,5
57,2,20,0.0,5
57,2,21,0.0,5
57,2,22,0.0,5
57,2,23,0.2222222222222222,5
57,2,24,0.0,4
57,2,25,0.0,4
57,2,26,0.0,4
57,2,27,0.0,4
57,2,28,0.0,4
57,2,29,0.0,4
57,2,30,0.0,3
57,2,31,0.2,3
57,2,32,0.0,3
57,2,33,0.0,3
57,2,34,0.0,3
57,2,35,0.0,2
57,2,36,0.3333333333333333,2
57,4,1,0.08333333333333333,5
57,4,2,0.08333333333333333,5
57,4,3,0.08333333333333333,5
57,4,4,0.0,5
57,4,5,0.0,5
57,4,6,0.0,5
57,4,7,0.0,5
57,4,8,0.0,5
57,4,9,0.0,5
57,4,10,0.08333333333333333,5
57,4,11,0.0,5
57,4,12,0.08333333333333333,5
57,4,13,0.08333333333333333,5
57,4,14,0.0,5
57,4,15,0.0,5
57,4,16,0.0,5
57,4,17,0.0,5
57,4,18,0.0,5
57,4,19,0.0,5
57,4,20,0.16666666666666666,5
57,4,21,0.0,5
57,4,22,0.0,5
57,4,23,0.0,5
57,4,24,0.0,5
57,4,25,0.0,5
57,4,26,0.0,5
57,4,27,0.0,5
57,4,28,0.0,4
57,4,29,0.0,3
57,4,30,0.25,3
57,4,31,0.0,2
57,4,32,0.3333333333333333,2
57,4,33,0.3333333333333333,2
57,4,34,0.0,2
57,4,35,0.0,2
57,4,36,0.0,2
57,5,1,0.3448275862068966,17
57,5,2,0.3793103448275862,17
57,5,3,0.5172413793103449,17
57,5,4,0.26785714285714285,16
57,5,5,0.32142857142857145,16
57,5,6,0.42857142857142855,16
57,5,7,0.25,16
57,5,8,0.37037037037037035,15
57,5,9,0.25925925925925924,15
57,5,10,0.14814814814814814,15
57,5,11,0.28,14
57,5,12,0.21739130434782608,13
57,5,13,0.17391304347826086,13
57,5,14,0.2619047619047619,12
57,5,15,0.23809523809523808,12
57,5,16,0.047619047619047616,12
57,5,17,0.05263157894736842,11
57,5,18,0.16666666666666666,10
57,5,19,0.125,9
57,5,20,0.0,8
57,5,21,0.14285714285714285,8
57,5,22,0.16666666666666666,7
57,5,23,0.1,6
57,5,24,0.1,6
57,5,25,0.25,5
57,5,26,0.08333333333333333,4
57,5,27,0.16666666666666666,4
57,5,28,0.16666666666666666,4
57,5,29,0.16666666666666666,4
57,5,30,0.16666666666666666,4
57,5,31,0.16666666666666666,4
57,5,32,0.3333333333333333,4
57,5,33,0.16666666666666666,4
57,5,34,0.16666666666666666,4
57,5,35,0.16666666666666666,4
57,5,36,0.16666666666666666,4
57,6,1,0.3333333333333333,5
57,6,2,0.0,5
57,6,3,0.0,5
57,6,4,0.0,5
57,6,5,0.0,5
57,6,6,0.2222222222222222,5
57,6,7,0.4444444444444444,5
57,6,8,0.3333333333333333,5
57,6,9,0.1111111111111111,5
57,6,10,0.0,5
57,6,11,0.0,5
57,6,12,0.0,5
57,6,13,0.0,5
57,6,14,0.2222222222222222,5
57,6,15,0.1111111111111111,5
57,6,16,0.0,5
57,6,17,0.0,5
57,6,18,0.0,5
57,6,19,0.0,5
57,6,20,0.0,5
57,6,21,0.0,5
57,6,22,0.0,5
57,6,23,0.0,5
57,6,24,0.0,5
57,6,25,0.0,5
57,6,26,0.0,5
57,6,27,0.0,5
57,6,28,0.0,5
57,6,29,0.0,5
57,6,30,0.0,5
57,6,31,0.0,5
57,6,32,0.0,5
57,6,33,0.0,5
57,6,34,0.0,5
57,6,35,0.0,5
57,6,36,0.0,5
57,7,1,0.0,4
57,7,2,0.0,4
57,7,3,0.2,4
57,7,4,0.0,4
57,7,5,0.0,4
57,7,6,0.0,4
57,7,7,0.0,4
57,7,8,0.0,4
57,7,9,0.0,4
57,7,10,0.0,4
57,7,11,0.0,4
57,7,12,0.0,4
57,7,13,0.0,4
57,7,14,0.0,4
57,7,15,0.0,4
57,7,16,0.0,4
57,7,17,0.0,4
57,7,18,0.0,4
57,7,19,0.2,4
57,7,20,0.0,4
57,7,21,0.0,3
57,7,22,0.125,3
57,7,23,0.0,3
57,7,24,0.0,3
57,7,25,0.125,3
57,7,26,0.0,3
57,7,27,0.0,3
57,7,28,0.25,3
57,7,29,0.0,3
57,7,30,0.0,3
57,7,31,0.0,3
57,7,32,0.0,3
57,7,33,0.0,3
57,7,34,0.0,3
57,7,35,0.0,3
57,7,36,0.0,3
57,8,1,0.0,1
57,10,1,0.0,1
57,10,2,0.0,1
57,10,3,0.0,1
57,10,4,0.0,1
57,10,5,0.0,1
57,10,6,0.0,1
57,10,7,0.0,1
57,10,8,0.0,1
57,10,9,0.0,1
57,10,10,0.0,1
57,10,11,0.0,1
57,10,12,0.0,1
57,10,13,0.0,1
57,10,14,0.0,1
57,10,15,0.0,1
57,10,16,0.0,1
57,10,17,0.0,1
57,10,18,0.0,1
57,10,19,0.0,1
57,10,20,0.0,1
57,10,21,0.0,1
57,10,22,0.0,1
57,10,23,0.0,1
57,10,24,0.0,1
57,10,25,0.0,1
57,10,26,0.0,1
57,10,27,0.0,1
57,10,28,0.0,1
57,10,29,0.0,1
57,10,30,0.0,1
57,10,31,0.0,1
57,10,32,0.0,1
57,10,33,0.0,1
57,10,34,0.0,1
57,10,35,0.0,1
57,10,36,0.0,1
57,12,1,0.0,3
57,12,2,0.0,3
57,12,3,0.0,3
57,12,4,0.0,3
57,12,5,0.0,3
57,12,6,0.0,3
57,12,7,0.0,3
57,12,8,0.42857142857142855,3
57,12,9,0.0,3
57,12,10,0.0,3
57,12,11,0.0,3
57,12,12,0.0,3
57,12,13,0.0,2
57,12,14,0.0,2
57,12,15,0.0,2
57,12,16,0.0,2
57,12,17,0.0,2
57,12,18,0.0,2
57,12,19,0.0,2
57,12,20,0.0,2
57,12,21,0.0,2
57,12,22,0.0,2
57,12,23,0.0,2
57,12,24,0.0,2
57,12,25,0.0,2
57,12,26,0.0,2
57,12,27,0.0,2
57,12,28,0.0,2
57,12,29,0.0,2
57,12,30,0.0,2
57,12,31,0.0,2
57,12,32,0.0,2
57,12,33,0.0,2
57,12,34,0.0,2
57,12,35,0.0,2
57,12,36,0.0,2
57,13,1,0.3181818181818182,7
57,13,2,0.09090909090909091,7
57,13,3,0.05555555555555555,6
57,13,4,0.3888888888888889,6
57,13,5,0.2222222222222222,6
57,13,6,0.1111111111111111,6
57,13,7,0.0,5
57,13,8,0.0,5
57,13,9,0.0,5
57,13,10,0.0,5
57,13,11,0.0,5
57,13,12,0.0,5
57,13,13,0.0,5
57,13,14,0.0,5
57,13,15,0.0,5
57,13,16,0.0,5
57,13,17,0.0,5
57,13,18,0.0,5
57,13,19,0.0,5
57,13,20,0.0,5
57,13,21,0.14285714285714285,5
57,13,22,0.14285714285714285,5
57,13,23,0.0,5
57,13,24,0.0,5
57,13,25,0.2857142857142857,5
57,13,26,0.42857142857142855,5
57,13,27,0.2857142857142857,5
57,13,28,0.0,4
57,13,29,0.2,3
57,13,30,0.4,3
57,13,31,0.4,3
57,13,32,0.0,2
57,13,33,0.0,1
57,15,1,0.0,1
57,15,2,0.0,1
57,15,3,0.0,1
57,15,4,0.0,1
57,15,5,0.0,1
57,15,6,0.0,1
57,15,7,0.0,1
57,15,8,0.0,1
57,15,9,0.0,1
57,15,10,0.0,1
57,15,11,0.0,1
57,15,12,0.0,1
57,15,13,0.0,1
57,15,14,0.0,1
57,15,15,0.0,1
57,15,16,0.0,1
57,15,17,0.0,1
57,15,18,0.0,1
57,15,19,0.0,1
57,15,20,0.0,1
57,15,21,0.0,1
57,15,22,0.0,1
57,15,23,0.0,1
57,15,24,0.0,1
57,15,25,0.0,1
57,15,26,0.0,1
57,15,27,0.0,1
57,15,28,0.0,1
57,15,29,0.0,1
57,15,30,0.0,1
57,15,31,0.0,1
57,15,32,0.0,1
57,15,33,0.0,1
57,15,34,0.0,1
57,15,35,0.0,1
57,15,36,0.0,1
57,16,1,0.1111111111111111,6
57,16,2,0.0,6
57,16,3,0.1111111111111111,6
57,16,4,0.0,6
57,16,5,0.2222222222222222,6
57,16,6,0.1111111111111111,6
57,16,7,0.1111111111111111,6
57,16,8,0.0,6
57,16,9,0.0,6
57,16,10,0.0,6
57,16,11,0.0,6
57,16,12,0.1111111111111111,6
57,16,13,0.05555555555555555,6
57,16,14,0.0,6
57,16,15,0.0,6
57,16,16,0.0,6
57,16,17,0.0,6
57,16,18,0.0,6
57,16,19,0.1111111111111111,6
57,16,20,0.2222222222222222,6
57,16,21,0.0,6
57,16,22,0.05555555555555555,6
57,16,23,0.1111111111111111,6
57,16,24,0.0,6
57,16,25,0.2222222222222222,6
57,16,26,0.0,6
57,16,27,0.0,6
57,16,28,0.1111111111111111,6
57,16,29,0.0,6
57,16,30,0.0,6
57,16,31,0.0,6
57,16,32,0.1111111111111111,6
57,16,33,0.0,6
57,16,34,0.0,6
57,16,35,0.05555555555555555,6
57,16,36,0.0,5
57,17,1,0.17142857142857143,9
57,17,2,0.02857142857142857,9
57,17,3,0.04285714285714286,9
57,17,4,0.02857142857142857,9
57,17,5,0.0,9
57,17,6,0.046875,8
57,17,7,0.125,8
57,17,8,0.09375,8
57,17,9,0.10344827586206898,7
57,17,10,0.20689655172413796,7
57,17,11,0.20689655172413796,7
57,17,12,0.10344827586206898,7
57,17,13,0.0,6
57,17,14,0.07407407407407407,6
57,17,15,0.0,5
57,17,16,0.125,5
57,17,17,0.125,5
57,17,18,0.25,5
57,17,19,0.0,5
57,17,20,0.0,5
57,17,21,0.125,5
57,17,22,0.125,5
57,17,23,0.125,5
57,17,24,0.08333333333333333,5
57,17,25,0.08333333333333333,5
57,17,26,0.0,5
57,17,27,0.16666666666666666,4
57,17,28,0.16666666666666666,4
57,17,29,0.16666666666666666,4
57,17,30,0.08333333333333333,4
57,17,31,0.16666666666666666,4
57,17,32,0.2222222222222222,4
57,17,33,0.0,4
57,17,34,0.0,4
57,17,35,0.0,4
57,17,36,0.08333333333333333,4
57,18,1,0.07142857142857142,10
57,18,2,0.07142857142857142,10
57,18,3,0.14285714285714285,10
57,18,4,0.17857142857142858,10
57,18,5,0.15384615384615385,9
57,18,6,0.23076923076923078,9
57,18,7,0.07692307692307693,9
57,18,8,0.07692307692307693,9
57,18,9,0.07692307692307693,9
57,18,10,0.0,8
57,18,11,0.09090909090909091,8
57,18,12,0.13636363636363635,8
57,18,13,0.0,8
57,18,14,0.045454545454545456,8
57,18,15,0.0,8
57,18,16,0.0,7
57,18,17,0.05555555555555555,7
57,18,18,0.0,7
57,18,19,0.0,7
57,18,20,0.1111111111111111,7
57,18,21,0.05555555555555555,7
57,18,22,0.0,7
57,18,23,0.0,7
57,18,24,0.1111111111111111,7
57,18,25,0.0,7
57,18,26,0.05555555555555555,7
57,18,27,0.0,7
57,18,28,0.0,7
57,18,29,0.0,7
57,18,30,0.1111111111111111,7
57,18,31,0.0,7
57,18,32,0.2222222222222222,7
57,18,33,0.0,7
57,18,34,0.0,7
57,18,35,0.1111111111111111,7
57,18,36,0.3333333333333333,7
58,3,1,0.0,5
58,3,2,0.0,5
58,3,3,0.0,5
58,3,4,0.0,5
58,3,5,0.25,5
58,3,6,0.0,5
58,3,7,0.0,5
58,3,8,0.25,5
58,3,9,0.0,5
58,3,10,0.25,5
58,3,11,0.0,5
58,3,12,0.0,5
58,3,13,0.125,5
58,3,14,0.0,5
58,3,15,0.25,5
58,3,16,0.0,5
58,3,17,0.0,5
58,3,18,0.125,5
58,3,19,0.0,5
58,3,20,0.0,5
58,3,21,0.0,5
58,3,22,0.0,5
58,3,23,0.25,5
58,3,24,0.0,5
58,3,25,0.0,5
58,3,26,0.0,5
58,3,27,0.0,5
58,3,28,0.0,5
58,3,29,0.0,5
58,3,30,0.0,5
58,3,31,0.0625,5
58,3,32,0.0,5
58,3,33,0.0,5
58,3,34,0.0,5
58,3,35,0.0,5
58,3,36,0.0,5
58,4,1,0.25,8
58,4,2,0.1875,8
58,4,3,0.0,8
58,4,4,0.0,8
58,4,5,0.0,8
58,4,6,0.0625,8
58,4,7,0.14285714285714285,7
58,4,8,0.25,6
58,4,9,0.3,5
58,4,10,0.2,5
58,4,11,0.1,5
58,4,12,0.0,5
58,4,13,0.0,5
58,4,14,0.0,5
58,4,15,0.125,4
58,4,16,0.25,4
58,4,17,0.5,3
58,4,18,0.3333333333333333,3
58,4,19,0.16666666666666666,3
58,4,20,0.0,3
58,4,21,0.0,3
58,4,22,0.0,3
58,4,23,0.0,3
58,4,24,0.0,2
58,4,25,0.0,1
58,5,1,0.0,2
58,5,2,0.0,2
58,5,3,0.0,2
58,5,4,0.0,2
58,5,5,0.0,2
58,5,6,0.0,2
58,5,7,0.0,2
58,5,8,0.0,2
58,5,9,0.0,2
58,5,10,0.0,1
58,5,11,0.0,1
58,5,12,0.0,1
58,5,13,0.0,1
58,5,14,0.0,1
58,5,15,0.0,1
58,5,16,0.0,1
58,5,17,0.0,1
58,5,18,0.0,1
58,5,19,0.0,1
58,5,20,0.0,1
58,5,21,1.0,1
58,5,22,0.0,1
58,5,23,0.0,1
58,5,24,0.0,1
58,5,25,0.0,1
58,5,26,0.0,1
58,5,27,0.0,1
58,5,28,0.0,1
58,5,29,0.0,1
58,5,30,0.0,1
58,7,1,0.2068965517241379,7
58,7,2,0.3620689655172413,7
58,7,3,0.051724137931034475,7
58,7,4,0.2068965517241379,7
58,7,5,0.051724137931034475,7
58,7,6,0.10344827586206895,7
58,7,7,0.0,7
58,7,8,0.0,7
58,7,9,0.0,7
58,7,10,0.0,7
58,7,11,0.0,7
58,7,12,0.0,7
58,7,13,0.0,7
58,7,14,0.1379310344827586,7
58,7,15,0.03448275862068965,7
58,7,16,0.0689655172413793,7
58,7,17,0.0,7
58,7,18,0.03448275862068965,7
58,7,19,0.0,7
58,7,20,0.03448275862068965,7
58,7,21,0.0,7
58,7,22,0.0,7
58,7,23,0.0,7
58,7,24,0.0,7
58,7,25,0.0,7
58,7,26,0.0,7
58,7,27,0.0,7
58,7,28,0.2068965517241379,7
58,7,29,0.10344827586206895,7
58,7,30,0.2068965517241379,7
58,7,31,0.0,7
58,7,32,0.10344827586206895,7
58,7,33,0.0,6
58,7,34,0.13043478260869565,6
58,7,35,0.0,6
58,7,36,0.0,6
58,8,1,0.5333333333333333,10
58,8,2,0.26666666666666666,10
58,8,3,0.1,10
58,8,4,0.03571428571428571,9
58,8,5,0.08333333333333333,8
58,8,6,0.2,7
58,8,7,0.3333333333333333,6
58,8,8,0.5,5
58,8,9,0.375,5
58,8,10,0.125,5
58,8,11,0.0,5
58,8,12,0.125,5
58,8,13,0.3333333333333333,4
58,8,14,0.75,3
58,8,15,0.5,3
58,8,16,0.0,3
58,8,17,0.0,3
58,8,18,0.125,3
58,8,19,0.25,3
58,8,20,0.625,3
58,8,21,0.75,3
58,8,22,0.875,3
58,8,23,0.625,3
58,8,24,0.25,3
58,8,25,0.0,3
58,8,26,0.0,2
58,8,27,0.0,1
58,9,1,0.45070422535211263,14
58,9,2,0.29577464788732394,14
58,9,3,0.28169014084507044,14
58,9,4,0.2535211267605634,14
58,9,5,0.23943661971830987,14
58,9,6,0.2957746478873239,14
58,9,7,0.11267605633802816,14
58,9,8,0.09859154929577466,14
58,9,9,0.19718309859154926,14
58,9,10,0.15492957746478872,14
58,9,11,0.32394366197183094,14
58,9,12,0.48591549295774644,14
58,9,13,0.3380281690140845,14
58,9,14,0.27464788732394363,14
58,9,15,0.16901408450704225,14
58,9,16,0.2112676056338028,14
58,9,17,0.29577464788732394,14
58,9,18,0.16901408450704225,14
58,9,19,0.0,14
58,9,20,0.01408450704225352,14
58,9,21,0.04225352112676056,14
58,9,22,0.02816901408450704,14
58,9,23,0.15492957746478872,14
58,9,24,0.08450704225352113,14
58,9,25,0.08450704225352113,14
58,9,26,0.1056338028169014,14
58,9,27,0.04225352112676056,14
58,9,28,0.04225352112676056,14
58,9,29,0.1267605633802817,14
58,9,30,0.08450704225352113,14
58,9,31,0.0,14
58,9,32,0.0,14
58,9,33,0.0,14
58,9,34,0.0,14
58,9,35,0.0,14
58,9,36,0.0,14
58,10,1,0.0,5
58,10,2,0.08333333333333333,5
58,10,3,0.08333333333333333,5
58,10,4,0.0,5
58,10,5,0.08333333333333333,5
58,10,6,0.0,5
58,10,7,0.16666666666666666,5
58,10,8,0.16666666666666666,5
58,10,9,0.16666666666666666,5
58,10,10,0.0,5
58,10,11,0.0,5
58,10,12,0.16666666666666666,5
58,10,13,0.0,5
58,10,14,0.0,5
58,10,15,0.08333333333333333,5
58,10,16,0.0,5
58,10,17,0.08333333333333333,5
58,10,18,0.0,5
58,10,19,0.0,5
58,10,20,0.08333333333333333,5
58,10,21,0.0,5
58,10,22,0.0,5
58,10,23,0.0,5
58,10,24,0.0,5
58,10,25,0.0,5
58,10,26,0.0,5
58,10,27,0.0,5
58,10,28,0.0,5
58,10,29,0.0,5
58,10,30,0.0,5
58,10,31,0.0,5
58,10,32,0.0,5
58,10,33,0.0,5
58,10,34,0.0,5
58,10,35,0.0,5
58,10,36,0.0,5
58,13,1,0.125,4
58,13,2,0.0,4
58,13,3,0.0,3
58,13,4,0.0,3
58,13,5,0.0,3
58,13,6,0.0,3
58,13,7,0.0,3
58,13,8,0.16666666666666666,3
58,13,9,0.16666666666666666,3
58,13,10,0.0,3
58,13,11,0.0,2
58,13,12,0.5,1
58,13,13,0.5,1
58,13,14,0.0,1
58,13,15,0.0,1
58,13,16,0.0,1
58,13,17,0.0,1
58,13,18,0.0,1
58,13,19,0.0,1
58,13,20,0.0,1
58,13,21,0.5,1
58,13,22,0.0,1
58,13,23,0.0,1
58,14,1,0.11864406779661017,13
58,14,2,0.18644067796610167,13
58,14,3,0.15254237288135591,13
58,14,4,0.2542372881355932,13
58,14,5,0.07627118644067796,13
58,14,6,0.15254237288135591,13
58,14,7,0.2542372881355932,13
58,14,8,0.15254237288135591,13
58,14,9,0.20338983050847456,13
58,14,10,0.211864406779661,13
58,14,11,0.20338983050847456,13
58,14,12,0.08474576271186439,13
58,14,13,0.20338983050847456,13
58,14,14,0.17796610169491525,13
58,14,15,0.19491525423728812,13
58,14,16,0.033898305084745756,13
58,14,17,0.20338983050847456,13
58,14,18,0.10169491525423728,13
58,14,19,0.033898305084745756,13
58,14,20,0.05263157894736842,12
58,14,21,0.2222222222222222,11
58,14,22,0.09375,10
58,14,23,0.10416666666666666,10
58,14,24,0.15625,10
58,14,25,0.08333333333333333,10
58,14,26,0.0,10
58,14,27,0.03125,10
58,14,28,0.1875,10
58,14,29,0.09375,10
58,14,30,0.16666666666666669,9
58,14,31,0.0,9
58,14,32,0.0,8
58,14,33,0.08333333333333333,8
58,14,34,0.0,8
58,14,35,0.0,7
58,14,36,0.1111111111111111,6
58,15,1,0.1379310344827586,6
58,15,2,0.2758620689655172,6
58,15,3,0.10344827586206895,6
58,15,4,0.0689655172413793,6
58,15,5,0.0,6
58,15,6,0.0,6
58,15,7,0.0,6
58,15,8,0.2068965517241379,6
58,15,9,0.0689655172413793,6
58,15,10,0.10344827586206895,6
58,15,11,0.2068965517241379,6
58,15,12,0.0,6
58,15,13,0.2068965517241379,6
58,15,14,0.0,6
58,15,15,0.0,6
58,15,16,0.0,5
58,15,17,0.08695652173913043,5
58,15,18,0.1764705882352941,4
58,15,19,0.42857142857142855,3
58,15,20,0.0,2
58,15,21,0.5,2
58,15,22,0.0,2
58,15,23,0.0,2
58,15,24,0.0,2
58,15,25,0.0,2
58,15,26,0.0,2
58,15,27,0.0,2
58,15,28,0.0,2
58,15,29,0.0,1
58,15,30,0.0,1
58,15,31,0.0,1
58,15,32,0.0,1
58,15,33,0.0,1
58,15,34,0.0,1
58,15,35,0.0,1
58,15,36,0.0,1
58,16,1,0.0,1
58,16,2,0.0,1
58,16,3,0.0,1
58,16,4,0.0,1
58,16,5,0.0,1
58,16,6,0.0,1
58,16,7,0.0,1
58,16,8,0.0,1
58,16,9,0.0,1
58,16,10,0.0,1
58,16,11,0.0,1
58,16,12,0.0,1
58,16,13,0.0,1
58,16,14,0.0,1
58,16,15,0.0,1
58,16,16,0.0,1
58,16,17,0.0,1
58,16,18,0.0,1
58,16,19,0.0,1
58,16,20,0.0,1
58,16,21,0.0,1
58,16,22,0.0,1
58,16,23,0.0,1
58,16,24,0.0,1
58,16,25,0.0,1
58,16,26,0.0,1
58,16,27,0.0,1
58,16,28,0.0,1
58,16,29,0.0,1
58,16,30,0.0,1
58,16,31,0.0,1
58,16,32,0.0,1
58,16,33,0.0,1
58,16,34,0.0,1
58,16,35,0.0,1
58,16,36,0.0,1
59,1,1,0.0,1
59,1,2,0.0,1
59,1,3,0.0,1
59,1,4,0.0,1
59,1,5,0.0,1
59,1,6,0.0,1
59,1,7,0.0,1
59,1,8,0.0,1
59,1,9,0.0,1
59,1,10,0.0,1
59,1,11,0.0,1
59,1,12,0.0,1
59,1,13,0.0,1
59,1,14,0.0,1
59,1,15,0.0,1
59,1,16,0.0,1
59,1,17,0.0,1
59,1,18,0.0,1
59,1,19,0.0,1
59,1,20,0.0,1
59,1,21,0.0,1
59,1,22,0.0,1
59,1,23,0.0,1
59,1,24,0.0,1
59,1,25,0.0,1
59,1,26,0.0,1
59,1,27,0.0,1
59,1,28,0.0,1
59,1,29,0.0,1
59,1,30,0.0,1
59,1,31,0.0,1
59,1,32,0.0,1
59,1,33,0.0,1
59,1,34,0.0,1
59,1,35,0.0,1
59,1,36,0.0,1
59,2,1,0.05555555555555555,6
59,2,2,0.2222222222222222,6
59,2,3,0.0,6
59,2,4,0.1111111111111111,6
59,2,5,0.1111111111111111,6
59,2,6,0.1111111111111111,6
59,2,7,0.1111111111111111,6
59,2,8,0.0,6
59,2,9,0.0,6
59,2,10,0.0,6
59,2,11,0.1111111111111111,6
59,2,12,0.1111111111111111,6
59,2,13,0.0,6
59,2,14,0.0,6
59,2,15,0.0,6
59,2,16,0.2222222222222222,6
59,2,17,0.0,6
59,2,18,0.2222222222222222,6
59,2,19,0.0,6
59,2,20,0.0,6
59,2,21,0.0,5
59,2,22,0.0,5
59,2,23,0.0,5
59,2,24,0.0,5
59,2,25,0.0,5
59,2,26,0.125,5
59,2,27,0.0,5
59,2,28,0.125,5
59,2,29,0.0,5
59,2,30,0.0,5
59,2,31,0.0,5
59,2,32,0.0625,5
59,2,33,0.0625,5
59,2,34,0.0,5
59,2,35,0.0,5
59,2,36,0.0,5
59,3,1,0.0,2
59,3,2,0.0,2
59,3,3,0.0,2
59,3,4,0.0,2
59,3,5,0.0,2
59,3,6,0.0,2
59,3,7,0.0,2
59,3,8,0.0,2
59,3,9,0.0,2
59,3,10,0.0,2
59,3,11,0.0,2
59,3,12,0.0,2
59,3,13,0.0,2
59,3,14,0.0,2
59,3,15,0.0,2
59,3,16,0.0,2
59,3,17,0.0,2
59,3,18,0.0,2
59,3,19,0.0,2
59,3,20,0.3333333333333333,2
59,3,21,0.0,2
59,3,22,0.0,2
59,3,23,0.0,2
59,3,24,0.0,2
59,3,25,0.0,2
59,3,26,0.0,2
59,3,27,0.0,2
59,3,28,0.0,2
59,3,29,0.0,2
59,3,30,0.0,2
59,3,31,0.0,2
59,3,32,0.0,2
59,3,33,0.0,2
59,3,34,0.0,2
59,3,35,0.0,2
59,3,36,0.0,2
59,4,1,0.0,1
59,4,2,0.0,1
59,4,3,0.0,1
59,4,4,0.0,1
59,4,5,0.0,1
59,4,6,0.0,1
59,4,7,0.0,1
59,4,8,0.0,1
59,4,9,0.0,1
59,4,10,0.0,1
59,4,11,0.0,1
59,4,12,0.0,1
59,4,13,0.0,1
59,4,14,0.0,1
59,5,1,0.3660714285714286,12
59,5,2,0.15094339622641512,11
59,5,3,0.11320754716981134,11
59,5,4,0.339622641509434,11
59,5,5,0.3962264150943397,11
59,5,6,0.2978723404255319,10
59,5,7,0.10975609756097561,9
59,5,8,0.10526315789473684,8
59,5,9,0.11842105263157895,8
59,5,10,0.2894736842105263,8
59,5,11,0.24999999999999997,7
59,5,12,0.4038461538461538,6
59,5,13,0.28846153846153844,6
59,5,14,0.17391304347826086,5
59,5,15,0.15217391304347824,5
59,5,16,0.6086956521739131,5
59,5,17,0.6521739130434783,5
59,5,18,0.2608695652173913,5
59,5,19,0.0,5
59,5,20,0.17391304347826086,5
59,5,21,0.3695652173913044,5
59,5,22,0.5,4
59,5,23,0.16666666666666666,3
59,5,24,0.0,2
59,5,25,0.0,2
59,5,26,0.25,2
59,5,27,0.25,2
59,5,28,0.0,1
59,5,29,0.0,1
59,5,30,0.0,1
59,5,31,0.0,1
59,5,32,1.0,1
59,5,33,0.0,1
59,5,34,0.0,1
59,5,35,0.0,1
59,5,36,1.0,1
59,6,1,0.0,3
59,6,2,0.4,3
59,6,3,0.0,3
59,6,4,0.4,3
59,6,5,0.0,3
59,6,6,0.0,3
59,6,7,0.0,3
59,6,8,0.0,3
59,6,9,0.0,3
59,6,10,0.0,3
59,6,11,0.0,3
59,6,12,0.0,3
59,6,13,0.0,3
59,6,14,0.0,3
59,6,15,0.0,3
59,6,16,0.0,3
59,6,17,0.0,3
59,6,18,0.0,3
59,6,19,0.0,3
59,6,20,0.0,3
59,6,21,0.0,3
59,6,22,0.0,3
59,6,23,0.0,3
59,6,24,0.0,3
59,6,25,0.0,3
59,6,26,0.0,3
59,6,27,0.0,3
59,6,28,0.0,3
59,6,29,0.0,3
59,6,30,0.0,3
59,6,31,0.0,3
59,6,32,0.0,3
59,6,33,0.0,3
59,6,34,0.0,3
59,6,35,0.0,3
59,6,36,0.0,3
59,7,1,0.0,4
59,7,2,0.16666666666666666,4
59,7,3,0.0,4
59,7,4,0.0,4
59,7,5,0.0,4
59,7,6,0.0,4
59,7,7,0.0,4
59,7,8,0.0,4
59,7,9,0.0,4
59,7,10,0.16666666666666666,4
59,7,11,0.0,4
59,7,12,0.08333333333333333,4
59,7,13,0.0,4
59,7,14,0.0,4
59,7,15,0.0,4
59,7,16,0.0,4
59,7,17,0.0,4
59,7,18,0.0,4
59,7,19,0.0,4
59,7,20,0.0,4
59,7,21,0.0,4
59,7,22,0.0,4
59,7,23,0.0,4
59,7,24,0.0,4
59,7,25,0.0,4
59,7,26,0.16666666666666666,4
59,7,27,0.0,4
59,7,28,0.3333333333333333,4
59,7,29,0.0,4
59,7,30,0.0,3
59,7,31,0.0,3
59,7,32,0.0,3
59,7,33,0.0,3
59,7,34,0.0,3
59,7,35,0.0,3
59,7,36,0.0,3
59,8,1,0.0,1
59,8,2,0.0,1
59,8,3,0.0,1
59,8,4,0.0,1
59,8,5,0.0,1
59,8,6,0.0,1
59,8,7,0.0,1
59,8,8,0.0,1
59,8,9,0.0,1
59,8,10,0.0,1
59,8,11,0.0,1
59,8,12,0.0,1
59,8,13,0.0,1
59,8,14,0.0,1
59,8,15,0.0,1
59,8,16,0.0,1
59,8,17,0.0,1
59,8,18,0.0,1
59,8,19,0.0,1
59,8,20,0.0,1
59,8,21,0.0,1
59,8,22,0.0,1
59,8,23,0.0,1
59,8,24,0.0,1
59,8,25,0.0,1
59,8,26,0.0,1
59,8,27,0.0,1
59,8,28,0.0,1
59,8,29,0.0,1
59,8,30,0.0,1
59,8,31,0.0,1
59,9,1,0.0,2
59,9,2,0.0,2
59,9,3,0.0,2
59,9,4,0.0,2
59,9,5,0.0,2
59,9,6,0.0,2
59,9,7,0.0,2
59,9,8,0.0,2
59,9,9,0.0,2
59,9,10,0.0,2
59,9,11,0.0,2
59,9,12,0.0,2
59,9,13,0.0,2
59,9,14,0.0,2
59,9,15,0.0,2
59,9,16,0.0,2
59,9,17,0.0,2
59,9,18,0.0,2
59,9,19,0.0,2
59,9,20,0.0,2
59,9,21,0.0,2
59,9,22,0.0,2
59,9,23,0.0,2
59,9,24,0.0,2
59,9,25,0.0,2
59,9,26,0.0,2
59,9,27,0.0,2
59,9,28,0.0,2
59,9,29,0.0,2
59,9,30,0.5,2
59,9,31,0.0,2
59,9,32,0.0,2
59,9,33,0.0,2
59,9,34,0.0,2
59,9,35,0.0,2
59,9,36,0.0,2
59,10,1,0.0,4
59,10,2,0.0,4
59,10,3,0.0,4
59,10,4,0.5,4
59,10,5,0.0,4
59,10,6,0.0,4
59,10,7,0.0,4
59,10,8,0.25,4
59,10,9,0.0,4
59,10,10,0.0,4
59,10,11,0.0,4
59,10,12,0.25,4
59,10,13,0.0,4
59,10,14,0.0,4
59,10,15,0.0,4
59,10,16,0.25,4
59,10,17,0.0,4
59,10,18,0.0,4
59,10,19,0.0,3
59,10,20,0.3333333333333333,3
59,10,21,0.0,3
59,10,22,0.0,3
59,10,23,0.0,3
59,10,24,0.0,3
59,10,25,0.0,3
59,10,26,0.0,3
59,10,27,0.0,3
59,10,28,0.0,3
59,10,29,0.0,3
59,10,30,0.0,3
59,10,31,0.0,2
59,10,32,0.0,2
59,10,33,0.0,2
59,10,34,0.0,2
59,10,35,0.0,1
59,10,36,0.0,1
59,13,1,0.16666666666666666,4
59,13,2,0.0,4
59,13,3,0.0,3
59,13,4,0.0,2
59,13,5,0.0,2
59,13,6,0.0,2
59,13,7,0.0,2
59,13,8,0.0,2
59,13,9,0.3333333333333333,2
59,13,10,0.6666666666666666,2
59,13,11,0.0,2
59,13,12,0.0,2
59,13,13,1.0,1
59,13,14,0.0,1
59,13,15,0.0,1
59,13,16,0.0,1
59,13,17,0.0,1
59,13,18,0.0,1
59,13,19,0.0,1
59,13,20,0.0,1
59,13,21,0.0,1
59,13,22,0.5,1
59,13,23,1.0,1
59,13,24,0.0,1
59,13,25,0.0,1
59,14,1,0.0,2
59,14,2,0.0,2
59,14,3,0.0,2
59,14,4,0.0,2
59,14,5,0.0,2
59,14,6,0.0,2
59,14,7,0.0,2
59,14,8,0.0,2
59,14,9,0.0,2
59,14,10,0.0,2
59,14,11,0.0,2
59,14,12,0.0,2
59,14,13,0.0,2
59,14,14,0.0,2
59,14,15,0.0,2
59,14,16,0.0,1
59,14,17,0.0,1
59,14,18,0.0,1
59,14,19,0.0,1
59,14,20,0.0,1
59,14,21,0.0,1
59,14,22,0.0,1
59,14,23,0.0,1
59,14,24,0.0,1
59,14,25,0.0,1
59,14,26,0.0,1
59,14,27,0.0,1
59,14,28,0.0,1
59,14,29,0.0,1
59,14,30,0.0,1
59,14,31,0.0,1
59,14,32,0.0,1
59,14,33,0.0,1
59,14,34,0.0,1
59,14,35,0.0,1
59,14,36,0.0,1
59,15,1,0.3333333333333333,2
59,15,2,0.0,2
59,15,3,0.0,2
59,15,4,0.0,2
59,15,5,0.0,2
59,15,6,0.0,2
59,15,7,0.0,2
59,15,8,0.0,2
59,15,9,0.0,2
59,15,10,0.0,2
59,15,11,0.0,2
59,15,12,0.0,2
59,15,13,0.0,2
59,15,14,0.0,2
59,15,15,0.0,2
59,15,16,0.0,2
59,15,17,0.0,2
59,15,18,0.0,2
59,15,19,0.0,2
59,15,20,0.0,2
59,15,21,0.0,2
59,15,22,0.0,2
59,15,23,0.0,2
59,15,24,0.0,2
59,15,25,0.0,2
59,15,26,0.0,2
59,15,27,0.0,2
59,15,28,0.0,2
59,15,29,0.0,2
59,15,30,0.0,2
59,15,31,0.0,2
59,15,32,0.0,2
59,15,33,0.0,2
59,15,34,0.0,2
59,15,35,0.0,2
59,15,36,0.0,2
59,16,1,0.0,6
59,16,2,0.16666666666666666,6
59,16,3,0.0,6
59,16,4,0.0,6
59,16,5,0.16666666666666666,6
59,16,6,0.16666666666666666,6
59,16,7,0.16666666666666666,6
59,16,8,0.16666666666666666,6
59,16,9,0.16666666666666666,6
59,16,10,0.16666666666666666,6
59,16,11,0.0,6
59,16,12,0.16666666666666666,6
59,16,13,0.0,6
59,16,14,0.3333333333333333,6
59,16,15,0.0,6
59,16,16,0.16666666666666666,6
59,16,17,0.16666666666666666,6
59,16,18,0.0,6
59,16,19,0.0,6
59,16,20,0.0,6
59,16,21,0.0,6
59,16,22,0.16666666666666666,6
59,16,23,0.16666666666666666,6
59,16,24,0.0,6
59,16,25,0.0,6
59,16,26,0.0,6
59,16,27,0.0,6
59,16,28,0.16666666666666666,6
59,16,29,0.0,6
59,16,30,0.0,6
59,16,31,0.0,6
59,16,32,0.0,6
59,16,33,0.0,6
59,16,34,0.0,6
59,16,35,0.0,6
59,16,36,0.0,5
59,17,1,0.0,8
59,17,2,0.0,8
59,17,3,0.05882352941176471,8
59,17,4,0.0,8
59,17,5,0.20588235294117652,8
59,17,6,0.0,8
59,17,7,0.05882352941176471,8
59,17,8,0.0,8
59,17,9,0.046875,7
59,17,10,0.1875,7
59,17,11,0.1875,7
59,17,12,0.0625,7
59,17,13,0.0,7
59,17,14,0.034482758620689655,6
59,17,15,0.20689655172413796,6
59,17,16,0.20689655172413796,6
59,17,17,0.0,6
59,17,18,0.0,6
59,17,19,0.0,6
59,17,20,0.0,6
59,17,21,0.0,6
59,17,22,0.0,6
59,17,23,0.1923076923076923,5
59,17,24,0.0,5
59,17,25,0.0,5
59,17,26,0.23076923076923078,5
59,17,27,0.0,5
59,17,28,0.0,5
59,17,29,0.0,5
59,17,30,0.0,5
59,17,31,0.0,5
59,17,32,0.11538461538461539,5
59,17,33,0.0,5
59,17,34,0.11538461538461539,5
59,17,35,0.0,5
59,17,36,0.0,5
59,18,1,0.21153846153846154,12
59,18,2,0.038461538461538464,12
59,18,3,0.11538461538461539,12
59,18,4,0.11538461538461539,12
59,18,5,0.11538461538461539,12
59,18,6,0.0,12
59,18,7,0.038461538461538464,12
59,18,8,0.1730769230769231,12
59,18,9,0.12000000000000002,11
59,18,10,0.06382978723404256,10
59,18,11,0.22340425531914895,10
59,18,12,0.11702127659574467,10
59,18,13,0.14184397163120568,10
59,18,14,0.25531914893617025,10
59,18,15,0.10638297872340426,10
59,18,16,0.06382978723404256,10
59,18,17,0.12765957446808512,10
59,18,18,0.12765957446808512,10
59,18,19,0.25531914893617025,10
59,18,20,0.04878048780487805,9
59,18,21,0.0,8
59,18,22,0.0,7
59,18,23,0.041666666666666664,7
59,18,24,0.1111111111111111,7
59,18,25,0.05555555555555555,7
59,18,26,0.05555555555555555,7
59,18,27,0.16666666666666666,7
59,18,28,0.2222222222222222,7
59,18,29,0.2,6
59,18,30,0.1,6
59,18,31,0.0,6
59,18,32,0.2,6
59,18,33,0.2222222222222222,5
59,18,34,0.07142857142857142,4
59,18,35,0.0,4
59,18,36,0.0,4
6,1,1,0.3684210526315789,11
6,1,2,0.2894736842105263,11
6,1,3,0.3157894736842105,11
6,1,4,0.3157894736842105,11
6,1,5,0.18421052631578946,11
6,1,6,0.42105263157894735,11
6,1,7,0.18421052631578946,11
6,1,8,0.15789473684210525,11
6,1,9,0.3684210526315789,11
6,1,10,0.3157894736842105,11
6,1,11,0.10526315789473684,11
6,1,12,0.2631578947368421,11
6,1,13,0.21052631578947367,11
6,1,14,0.10526315789473684,11
6,1,15,0.15789473684210525,11
6,1,16,0.15789473684210525,11
6,1,17,0.05263157894736842,11
6,1,18,0.15789473684210525,11
6,1,19,0.10526315789473684,11
6,1,20,0.0,11
6,1,21,0.0,11
6,1,22,0.05263157894736842,11
6,1,23,0.0,11
6,1,24,0.0,11
6,1,25,0.0,11
6,1,26,0.0,11
6,1,27,0.0,11
6,1,28,0.0,11
6,1,29,0.0,11
6,1,30,0.0,11
6,1,31,0.0,11
6,1,32,0.0,11
6,1,33,0.0,11
6,1,34,0.0,11
6,1,35,0.0,11
6,1,36,0.0,11
6,12,1,0.2413793103448276,17
6,12,2,0.5714285714285714,16
6,12,3,0.4423076923076923,15
6,12,4,0.4166666666666667,14
6,12,5,0.5217391304347826,13
6,12,6,0.23809523809523808,12
6,12,7,0.5238095238095238,12
6,12,8,0.35,11
6,12,9,0.2777777777777778,10
6,12,10,0.3333333333333333,10
6,12,11,0.29411764705882354,9
6,12,12,0.38235294117647056,9
6,12,13,0.26666666666666666,8
6,12,14,0.4,8
6,12,15,0.43333333333333335,8
6,12,16,0.38461538461538464,7
6,12,17,0.23076923076923078,7
6,12,18,0.5,6
6,12,19,0.18181818181818182,6
6,12,20,0.5,5
6,12,21,0.4,5
6,12,22,0.6,5
6,12,23,0.2,5
6,12,24,0.5,4
6,12,25,0.375,4
6,12,26,0.25,4
6,12,27,0.625,4
6,12,28,0.0,4
6,12,29,0.875,4
6,12,30,0.125,4
6,12,31,0.375,4
6,12,32,0.625,4
6,12,33,0.375,4
6,12,34,0.75,4
6,12,35,0.375,4
6,12,36,0.875,4
6,17,1,0.4647887323943662,39
6,17,2,0.6214285714285714,38
6,17,3,0.5285714285714286,38
6,17,4,0.5785714285714286,38
6,17,5,0.5857142857142857,38
6,17,6,0.4857142857142857,38
6,17,7,0.6323529411764706,37
6,17,8,0.4852941176470588,37
6,17,9,0.5294117647058824,37
6,17,10,0.49242424242424243,36
6,17,11,0.5454545454545454,36
6,17,12,0.484375,35
6,17,13,0.578125,35
6,17,14,0.49193548387096775,34
6,17,15,0.5333333333333333,33
6,17,16,0.49166666666666664,33
6,17,17,0.4482758620689655,32
6,17,18,0.5344827586206896,32
6,17,19,0.39285714285714285,31
6,17,20,0.5,31
6,17,21,0.42592592592592593,30
6,17,22,0.5769230769230769,29
6,17,23,0.37,28
6,17,24,0.47,28
6,17,25,0.42857142857142855,27
6,17,26,0.48936170212765956,26
6,17,27,0.5111111111111111,25
6,17,28,0.4418604651162791,24
6,17,29,0.573170731707317,23
6,17,30,0.34615384615384615,22
6,17,31,0.5263157894736842,21
6,17,32,0.4444444444444444,20
6,17,33,0.5294117647058824,19
6,17,34,0.578125,18
6,17,35,0.5333333333333333,17
6,17,36,0.5714285714285714,16
60,1,1,0.0,1
60,1,2,0.0,1
60,1,3,0.0,1
60,1,4,0.0,1
60,1,5,0.0,1
60,1,6,0.0,1
60,1,7,0.0,1
60,1,8,0.0,1
60,1,9,0.0,1
60,1,10,0.0,1
60,1,11,0.0,1
60,1,12,0.0,1
60,1,13,0.0,1
60,1,14,0.0,1
60,1,15,0.0,1
60,1,16,0.0,1
60,1,17,0.0,1
60,1,18,0.0,1
60,1,19,0.0,1
60,1,20,0.0,1
60,1,21,0.0,1
60,1,22,0.0,1
60,1,23,0.0,1
60,1,24,0.0,1
60,1,25,0.0,1
60,1,26,0.0,1
60,1,27,0.0,1
60,1,28,0.0,1
60,1,29,0.0,1
60,1,30,0.0,1
60,1,31,0.0,1
60,1,32,0.0,1
60,1,33,0.0,1
60,1,34,0.0,1
60,1,35,0.0,1
60,1,36,0.0,1
60,2,1,0.18181818181818182,10
60,2,2,0.0,10
60,2,3,0.12121212121212122,10
60,2,4,0.06060606060606061,10
60,2,5,0.24242424242424243,10
60,2,6,0.24242424242424243,10
60,2,7,0.030303030303030304,10
60,2,8,0.07575757575757576,10
60,2,9,0.15151515151515152,10
60,2,10,0.030303030303030304,10
60,2,11,0.18181818181818182,10
60,2,12,0.15151515151515152,10
60,2,13,0.0,10
60,2,14,0.12121212121212122,10
60,2,15,0.15151515151515152,10
60,2,16,0.12121212121212122,10
60,2,17,0.24242424242424243,10
60,2,18,0.06060606060606061,10
60,2,19,0.0,10
60,2,20,0.0,10
60,2,21,0.15151515151515152,10
60,2,22,0.30303030303030304,10
60,2,23,0.12121212121212122,10
60,2,24,0.030303030303030304,10
60,2,25,0.0,10
60,2,26,0.0,10
60,2,27,0.12121212121212122,10
60,2,28,0.12903225806451613,9
60,2,29,0.06451612903225806,9
60,2,30,0.0,9
60,2,31,0.12903225806451613,9
60,2,32,0.08064516129032258,9
60,2,33,0.12903225806451613,9
60,2,34,0.0,9
60,2,35,0.0,9
60,2,36,0.14814814814814814,8
60,5,1,0.2,12
60,5,2,0.08653846153846155,11
60,5,3,0.13043478260869565,10
60,5,4,0.391304347826087,10
60,5,5,0.3043478260869565,10
60,5,6,0.16666666666666669,10
60,5,7,0.125,9
60,5,8,0.10526315789473684,8
60,5,9,0.3684210526315789,8
60,5,10,0.15789473684210528,8
60,5,11,0.3684210526315789,8
60,5,12,0.21875000000000003,7
60,5,13,0.15625,7
60,5,14,0.05,6
60,5,15,0.36666666666666664,6
60,5,16,0.574074074074074,5
60,5,17,0.2222222222222222,5
60,5,18,0.0,4
60,5,19,0.3333333333333333,4
60,5,20,0.75,4
60,5,21,0.375,4
60,5,22,0.125,4
60,5,23,0.0,3
60,5,24,0.5,2
60,5,25,0.5,2
60,5,26,0.0,2
60,5,27,0.5,1
60,5,28,0.0,1
60,5,29,0.3333333333333333,1
60,5,30,0.0,1
60,5,31,1.0,1
60,5,32,0.0,1
60,5,33,0.0,1
60,5,34,0.0,1
60,5,35,0.3333333333333333,1
60,5,36,1.0,1
60,6,1,0.1875,10
60,6,2,0.1875,10
60,6,3,0.15625,10
60,6,4,0.03125,10
60,6,5,0.1875,10
60,6,6,0.125,10
60,6,7,0.125,10
60,6,8,0.1875,10
60,6,9,0.0,10
60,6,10,0.1875,10
60,6,11,0.125,10
60,6,12,0.1875,10
60,6,13,0.1875,10
60,6,14,0.125,10
60,6,15,0.0,10
60,6,16,0.125,10
60,6,17,0.0625,10
60,6,18,0.125,10
60,6,19,0.25,10
60,6,20,0.0625,10
60,6,21,0.125,10
60,6,22,0.1875,10
60,6,23,0.0,10
60,6,24,0.0625,10
60,6,25,0.0,10
60,6,26,0.0625,10
60,6,27,0.0625,10
60,6,28,0.0,10
60,6,29,0.0625,10
60,6,30,0.0,9
60,6,31,0.0,9
60,6,32,0.03333333333333333,9
60,6,33,0.0,8
60,6,34,0.0,8
60,6,35,0.03571428571428571,8
60,6,36,0.03571428571428571,8
60,7,1,0.03333333333333333,6
60,7,2,0.06666666666666667,6
60,7,3,0.03333333333333333,6
60,7,4,0.0,6
60,7,5,0.0,6
60,7,6,0.13333333333333333,6
60,7,7,0.0,6
60,7,8,0.0,6
60,7,9,0.0,6
60,7,10,0.26666666666666666,6
60,7,11,0.0,6
60,7,12,0.0,6
60,7,13,0.0,6
60,7,14,0.0,6
60,7,15,0.0,6
60,7,16,0.2,6
60,7,17,0.13333333333333333,6
60,7,18,0.0,6
60,7,19,0.13333333333333333,6
60,7,20,0.0,6
60,7,21,0.0,6
60,7,22,0.0,6
60,7,23,0.0,6
60,7,24,0.0,6
60,7,25,0.0,6
60,7,26,0.06666666666666667,6
60,7,27,0.13333333333333333,6
60,7,28,0.0,5
60,7,29,0.15384615384615385,5
60,7,30,0.0,5
60,7,31,0.0,5
60,7,32,0.038461538461538464,5
60,7,33,0.07692307692307693,5
60,7,34,0.0,4
60,7,35,0.1111111111111111,4
60,7,36,0.0,4
60,9,1,0.0,1
60,9,2,0.0,1
60,9,3,0.0,1
60,9,4,0.0,1
60,9,5,0.0,1
60,9,6,0.0,1
60,9,7,0.0,1
60,9,8,0.0,1
60,9,9,0.0,1
60,9,10,0.0,1
60,9,11,0.0,1
60,9,12,0.0,1
60,9,13,0.0,1
60,9,14,0.0,1
60,9,15,0.0,1
60,9,16,0.0,1
60,9,17,0.0,1
60,9,18,0.0,1
60,9,19,0.0,1
60,9,20,0.0,1
60,9,21,0.0,1
60,9,22,0.0,1
60,9,23,0.0,1
60,9,24,0.0,1
60,9,25,0.0,1
60,9,26,0.0,1
60,9,27,0.0,1
60,9,28,0.0,1
60,9,29,0.0,1
60,9,30,0.0,1
60,9,31,0.0,1
60,9,32,0.0,1
60,9,33,0.0,1
60,9,34,0.0,1
60,9,35,0.0,1
60,9,36,0.0,1
60,10,1,0.0,1
60,10,2,0.0,1
60,10,3,0.0,1
60,10,4,0.0,1
60,10,5,0.0,1
60,10,6,0.0,1
60,10,7,0.0,1
60,10,8,0.0,1
60,10,9,0.0,1
60,10,10,0.0,1
60,10,11,0.0,1
60,10,12,0.0,1
60,10,13,0.0,1
60,10,14,0.0,1
60,10,15,0.0,1
60,10,16,0.0,1
60,10,17,0.0,1
60,10,18,0.0,1
60,10,19,0.0,1
60,10,20,0.0,1
60,10,21,0.0,1
60,10,22,0.0,1
60,10,23,0.0,1
60,10,24,0.0,1
60,10,25,0.0,1
60,10,26,0.0,1
60,10,27,0.0,1
60,10,28,0.0,1
60,10,29,0.0,1
60,10,30,0.0,1
60,10,31,0.0,1
60,10,32,0.0,1
60,10,33,0.0,1
60,10,34,0.0,1
60,10,35,0.0,1
60,10,36,0.0,1
60,12,1,0.0,1
60,12,2,0.0,1
60,12,3,0.0,1
60,12,4,0.0,1
60,12,5,0.0,1
60,12,6,0.0,1
60,12,7,0.0,1
60,12,8,0.0,1
60,12,9,0.0,1
60,12,10,0.0,1
60,12,11,0.0,1
60,12,12,0.0,1
60,12,13,0.0,1
60,13,1,0.0,1
60,13,2,0.0,1
60,13,3,0.0,1
60,13,4,0.0,1
60,13,5,0.0,1
60,13,6,0.0,1
60,13,7,0.0,1
60,15,1,0.0,3
60,15,2,0.0,3
60,15,3,0.6,3
60,15,4,0.0,3
60,15,5,0.0,3
60,15,6,0.2,3
60,15,7,0.0,3
60,15,8,0.0,3
60,15,9,0.0,3
60,15,10,0.0,3
60,15,11,0.0,3
60,15,12,0.0,3
60,15,13,0.0,3
60,15,14,0.0,3
60,15,15,0.0,3
60,15,16,0.0,3
60,15,17,0.0,3
60,15,18,0.0,3
60,15,19,0.0,3
60,15,20,0.0,3
60,15,21,0.0,3
60,15,22,0.0,3
60,15,23,0.0,3
60,15,24,0.0,3
60,15,25,0.0,3
60,15,26,0.0,2
60,15,27,0.0,2
60,15,28,0.0,2
60,15,29,0.0,1
60,15,30,0.0,1
60,15,31,0.0,1
60,16,1,0.125,9
60,16,2,0.125,9
60,16,3,0.125,9
60,16,4,0.08333333333333333,9
60,16,5,0.20833333333333334,9
60,16,6,0.0,9
60,16,7,0.25,9
60,16,8,0.08333333333333333,9
60,16,9,0.08333333333333333,9
60,16,10,0.041666666666666664,9
60,16,11,0.125,9
60,16,12,0.25,9
60,16,13,0.08333333333333333,9
60,16,14,0.0,9
60,16,15,0.0,9
60,16,16,0.08333333333333333,9
60,16,17,0.0,9
60,16,18,0.08333333333333333,9
60,16,19,0.125,9
60,16,20,0.125,9
60,16,21,0.041666666666666664,9
60,16,22,0.041666666666666664,9
60,16,23,0.16666666666666666,9
60,16,24,0.041666666666666664,9
60,16,25,0.125,9
60,16,26,0.0,9
60,16,27,0.0,9
60,16,28,0.08333333333333333,9
60,16,29,0.0,9
60,16,30,0.045454545454545456,8
60,16,31,0.0,8
60,16,32,0.045454545454545456,8
60,16,33,0.0,7
60,16,34,0.0,7
60,16,35,0.05555555555555555,6
60,16,36,0.0,6
60,17,1,0.049999999999999996,5
60,17,2,0.0,5
60,17,3,0.0,5
60,17,4,0.0,5
60,17,5,0.049999999999999996,5
60,17,6,0.22499999999999998,5
60,17,7,0.09999999999999999,5
60,17,8,0.0,5
60,17,9,0.0,4
60,17,10,0.0,4
60,17,11,0.0,4
60,17,12,0.1764705882352941,4
60,17,13,0.0,4
60,17,14,0.0,3
60,17,15,0.0,2
60,17,16,0.5,2
60,17,17,0.0,2
60,17,18,0.0,2
60,17,19,0.0,2
60,17,20,0.0,2
60,17,21,0.0,1
60,17,22,0.5,1
60,17,23,0.3333333333333333,1
60,17,24,0.0,1
60,17,25,0.0,1
60,17,26,0.0,1
60,17,27,0.0,1
60,17,28,0.5,1
60,17,29,0.0,1
60,17,30,0.0,1
60,17,31,0.0,1
60,17,32,0.0,1
60,17,33,0.0,1
60,17,34,0.0,1
60,17,35,0.0,1
60,17,36,0.0,1
60,18,1,0.14814814814814814,8
60,18,2,0.14814814814814814,8
60,18,3,0.0,8
60,18,4,0.037037037037037035,8
60,18,5,0.0,8
60,18,6,0.037037037037037035,8
60,18,7,0.0,8
60,18,8,0.0,8
60,18,9,0.14814814814814814,8
60,18,10,0.34782608695652173,7
60,18,11,0.10526315789473684,6
60,18,12,0.0,6
60,18,13,0.0,6
60,18,14,0.0,6
60,18,15,0.0,6
60,18,16,0.0,6
60,18,17,0.0,6
60,18,18,0.0,6
60,18,19,0.10526315789473684,6
60,18,20,0.23529411764705882,5
60,18,21,0.35294117647058826,5
60,18,22,0.0,5
60,18,23,0.23529411764705882,5
60,18,24,0.0,5
60,18,25,0.23529411764705882,5
60,18,26,0.0,5
60,18,27,0.0,5
60,18,28,0.0,5
60,18,29,0.058823529411764705,5
60,18,30,0.35294117647058826,5
60,18,31,0.3076923076923077,4
60,18,32,0.0,4
60,18,33,0.3076923076923077,4
60,18,34,0.0,4
60,18,35,0.3076923076923077,4
60,18,36,0.0,4
61,3,1,0.2916666666666667,9
61,3,2,0.125,9
61,3,3,0.25,9
61,3,4,0.375,9
61,3,5,0.125,9
61,3,6,0.041666666666666664,9
61,3,7,0.25,9
61,3,8,0.20833333333333334,9
61,3,9,0.0,9
61,3,10,0.16666666666666666,9
61,3,11,0.2916666666666667,9
61,3,12,0.20833333333333334,9
61,3,13,0.0,9
61,3,14,0.041666666666666664,9
61,3,15,0.125,9
61,3,16,0.0,9
61,3,17,0.0,9
61,3,18,0.041666666666666664,9
61,3,19,0.0,9
61,3,20,0.0,8
61,3,21,0.0,8
61,3,22,0.09090909090909091,8
61,3,23,0.0,8
61,3,24,0.0,8
61,3,25,0.0,8
61,3,26,0.0,8
61,3,27,0.0,7
61,3,28,0.0,7
61,3,29,0.0,7
61,3,30,0.0,6
61,3,31,0.0,5
61,3,32,0.0,4
61,3,33,0.0,4
61,3,34,0.0,3
61,3,35,0.0,2
61,3,36,0.0,2
61,4,1,0.0,4
61,4,2,0.1,4
61,4,3,0.0,4
61,4,4,0.0,4
61,4,5,0.0,4
61,4,6,0.0,4
61,4,7,0.0,4
61,4,8,0.0,4
61,4,9,0.0,4
61,4,10,0.0,4
61,4,11,0.125,3
61,4,12,0.25,3
61,4,13,0.16666666666666666,2
61,4,14,0.0,2
61,4,15,0.0,2
61,4,16,0.0,2
61,4,17,0.0,2
61,4,18,0.0,2
61,4,19,0.0,2
61,4,20,0.0,2
61,4,21,0.0,2
61,4,22,0.0,2
61,4,23,0.3333333333333333,2
61,4,24,0.0,1
61,4,25,0.5,1
61,4,26,0.0,1
61,4,27,0.0,1
61,4,28,0.0,1
61,4,29,0.0,1
61,4,30,0.0,1
61,4,31,0.0,1
61,4,32,0.0,1
61,4,33,0.0,1
61,4,34,0.0,1
61,4,35,0.0,1
61,7,1,0.0,1
61,7,2,0.0,1
61,7,3,0.0,1
61,7,4,0.0,1
61,7,5,0.0,1
61,7,6,0.0,1
61,7,7,0.0,1
61,7,8,0.0,1
61,7,9,0.0,1
61,7,10,0.0,1
61,7,11,0.0,1
61,7,12,0.0,1
61,7,13,0.0,1
61,7,14,0.0,1
61,7,15,0.0,1
61,7,16,0.0,1
61,7,17,0.0,1
61,7,18,0.0,1
61,7,19,0.0,1
61,7,20,0.0,1
61,7,21,0.0,1
61,7,22,0.0,1
61,7,23,0.0,1
61,7,24,0.0,1
61,7,25,0.0,1
61,7,26,0.0,1
61,7,27,0.0,1
61,7,28,0.0,1
61,7,29,0.0,1
61,7,30,0.0,1
61,7,31,0.0,1
61,7,32,0.0,1
61,7,33,0.0,1
61,7,34,0.0,1
61,7,35,0.0,1
61,7,36,0.0,1
61,8,1,0.625,12
61,8,2,0.375,12
61,8,3,0.3611111111111111,11
61,8,4,0.5,10
61,8,5,0.5625,10
61,8,6,0.5625,10
61,8,7,0.5714285714285714,9
61,8,8,0.4166666666666667,8
61,8,9,0.3,7
61,8,10,0.3333333333333333,6
61,8,11,0.5,5
61,8,12,0.5,5
61,8,13,0.2857142857142857,4
61,8,14,0.0,3
61,8,15,0.0,2
61,8,16,0.0,1
61,8,17,0.0,1
61,8,18,0.0,1
61,8,19,0.0,1
61,8,20,0.0,1
61,8,21,0.0,1
61,8,22,0.0,1
61,8,23,0.0,1
61,8,24,0.0,1
61,8,25,0.0,1
61,8,26,0.0,1
61,8,27,0.0,1
61,8,28,0.0,1
61,8,29,1.0,1
61,8,30,1.0,1
61,8,31,1.0,1
61,8,32,0.5,1
61,8,33,0.0,1
61,8,34,0.5,1
61,8,35,0.5,1
61,8,36,1.0,1
61,9,1,0.6929824561403509,30
61,9,2,0.6491228070175439,30
61,9,3,0.6666666666666666,30
61,9,4,0.631578947368421,30
61,9,5,0.6491228070175439,30
61,9,6,0.6491228070175439,30
61,9,7,0.6140350877192983,30
61,9,8,0.5789473684210527,30
61,9,9,0.5087719298245614,30
61,9,10,0.49122807017543857,30
61,9,11,0.543859649122807,30
61,9,12,0.5263157894736842,30
61,9,13,0.5087719298245614,30
61,9,14,0.45614035087719296,30
61,9,15,0.38596491228070173,30
61,9,16,0.38596491228070173,30
61,9,17,0.3684210526315789,30
61,9,18,0.36363636363636365,29
61,9,19,0.38181818181818183,29
61,9,20,0.32727272727272727,29
61,9,21,0.24528301886792453,28
61,9,22,0.22641509433962265,28
61,9,23,0.2830188679245283,28
61,9,24,0.24528301886792453,28
61,9,25,0.20754716981132076,28
61,9,26,0.2358490566037736,28
61,9,27,0.16037735849056603,28
61,9,28,0.1509433962264151,28
61,9,29,0.09433962264150944,28
61,9,30,0.16981132075471697,28
61,9,31,0.16981132075471697,28
61,9,32,0.09433962264150944,28
61,9,33,0.09433962264150944,28
61,9,34,0.07547169811320754,28
61,9,35,0.09615384615384616,27
61,9,36,0.09615384615384616,27
61,14,1,0.3148148148148148,18
61,14,2,0.2692307692307692,17
61,14,3,0.34615384615384615,17
61,14,4,0.4230769230769231,17
61,14,5,0.3,16
61,14,6,0.45652173913043476,15
61,14,7,0.30434782608695654,15
61,14,8,0.1956521739130435,15
61,14,9,0.2391304347826087,15
61,14,10,0.3695652173913043,15
61,14,11,0.43478260869565216,15
61,14,12,0.21739130434782608,15
61,14,13,0.1956521739130435,15
61,14,14,0.2608695652173913,15
61,14,15,0.2391304347826087,15
61,14,16,0.2608695652173913,15
61,14,17,0.3333333333333333,14
61,14,18,0.11904761904761904,14
61,14,19,0.1,13
61,14,20,0.34210526315789475,12
61,14,21,0.23684210526315788,12
61,14,22,0.2647058823529412,11
61,14,23,0.28125,10
61,14,24,0.1875,10
61,14,25,0.03333333333333333,9
61,14,26,0.3076923076923077,8
61,14,27,0.2916666666666667,7
61,14,28,0.1,6
61,14,29,0.0,5
61,14,30,0.0625,5
61,14,31,0.25,5
61,14,32,0.07142857142857142,4
61,14,33,0.4,3
61,14,34,0.2,3
61,14,35,0.1,3
61,14,36,0.0,3
61,15,1,0.0,1
61,15,2,0.0,1
61,15,3,0.0,1
61,15,4,0.0,1
61,15,5,0.0,1
61,15,6,0.0,1
61,15,7,0.0,1
61,15,8,0.0,1
61,15,9,0.0,1
61,15,10,0.0,1
61,15,11,0.0,1
61,15,12,0.0,1
61,15,13,0.0,1
61,15,14,0.0,1
61,15,15,0.0,1
61,15,16,0.0,1
61,15,17,0.0,1
61,15,18,0.0,1
61,16,1,0.0,3
61,16,2,0.0,3
61,16,3,0.0,3
61,16,4,0.0,3
61,16,5,0.0,3
61,16,6,0.4,3
61,16,7,0.0,3
61,16,8,0.0,3
61,16,9,0.0,3
61,16,10,0.0,3
61,16,11,0.0,3
61,16,12,0.0,3
61,16,13,0.2,3
61,16,14,0.0,3
61,16,15,0.0,3
61,16,16,0.0,3
61,16,17,0.0,3
61,16,18,0.0,3
61,16,19,0.2,3
61,16,20,0.0,3
61,16,21,0.0,3
61,16,22,0.0,3
61,16,23,0.0,3
61,16,24,0.0,3
61,16,25,0.0,3
61,16,26,0.0,3
61,16,27,0.0,3
61,16,28,0.0,3
61,16,29,0.0,3
61,16,30,0.0,3
61,16,31,0.0,3
61,16,32,0.0,3
61,16,33,0.0,3
61,16,34,0.0,3
61,16,35,0.0,3
61,16,36,0.0,3
62,2,1,0.16666666666666666,3
62,2,2,0.0,3
62,2,3,0.0,3
62,2,4,0.0,3
62,2,5,0.0,3
62,2,6,0.0,3
62,2,7,0.0,3
62,2,8,0.0,3
62,2,9,0.0,3
62,2,10,0.0,3
62,2,11,0.0,3
62,2,12,0.0,3
62,2,13,0.0,3
62,2,14,0.0,3
62,2,15,0.0,3
62,2,16,0.0,3
62,2,17,0.0,3
62,2,18,0.16666666666666666,3
62,2,19,0.16666666666666666,3
62,2,20,0.0,3
62,2,21,0.0,3
62,2,22,0.0,3
62,2,23,0.0,3
62,2,24,0.0,3
62,2,25,0.0,3
62,2,26,0.0,3
62,2,27,0.0,3
62,2,28,0.0,3
62,2,29,0.0,3
62,2,30,0.0,3
62,2,31,0.0,3
62,2,32,0.0,3
62,2,33,0.0,3
62,2,34,0.0,3
62,2,35,0.0,3
62,2,36,0.0,3
62,4,1,0.0,1
62,4,2,0.0,1
62,4,3,0.0,1
62,4,4,0.0,1
62,4,5,0.0,1
62,4,6,0.0,1
62,4,7,0.0,1
62,4,8,0.0,1
62,4,9,0.0,1
62,4,10,0.0,1
62,5,1,0.25423728813559326,12
62,5,2,0.11320754716981134,11
62,5,3,0.25531914893617025,10
62,5,4,0.25531914893617025,10
62,5,5,0.43902439024390244,9
62,5,6,0.4634146341463415,9
62,5,7,0.17073170731707318,9
62,5,8,0.08571428571428572,8
62,5,9,0.20689655172413796,7
62,5,10,0.3793103448275862,7
62,5,11,0.4137931034482759,7
62,5,12,0.27586206896551724,7
62,5,13,0.057692307692307696,6
62,5,14,0.15000000000000002,5
62,5,15,0.37500000000000006,5
62,5,16,0.30000000000000004,5
62,5,17,0.15000000000000002,5
62,5,18,0.15000000000000002,5
62,5,19,0.45000000000000007,5
62,5,20,0.25,5
62,5,21,0.35000000000000003,5
62,5,22,0.6000000000000001,5
62,5,23,0.15000000000000002,5
62,5,24,0.0,4
62,5,25,0.35714285714285715,4
62,5,26,0.35714285714285715,4
62,5,27,0.2142857142857143,4
62,5,28,0.13636363636363638,3
62,5,29,0.18181818181818182,3
62,5,30,0.0,3
62,5,31,0.18181818181818182,3
62,5,32,1.0,3
62,5,33,0.5454545454545455,3
62,5,34,0.0,2
62,5,35,0.0,2
62,5,36,0.3333333333333333,2
62,6,1,0.0,4
62,6,2,0.0,4
62,6,3,0.0,4
62,6,4,0.0,4
62,6,5,0.5714285714285714,4
62,6,6,0.0,4
62,6,7,0.0,4
62,6,8,0.14285714285714285,4
62,6,9,0.0,4
62,6,10,0.2857142857142857,4
62,6,11,0.0,4
62,6,12,0.0,4
62,6,13,0.14285714285714285,4
62,6,14,0.0,4
62,6,15,0.0,4
62,6,16,0.0,4
62,6,17,0.0,4
62,6,18,0.14285714285714285,4
62,6,19,0.0,4
62,6,20,0.0,4
62,6,21,0.0,4
62,6,22,0.0,4
62,6,23,0.0,4
62,6,24,0.0,4
62,6,25,0.0,4
62,6,26,0.0,4
62,6,27,0.0,4
62,6,28,0.0,4
62,6,29,0.0,4
62,6,30,0.0,4
62,6,31,0.0,4
62,6,32,0.0,4
62,6,33,0.0,4
62,6,34,0.0,4
62,6,35,0.0,4
62,6,36,0.0,4
62,7,1,0.0,4
62,7,2,0.0,4
62,7,3,0.0,4
62,7,4,0.0,4
62,7,5,0.1,4
62,7,6,0.0,4
62,7,7,0.0,4
62,7,8,0.0,4
62,7,9,0.0,4
62,7,10,0.2,4
62,7,11,0.0,4
62,7,12,0.0,4
62,7,13,0.0,4
62,7,14,0.0,4
62,7,15,0.3,4
62,7,16,0.0,4
62,7,17,0.0,4
62,7,18,0.0,4
62,7,19,0.0,4
62,7,20,0.1,4
62,7,21,0.0,4
62,7,22,0.0,4
62,7,23,0.0,4
62,7,24,0.0,4
62,7,25,0.0,4
62,7,26,0.0,4
62,7,27,0.0,4
62,7,28,0.0,4
62,7,29,0.0,4
62,7,30,0.2,4
62,7,31,0.0,4
62,7,32,0.0,4
62,7,33,0.0,4
62,7,34,0.0,4
62,7,35,0.0,3
62,7,36,0.0,3
62,8,1,0.0,4
62,8,2,0.0,4
62,8,3,0.0,4
62,8,4,0.0,3
62,8,5,0.0,3
62,8,6,0.0,3
62,8,7,0.0,3
62,8,8,0.0,3
62,8,9,0.0,3
62,8,10,0.0,3
62,8,11,0.0,3
62,8,12,0.6666666666666666,3
62,8,13,0.0,3
62,8,14,0.0,3
62,8,15,0.0,3
62,8,16,0.0,3
62,8,17,0.0,3
62,8,18,0.0,3
62,8,19,0.0,3
62,8,20,0.0,3
62,8,21,0.0,3
62,8,22,0.0,3
62,8,23,0.16666666666666666,3
62,8,24,0.3333333333333333,3
62,8,25,0.0,3
62,8,26,0.0,3
62,8,27,0.0,2
62,8,28,0.0,2
62,8,29,0.0,2
62,8,30,0.0,2
62,8,31,0.0,2
62,8,32,0.0,2
62,8,33,0.0,2
62,8,34,0.0,2
62,8,35,0.25,2
62,8,36,0.0,2
62,9,1,0.16666666666666666,6
62,9,2,0.16666666666666666,6
62,9,3,0.3333333333333333,6
62,9,4,0.0,6
62,9,5,0.0,6
62,9,6,0.0,6
62,9,7,0.0,6
62,9,8,0.0,6
62,9,9,0.0,6
62,9,10,0.0,6
62,9,11,0.0,6
62,9,12,0.0,6
62,9,13,0.16666666666666666,6
62,9,14,0.16666666666666666,6
62,9,15,0.0,6
62,9,16,0.3333333333333333,6
62,9,17,0.16666666666666666,6
62,9,18,0.0,6
62,9,19,0.16666666666666666,6
62,9,20,0.2,5
62,9,21,0.0,5
62,9,22,0.2,5
62,9,23,0.2,5
62,9,24,0.0,5
62,9,25,0.0,5
62,9,26,0.0,5
62,9,27,0.0,5
62,9,28,0.0,5
62,9,29,0.0,5
62,9,30,0.0,5
62,9,31,0.0,5
62,9,32,0.0,5
62,9,33,0.0,5
62,9,34,0.0,5
62,9,35,0.0,5
62,9,36,0.2,5
62,10,1,0.0,1
62,10,2,0.0,1
62,10,3,0.0,1
62,10,4,0.0,1
62,10,5,0.0,1
62,10,6,0.0,1
62,10,7,0.0,1
62,10,8,0.0,1
62,10,9,0.0,1
62,10,10,0.0,1
62,10,11,0.0,1
62,10,12,0.0,1
62,10,13,0.0,1
62,10,14,0.0,1
62,10,15,0.0,1
62,10,16,0.0,1
62,10,17,0.0,1
62,10,18,0.0,1
62,10,19,0.0,1
62,10,20,0.0,1
62,10,21,0.0,1
62,10,22,0.0,1
62,10,23,0.0,1
62,10,24,0.0,1
62,10,25,0.0,1
62,10,26,0.0,1
62,10,27,0.0,1
62,10,28,0.0,1
62,10,29,0.0,1
62,10,30,0.0,1
62,10,31,0.0,1
62,10,32,0.0,1
62,10,33,0.0,1
62,10,34,0.0,1
62,11,1,0.0,1
62,11,2,0.0,1
62,11,3,0.0,1
62,11,4,0.0,1
62,11,5,0.0,1
62,11,6,0.0,1
62,11,7,0.0,1
62,11,8,0.0,1
62,11,9,0.0,1
62,11,10,0.0,1
62,11,11,0.0,1
62,11,12,0.0,1
62,11,13,0.0,1
62,11,14,0.0,1
62,11,15,0.0,1
62,11,16,0.0,1
62,11,17,0.0,1
62,11,18,0.0,1
62,11,19,0.0,1
62,11,20,0.0,1
62,11,21,0.0,1
62,11,22,0.0,1
62,11,23,0.0,1
62,11,24,0.0,1
62,11,25,0.0,1
62,11,26,0.0,1
62,11,27,0.0,1
62,11,28,0.0,1
62,11,29,0.0,1
62,11,30,0.0,1
62,11,31,0.0,1
62,11,32,0.0,1
62,11,33,0.0,1
62,11,34,0.0,1
62,11,35,0.0,1
62,11,36,0.0,1
62,13,1,0.22727272727272727,4
62,13,2,0.0,4
62,13,3,0.0,4
62,13,4,0.0,4
62,13,5,0.0,4
62,13,6,0.0,4
62,13,7,0.0,4
62,13,8,0.0,4
62,13,9,0.0,4
62,13,10,0.13636363636363638,4
62,13,11,0.27777777777777773,3
62,13,12,0.16666666666666666,2
62,13,13,0.0,2
62,13,14,0.0,2
62,13,15,0.0,2
62,13,16,0.0,2
62,13,17,0.0,2
62,13,18,0.0,2
62,13,19,0.0,2
62,13,20,0.0,2
62,13,21,0.0,2
62,13,22,0.0,1
62,15,1,0.0,4
62,15,2,0.0,4
62,15,3,0.1,4
62,15,4,0.0,4
62,15,5,0.0,4
62,15,6,0.0,4
62,15,7,0.0,4
62,15,8,0.0,4
62,15,9,0.0,4
62,15,10,0.0,4
62,15,11,0.0,4
62,15,12,0.0,4
62,15,13,0.1,4
62,15,14,0.0,4
62,15,15,0.0,4
62,15,16,0.125,3
62,15,17,0.0,3
62,15,18,0.0,3
62,15,19,0.0,2
62,15,20,0.3333333333333333,2
62,15,21,0.0,2
62,15,22,0.0,2
62,15,23,0.0,2
62,15,24,0.0,2
62,15,25,0.0,2
62,15,26,0.0,2
62,15,27,0.0,2
62,15,28,0.0,2
62,15,29,0.0,2
62,15,30,0.0,2
62,15,31,0.0,2
62,15,32,0.0,1
62,15,33,0.5,1
62,15,34,0.0,1
62,15,35,0.0,1
62,15,36,0.5,1
62,16,1,0.0,6
62,16,2,0.0,6
62,16,3,0.3333333333333333,6
62,16,4,0.0,6
62,16,5,0.16666666666666666,6
62,16,6,0.16666666666666666,6
62,16,7,0.0,6
62,16,8,0.16666666666666666,6
62,16,9,0.16666666666666666,6
62,16,10,0.0,6
62,16,11,0.16666666666666666,6
62,16,12,0.16666666666666666,6
62,16,13,0.0,6
62,16,14,0.0,6
62,16,15,0.16666666666666666,6
62,16,16,0.16666666666666666,6
62,16,17,0.0,6
62,16,18,0.0,6
62,16,19,0.0,6
62,16,20,0.16666666666666666,6
62,16,21,0.16666666666666666,6
62,16,22,0.0,6
62,16,23,0.0,6
62,16,24,0.16666666666666666,6
62,16,25,0.0,6
62,16,26,0.0,6
62,16,27,0.16666666666666666,6
62,16,28,0.0,6
62,16,29,0.0,6
62,16,30,0.0,6
62,16,31,0.0,6
62,16,32,0.0,6
62,16,33,0.0,5
62,16,34,0.0,5
62,16,35,0.0,5
62,16,36,0.2,5
62,17,1,0.0,5
62,17,2,0.0,5
62,17,3,0.0,5
62,17,4,0.07142857142857142,5
62,17,5,0.0,5
62,17,6,0.0,5
62,17,7,0.0,5
62,17,8,0.0,5
62,17,9,0.0,5
62,17,10,0.0,5
62,17,11,0.14285714285714285,5
62,17,12,0.0,5
62,17,13,0.0,4
62,17,14,0.0,4
62,17,15,0.0,4
62,17,16,0.0,4
62,17,17,0.0,3
62,17,18,0.0,3
62,17,19,0.0,3
62,17,20,0.4,3
62,17,21,0.0,3
62,17,22,0.0,3
62,17,23,0.0,3
62,17,24,0.2,3
62,17,25,0.0,3
62,17,26,0.0,3
62,17,27,0.0,3
62,17,28,0.0,3
62,17,29,0.0,3
62,17,30,0.0,3
62,17,31,0.5,3
62,17,32,0.0,3
62,17,33,0.0,3
62,17,34,0.0,3
62,17,35,0.1,3
62,17,36,0.0,3
62,18,1,0.0,7
62,18,2,0.05769230769230768,7
62,18,3,0.09615384615384613,7
62,18,4,0.07692307692307691,7
62,18,5,0.09615384615384613,7
62,18,6,0.0,7
62,18,7,0.3461538461538461,7
62,18,8,0.03846153846153846,7
62,18,9,0.11538461538461536,7
62,18,10,0.0,7
62,18,11,0.07692307692307691,7
62,18,12,0.11538461538461536,7
62,18,13,0.0,7
62,18,14,0.11538461538461536,7
62,18,15,0.0,7
62,18,16,0.11538461538461536,7
62,18,17,0.11538461538461536,7
62,18,18,0.0,7
62,18,19,0.11538461538461536,7
62,18,20,0.0,7
62,18,21,0.0,7
62,18,22,0.0,7
62,18,23,0.0,7
62,18,24,0.11538461538461536,7
62,18,25,0.0,7
62,18,26,0.0,6
62,18,27,0.0,6
62,18,28,0.043478260869565216,6
62,18,29,0.0,5
62,18,30,0.0,5
62,18,31,0.08823529411764705,4
62,18,32,0.0,4
62,18,33,0.08823529411764705,4
62,18,34,0.0,3
62,18,35,0.0,3
62,18,36,0.1,3
63,3,1,0.0,3
63,3,2,0.0,3
63,3,3,0.0,3
63,3,4,0.0,3
63,3,5,0.0,3
63,3,6,0.25,3
63,3,7,0.0,3
63,3,8,0.0,3
63,3,9,0.0,3
63,3,10,0.0,3
63,3,11,0.0,3
63,3,12,0.0,3
63,3,13,0.0,3
63,3,14,0.25,3
63,3,15,0.0,3
63,3,16,0.0,3
63,3,17,0.0,3
63,3,18,0.0,3
63,3,19,0.0,3
63,3,20,0.125,3
63,3,21,0.0,3
63,3,22,0.0,3
63,3,23,0.0,3
63,3,24,0.0,3
63,3,25,0.0,3
63,3,26,0.0,3
63,3,27,0.0,3
63,3,28,0.0,3
63,3,29,0.0,3
63,3,30,0.0,3
63,3,31,0.0,3
63,3,32,0.0,3
63,3,33,0.0,3
63,3,34,0.0,3
63,3,35,0.0,3
63,3,36,0.0,2
63,4,1,0.0,6
63,4,2,0.07999999999999999,6
63,4,3,0.14666666666666667,6
63,4,4,0.24,6
63,4,5,0.07999999999999999,6
63,4,6,0.07999999999999999,6
63,4,7,0.12,6
63,4,8,0.0,6
63,4,9,0.10526315789473682,5
63,4,10,0.10526315789473682,5
63,4,11,0.3529411764705882,4
63,4,12,0.0,4
63,4,13,0.1764705882352941,4
63,4,14,0.0,3
63,4,15,0.4,3
63,4,16,0.06666666666666667,3
63,4,17,0.0,3
63,4,18,0.2,3
63,4,19,0.0,3
63,4,20,0.0,2
63,4,21,0.0,2
63,4,22,0.0,2
63,4,23,0.0,2
63,4,24,0.0,1
63,4,25,0.0,1
63,4,26,0.0,1
63,5,1,0.0,2
63,5,2,0.0,2
63,5,3,0.0,2
63,5,4,0.0,2
63,5,5,0.0,2
63,5,6,0.0,2
63,5,7,0.0,2
63,5,8,0.0,2
63,5,9,0.0,2
63,5,10,0.0,1
63,5,11,0.0,1
63,5,12,0.0,1
63,5,13,0.0,1
63,5,14,0.0,1
63,5,15,0.0,1
63,5,16,0.5,1
63,5,17,0.0,1
63,5,18,0.0,1
63,5,19,0.0,1
63,5,20,0.0,1
63,5,21,0.0,1
63,5,22,0.0,1
63,5,23,0.0,1
63,5,24,0.0,1
63,5,25,0.0,1
63,7,1,0.0,8
63,7,2,0.18181818181818182,8
63,7,3,0.0,8
63,7,4,0.045454545454545456,8
63,7,5,0.0,8
63,7,6,0.18181818181818182,8
63,7,7,0.13636363636363635,8
63,7,8,0.045454545454545456,8
63,7,9,0.0,8
63,7,10,0.13636363636363635,8
63,7,11,0.0,8
63,7,12,0.13636363636363635,8
63,7,13,0.09090909090909091,8
63,7,14,0.13636363636363635,8
63,7,15,0.045454545454545456,8
63,7,16,0.0,8
63,7,17,0.09090909090909091,8
63,7,18,0.0,8
63,7,19,0.045454545454545456,8
63,7,20,0.09090909090909091,8
63,7,21,0.0,8
63,7,22,0.13636363636363635,8
63,7,23,0.0,8
63,7,24,0.18181818181818182,8
63,7,25,0.0,8
63,7,26,0.09090909090909091,8
63,7,27,0.0,8
63,7,28,0.1111111111111111,7
63,7,29,0.05555555555555555,7
63,7,30,0.2222222222222222,7
63,7,31,0.0,7
63,7,32,0.1111111111111111,7
63,7,33,0.0,7
63,7,34,0.0,6
63,7,35,0.0,6
63,7,36,0.14285714285714285,6
63,8,1,0.16666666666666666,9
63,8,2,0.13636363636363635,8
63,8,3,0.05555555555555555,7
63,8,4,0.1875,6
63,8,5,0.3125,6
63,8,6,0.125,6
63,8,7,0.0625,6
63,8,8,0.16666666666666666,5
63,8,9,0.0,5
63,8,10,0.0,5
63,8,11,0.16666666666666666,5
63,8,12,0.0,5
63,8,13,0.16666666666666666,5
63,8,14,0.0,5
63,8,15,0.3333333333333333,5
63,8,16,0.0,5
63,8,17,0.16666666666666666,5
63,8,18,0.0,5
63,8,19,0.25,5
63,8,20,0.16666666666666666,5
63,8,21,0.16666666666666666,5
63,8,22,0.3333333333333333,5
63,8,23,0.2,4
63,8,24,0.2,4
63,8,25,0.125,3
63,8,26,0.125,3
63,8,27,0.3333333333333333,2
63,8,28,0.16666666666666666,2
63,8,29,0.0,2
63,8,30,1.0,1
63,8,31,0.0,1
63,8,32,0.0,1
63,8,33,0.0,1
63,8,34,0.5,1
63,8,35,1.0,1
63,8,36,0.5,1
63,9,1,0.3990384615384615,20
63,9,2,0.4855769230769231,20
63,9,3,0.4375,20
63,9,4,0.4519230769230769,20
63,9,5,0.375,20
63,9,6,0.451923076923077,20
63,9,7,0.4903846153846154,20
63,9,8,0.3269230769230769,20
63,9,9,0.375,20
63,9,10,0.3076923076923077,20
63,9,11,0.33653846153846156,20
63,9,12,0.326923076923077,20
63,9,13,0.3269230769230769,20
63,9,14,0.2884615384615385,20
63,9,15,0.3125,20
63,9,16,0.25,20
63,9,17,0.23557692307692307,20
63,9,18,0.3028846153846154,20
63,9,19,0.3076923076923077,20
63,9,20,0.1730769230769231,20
63,9,21,0.1730769230769231,20
63,9,22,0.20192307692307693,20
63,9,23,0.10576923076923077,20
63,9,24,0.11538461538461539,20
63,9,25,0.1730769230769231,20
63,9,26,0.08653846153846155,20
63,9,27,0.057692307692307696,20
63,9,28,0.028846153846153848,20
63,9,29,0.08653846153846155,20
63,9,30,0.009615384615384616,20
63,9,31,0.08653846153846155,20
63,9,32,0.028846153846153848,20
63,9,33,0.029702970297029705,19
63,9,34,0.0,19
63,9,35,0.0,19
63,9,36,0.029702970297029705,19
63,10,1,0.0,6
63,10,2,0.18181818181818182,6
63,10,3,0.0,6
63,10,4,0.36363636363636365,6
63,10,5,0.0,6
63,10,6,0.18181818181818182,6
63,10,7,0.0,6
63,10,8,0.18181818181818182,6
63,10,9,0.0,6
63,10,10,0.18181818181818182,6
63,10,11,0.0,6
63,10,12,0.18181818181818182,6
63,10,13,0.0,6
63,10,14,0.36363636363636365,6
63,10,15,0.0,6
63,10,16,0.0,6
63,10,17,0.0,6
63,10,18,0.18181818181818182,6
63,10,19,0.0,6
63,10,20,0.0,6
63,10,21,0.09090909090909091,6
63,10,22,0.0,6
63,10,23,0.0,6
63,10,24,0.0,6
63,10,25,0.09090909090909091,6
63,10,26,0.0,6
63,10,27,0.0,6
63,10,28,0.0,6
63,10,29,0.0,6
63,10,30,0.0,6
63,10,31,0.0,5
63,10,32,0.0,5
63,10,33,0.1111111111111111,5
63,10,34,0.0,5
63,10,35,0.14285714285714285,4
63,10,36,0.0,4
63,13,1,0.0,2
63,13,2,0.0,2
63,13,3,0.16666666666666666,2
63,13,4,0.0,2
63,13,5,0.0,2
63,13,6,0.0,2
63,13,7,0.0,2
63,13,8,0.0,2
63,13,9,0.0,2
63,13,10,0.5,2
63,13,11,0.0,1
63,13,12,0.0,1
63,13,13,1.0,1
63,14,1,0.05555555555555555,6
63,14,2,0.0,6
63,14,3,0.1111111111111111,6
63,14,4,0.2222222222222222,6
63,14,5,0.0,5
63,14,6,0.0,4
63,14,7,0.14285714285714285,4
63,14,8,0.0,4
63,14,9,0.0,4
63,14,10,0.0,4
63,14,11,0.0,4
63,14,12,0.0,4
63,14,13,0.14285714285714285,4
63,14,14,0.14285714285714285,4
63,14,15,0.0,4
63,14,16,0.0,4
63,14,17,0.14285714285714285,4
63,14,18,0.0,4
63,14,19,0.0,3
63,14,20,0.4,3
63,14,21,0.0,3
63,14,22,0.0,3
63,14,23,0.0,3
63,14,24,0.4,3
63,14,25,0.0,3
63,14,26,0.0,3
63,14,27,0.0,3
63,14,28,0.0,3
63,14,29,0.0,3
63,14,30,0.1,3
63,14,31,0.1,3
63,14,32,0.0,3
63,14,33,0.2,3
63,14,34,0.2,3
63,14,35,0.0,3
63,14,36,0.0,2
63,15,1,0.0,5
63,15,2,0.0,5
63,15,3,0.25,5
63,15,4,0.0,5
63,15,5,0.0,5
63,15,6,0.21428571428571427,4
63,15,7,0.0,4
63,15,8,0.0,4
63,15,9,0.14285714285714285,4
63,15,10,0.0,4
63,15,11,0.0,4
63,15,12,0.16666666666666666,3
63,15,13,0.0,3
63,15,14,0.0,3
63,15,15,0.16666666666666666,3
63,15,16,0.0,3
63,15,17,0.0,3
63,15,18,0.0,2
63,15,19,0.0,2
63,15,20,0.0,2
63,15,21,0.0,1
63,15,22,0.0,1
63,15,23,0.0,1
63,15,24,0.0,1
63,15,25,0.0,1
63,15,26,0.0,1
63,15,27,0.0,1
63,15,28,0.0,1
63,15,29,0.0,1
63,15,30,0.0,1
63,15,31,0.0,1
63,15,32,0.0,1
63,15,33,1.0,1
63,15,34,0.0,1
63,15,35,0.0,1
63,15,36,1.0,1
63,16,1,0.0,2
63,16,2,0.0,2
63,16,3,0.0,2
63,16,4,0.2,2
63,16,5,0.0,2
63,16,6,0.0,2
63,16,7,0.0,2
63,16,8,0.0,2
63,16,9,0.0,2
63,16,10,0.0,2
63,16,11,0.0,2
63,16,12,0.0,2
63,16,13,0.0,2
63,16,14,0.0,2
63,16,15,0.0,2
63,16,16,0.0,2
63,16,17,0.0,2
63,16,18,0.0,2
63,16,19,0.0,2
63,16,20,0.0,2
63,16,21,0.0,2
63,16,22,0.0,2
63,16,23,0.0,2
63,16,24,0.0,2
63,16,25,0.0,2
63,16,26,0.0,2
63,16,27,0.0,2
63,16,28,0.0,2
63,16,29,0.0,2
63,16,30,0.0,2
63,16,31,0.0,2
63,16,32,0.0,2
63,16,33,0.0,2
63,16,34,0.0,2
63,16,35,0.0,2
63,16,36,0.0,2
63,18,1,0.0,1
63,18,2,0.0,1
63,18,3,0.0,1
63,18,4,0.0,1
63,18,5,0.0,1
63,18,6,0.0,1
63,18,7,0.0,1
63,18,8,0.0,1
63,18,9,0.0,1
63,18,10,0.0,1
63,18,11,0.0,1
63,18,12,0.0,1
63,18,13,0.0,1
63,18,14,0.0,1
63,18,15,0.0,1
63,18,16,0.0,1
64,2,1,0.0,5
64,2,2,0.0,5
64,2,3,0.125,5
64,2,4,0.0,5
64,2,5,0.0,5
64,2,6,0.0,5
64,2,7,0.125,5
64,2,8,0.25,5
64,2,9,0.0,5
64,2,10,0.0625,5
64,2,11,0.0,5
64,2,12,0.0,5
64,2,13,0.0,5
64,2,14,0.0,5
64,2,15,0.0,5
64,2,16,0.0,5
64,2,17,0.0,5
64,2,18,0.0,5
64,2,19,0.0,5
64,2,20,0.0,4
64,2,21,0.0,4
64,2,22,0.0,4
64,2,23,0.0,4
64,2,24,0.0,4
64,2,25,0.0,4
64,2,26,0.0,4
64,2,27,0.0,4
64,2,28,0.0,3
64,2,29,0.0,3
64,2,30,0.0,3
64,2,31,0.0,3
64,2,32,0.0,3
64,2,33,0.0,3
64,2,34,0.25,3
64,2,35,0.0,3
64,2,36,0.0,3
64,5,1,0.3103448275862069,18
64,5,2,0.44642857142857145,17
64,5,3,0.35714285714285715,17
64,5,4,0.3269230769230769,16
64,5,5,0.34,15
64,5,6,0.30434782608695654,14
64,5,7,0.3409090909090909,13
64,5,8,0.275,12
64,5,9,0.21052631578947367,11
64,5,10,0.6052631578947368,11
64,5,11,0.29411764705882354,10
64,5,12,0.625,9
64,5,13,0.3125,9
64,5,14,0.46875,9
64,5,15,0.46875,9
64,5,16,0.3125,9
64,5,17,0.43333333333333335,8
64,5,18,0.3076923076923077,7
64,5,19,0.25,6
64,5,20,0.5,6
64,5,21,0.2,5
64,5,22,0.9,5
64,5,23,0.25,4
64,5,24,0.375,4
64,5,25,0.5,4
64,5,26,0.25,4
64,5,27,0.25,4
64,5,28,0.125,4
64,5,29,0.375,4
64,5,30,0.25,4
64,5,31,0.25,4
64,5,32,0.875,4
64,5,33,0.3333333333333333,3
64,5,34,0.6666666666666666,3
64,5,35,0.6666666666666666,3
64,5,36,0.5,3
64,6,1,0.5,8
64,6,2,0.2857142857142857,8
64,6,3,0.07142857142857142,8
64,6,4,0.03571428571428571,8
64,6,5,0.0,8
64,6,6,0.0,8
64,6,7,0.0,8
64,6,8,0.0,8
64,6,9,0.0,8
64,6,10,0.0,8
64,6,11,0.07142857142857142,8
64,6,12,0.21428571428571427,8
64,6,13,0.35714285714285715,8
64,6,14,0.42857142857142855,8
64,6,15,0.35714285714285715,8
64,6,16,0.21428571428571427,8
64,6,17,0.07142857142857142,8
64,6,18,0.0,8
64,6,19,0.0,8
64,6,20,0.0,8
64,6,21,0.0,8
64,6,22,0.0,8
64,6,23,0.0,8
64,6,24,0.0,8
64,6,25,0.0,8
64,6,26,0.0,8
64,6,27,0.07142857142857142,8
64,6,28,0.14285714285714285,8
64,6,29,0.14285714285714285,8
64,6,30,0.0,8
64,6,31,0.07142857142857142,8
64,6,32,0.0,8
64,6,33,0.0,8
64,6,34,0.0,8
64,6,35,0.0,7
64,6,36,0.0,7
64,7,1,0.15384615384615385,7
64,7,2,0.0,7
64,7,3,0.0,7
64,7,4,0.0,7
64,7,5,0.3076923076923077,7
64,7,6,0.15384615384615385,7
64,7,7,0.0,7
64,7,8,0.0,7
64,7,9,0.0,7
64,7,10,0.15384615384615385,7
64,7,11,0.23076923076923078,7
64,7,12,0.07692307692307693,7
64,7,13,0.0,7
64,7,14,0.0,7
64,7,15,0.15384615384615385,7
64,7,16,0.3076923076923077,7
64,7,17,0.07692307692307693,7
64,7,18,0.07692307692307693,7
64,7,19,0.0,7
64,7,20,0.0,7
64,7,21,0.15384615384615385,7
64,7,22,0.0,7
64,7,23,0.15384615384615385,7
64,7,24,0.0,6
64,7,25,0.0,6
64,7,26,0.0,6
64,7,27,0.0,6
64,7,28,0.2727272727272727,6
64,7,29,0.2222222222222222,5
64,7,30,0.0,5
64,7,31,0.0,5
64,7,32,0.0,5
64,7,33,0.1111111111111111,5
64,7,34,0.0,5
64,7,35,0.0,5
64,7,36,0.0,5
64,9,1,0.0,5
64,9,2,0.0,5
64,9,3,0.0,5
64,9,4,0.0625,5
64,9,5,0.0,5
64,9,6,0.0,5
64,9,7,0.0,5
64,9,8,0.125,5
64,9,9,0.0,5
64,9,10,0.0,5
64,9,11,0.0,5
64,9,12,0.34375,5
64,9,13,0.0,5
64,9,14,0.0,5
64,9,15,0.0,5
64,9,16,0.0625,5
64,9,17,0.0,5
64,9,18,0.0,5
64,9,19,0.0,5
64,9,20,0.0,5
64,9,21,0.0,5
64,9,22,0.0,5
64,9,23,0.0,5
64,9,24,0.25,5
64,9,25,0.0,5
64,9,26,0.0,5
64,9,27,0.0,5
64,9,28,0.041666666666666664,5
64,9,29,0.0,5
64,9,30,0.0,5
64,9,31,0.0,5
64,9,32,0.0,5
64,9,33,0.0,5
64,9,34,0.0,4
64,9,35,0.0,4
64,9,36,0.2,4
64,12,1,0.0,2
64,12,2,0.0,2
64,12,3,0.0,2
64,12,4,0.0,2
64,12,5,0.0,2
64,12,6,0.0,2
64,12,7,0.3333333333333333,2
64,12,8,0.0,2
64,12,9,0.0,2
64,12,10,0.0,1
64,12,11,0.0,1
64,12,12,0.0,1
64,12,13,0.0,1
64,12,14,0.0,1
64,12,15,0.0,1
64,12,16,0.0,1
64,14,1,0.0,1
64,14,2,0.0,1
64,14,3,0.0,1
64,14,4,0.0,1
64,14,5,0.0,1
64,14,6,0.0,1
64,14,7,0.0,1
64,14,8,0.0,1
64,14,9,0.0,1
64,14,10,0.0,1
64,14,11,0.0,1
64,14,12,0.0,1
64,14,13,0.0,1
64,14,14,0.0,1
64,14,15,0.0,1
64,14,16,0.0,1
64,14,17,0.0,1
64,14,18,0.0,1
64,14,19,0.0,1
64,14,20,0.0,1
64,14,21,0.0,1
64,14,22,0.0,1
64,14,23,0.0,1
64,14,24,0.0,1
64,14,25,0.0,1
64,14,26,0.0,1
64,14,27,0.0,1
64,14,28,0.0,1
64,14,29,0.0,1
64,14,30,0.0,1
64,14,31,0.0,1
64,14,32,0.0,1
64,14,33,0.0,1
64,14,34,0.0,1
64,14,35,0.0,1
64,14,36,0.0,1
64,16,1,0.2142857142857143,7
64,16,2,0.0,7
64,16,3,0.0,7
64,16,4,0.03571428571428572,7
64,16,5,0.0,7
64,16,6,0.0,7
64,16,7,0.2142857142857143,7
64,16,8,0.0,7
64,16,9,0.0,7
64,16,10,0.10714285714285715,7
64,16,11,0.14285714285714288,7
64,16,12,0.0,7
64,16,13,0.0,7
64,16,14,0.16071428571428573,7
64,16,15,0.10714285714285715,7
64,16,16,0.0,7
64,16,17,0.07142857142857144,7
64,16,18,0.03571428571428572,7
64,16,19,0.0,7
64,16,20,0.0,7
64,16,21,0.2142857142857143,7
64,16,22,0.2142857142857143,7
64,16,23,0.0,7
64,16,24,0.03571428571428572,7
64,16,25,0.0,7
64,16,26,0.0,7
64,16,27,0.0,7
64,16,28,0.130952380952381,7
64,16,29,0.10714285714285715,7
64,16,30,0.0,7
64,16,31,0.0,6
64,16,32,0.0,5
64,16,33,0.0,5
64,16,34,0.0,5
64,16,35,0.0,5
64,16,36,0.0,5
64,17,1,0.1111111111111111,14
64,17,2,0.2777777777777778,14
64,17,3,0.08823529411764706,13
64,17,4,0.08823529411764706,13
64,17,5,0.0625,12
64,17,6,0.0625,12
64,17,7,0.16666666666666666,11
64,17,8,0.2,11
64,17,9,0.1,11
64,17,10,0.2,11
64,17,11,0.03333333333333333,11
64,17,12,0.10714285714285714,10
64,17,13,0.0,9
64,17,14,0.125,8
64,17,15,0.05,7
64,17,16,0.15,7
64,17,17,0.15,7
64,17,18,0.0,7
64,17,19,0.16666666666666666,6
64,17,20,0.0,6
64,17,21,0.3333333333333333,6
64,17,22,0.125,5
64,17,23,0.625,5
64,17,24,0.25,5
64,17,25,0.25,5
64,17,26,0.125,5
64,17,27,0.0,5
64,17,28,0.0,5
64,17,29,0.125,5
64,17,30,0.0,5
64,17,31,0.5,5
64,17,32,0.0,5
64,17,33,0.5,5
64,17,34,0.0,5
64,17,35,0.125,5
64,17,36,0.0,4
64,18,1,0.13333333333333333,11
64,18,2,0.0,11
64,18,3,0.06666666666666667,11
64,18,4,0.1,11
64,18,5,0.06666666666666667,11
64,18,6,0.0,11
64,18,7,0.1,11
64,18,8,0.06666666666666667,11
64,18,9,0.2,11
64,18,10,0.13333333333333333,11
64,18,11,0.06666666666666667,11
64,18,12,0.1,11
64,18,13,0.0,11
64,18,14,0.2,11
64,18,15,0.06666666666666667,11
64,18,16,0.07692307692307693,10
64,18,17,0.15384615384615385,10
64,18,18,0.11538461538461539,10
64,18,19,0.11538461538461539,10
64,18,20,0.0,10
64,18,21,0.15384615384615385,10
64,18,22,0.11538461538461539,10
64,18,23,0.07692307692307693,10
64,18,24,0.11538461538461539,10
64,18,25,0.08333333333333333,9
64,18,26,0.18181818181818182,8
64,18,27,0.045454545454545456,8
64,18,28,0.13636363636363635,8
64,18,29,0.0,8
64,18,30,0.1111111111111111,7
64,18,31,0.3333333333333333,7
64,18,32,0.1111111111111111,7
64,18,33,0.0,7
64,18,34,0.05555555555555555,7
64,18,35,0.05555555555555555,7
64,18,36,0.0,7
65,2,1,0.14285714285714285,9
65,2,2,0.21428571428571427,9
65,2,3,0.21428571428571427,9
65,2,4,0.14285714285714285,9
65,2,5,0.0,9
65,2,6,0.14285714285714285,9
65,2,7,0.14285714285714285,9
65,2,8,0.0,9
65,2,9,0.07142857142857142,9
65,2,10,0.14285714285714285,9
65,2,11,0.10714285714285714,9
65,2,12,0.14285714285714285,9
65,2,13,0.21428571428571427,9
65,2,14,0.07142857142857142,9
65,2,15,0.14285714285714285,9
65,2,16,0.14285714285714285,9
65,2,17,0.07142857142857142,9
65,2,18,0.14285714285714285,9
65,2,19,0.0,9
65,2,20,0.14285714285714285,9
65,2,21,0.07142857142857142,9
65,2,22,0.21428571428571427,9
65,2,23,0.07142857142857142,9
65,2,24,0.07142857142857142,9
65,2,25,0.0,9
65,2,26,0.07142857142857142,9
65,2,27,0.0,9
65,2,28,0.0,9
65,2,29,0.07142857142857142,9
65,2,30,0.0,9
65,2,31,0.0,9
65,2,32,0.0,9
65,2,33,0.07142857142857142,9
65,2,34,0.0,9
65,2,35,0.03571428571428571,9
65,2,36,0.0,8
65,4,1,0.0,1
65,4,2,0.0,1
65,4,3,0.0,1
65,4,4,0.0,1
65,4,5,0.0,1
65,4,6,0.0,1
65,4,7,0.0,1
65,4,8,0.0,1
65,4,9,0.0,1
65,4,10,0.0,1
65,4,11,0.0,1
65,4,12,0.0,1
65,4,13,0.0,1
65,4,14,0.0,1
65,4,15,0.0,1
65,4,16,0.0,1
65,4,17,0.0,1
65,4,18,0.0,1
65,4,19,0.0,1
65,4,20,0.0,1
65,4,21,0.0,1
65,4,22,0.0,1
65,4,23,0.0,1
65,4,24,0.0,1
65,4,25,0.0,1
65,4,26,0.0,1
65,4,27,0.0,1
65,4,28,0.0,1
65,4,29,0.0,1
65,4,30,0.0,1
65,5,1,0.4,21
65,5,2,0.46818181818181825,21
65,5,3,0.47115384615384626,20
65,5,4,0.42788461538461536,20
65,5,5,0.48514851485148514,19
65,5,6,0.45263157894736844,18
65,5,7,0.5842696629213483,17
65,5,8,0.4719101123595506,17
65,5,9,0.5112359550561798,17
65,5,10,0.5393258426966293,17
65,5,11,0.4337349397590362,16
65,5,12,0.5714285714285714,15
65,5,13,0.4366197183098591,14
65,5,14,0.5882352941176471,13
65,5,15,0.4596774193548387,12
65,5,16,0.42372881355932196,11
65,5,17,0.45762711864406774,11
65,5,18,0.3584905660377358,10
65,5,19,0.4117647058823529,9
65,5,20,0.6470588235294118,9
65,5,21,0.4666666666666667,8
65,5,22,0.6333333333333333,8
65,5,23,0.38461538461538464,7
65,5,24,0.3076923076923077,7
65,5,25,0.6363636363636364,6
65,5,26,0.2777777777777778,5
65,5,27,0.25,4
65,5,28,0.3333333333333333,3
65,5,29,1.0,3
65,5,30,0.3333333333333333,3
65,5,31,0.5,3
65,5,32,1.0,2
65,5,33,0.0,2
65,5,34,0.75,2
65,5,35,0.0,1
65,5,36,1.0,1
65,6,1,0.16666666666666666,4
65,6,2,0.0,4
65,6,3,0.0,4
65,6,4,0.08333333333333333,4
65,6,5,0.16666666666666666,4
65,6,6,0.0,4
65,6,7,0.0,4
65,6,8,0.0,4
65,6,9,0.0,4
65,6,10,0.0,4
65,6,11,0.0,4
65,6,12,0.16666666666666666,4
65,6,13,0.0,4
65,6,14,0.0,4
65,6,15,0.0,4
65,6,16,0.16666666666666666,4
65,6,17,0.3333333333333333,4
65,6,18,0.0,4
65,6,19,0.0,4
65,6,20,0.0,4
65,6,21,0.0,4
65,6,22,0.0,4
65,6,23,0.0,4
65,6,24,0.0,4
65,6,25,0.0,4
65,6,26,0.0,4
65,6,27,0.0,4
65,6,28,0.0,4
65,6,29,0.0,4
65,6,30,0.0,4
65,6,31,0.0,4
65,6,32,0.0,4
65,6,33,0.0,4
65,6,34,0.0,4
65,6,35,0.0,4
65,6,36,0.0,4
65,7,1,0.0,4
65,7,2,0.0,4
65,7,3,0.0,4
65,7,4,0.16666666666666666,4
65,7,5,0.0,4
65,7,6,0.0,4
65,7,7,0.0,4
65,7,8,0.0,4
65,7,9,0.0,4
65,7,10,0.0,4
65,7,11,0.0,4
65,7,12,0.0,4
65,7,13,0.0,4
65,7,14,0.0,4
65,7,15,0.0,4
65,7,16,0.0,4
65,7,17,0.0,4
65,7,18,0.16666666666666666,4
65,7,19,0.0,4
65,7,20,0.0,3
65,7,21,0.0,3
65,7,22,0.375,3
65,7,23,0.0,3
65,7,24,0.0,3
65,7,25,0.0,3
65,7,26,0.0,3
65,7,27,0.0,3
65,7,28,0.0,3
65,7,29,0.0,3
65,7,30,0.0,3
65,7,31,0.0,3
65,7,32,0.0,3
65,7,33,0.0,3
65,7,34,0.0,3
65,7,35,0.0,3
65,7,36,0.0,3
65,9,1,0.0,1
65,9,2,0.0,1
65,9,3,0.0,1
65,9,4,0.0,1
65,9,5,0.0,1
65,9,6,0.0,1
65,9,7,0.0,1
65,9,8,0.0,1
65,9,9,0.0,1
65,9,10,0.0,1
65,9,11,0.0,1
65,9,12,0.0,1
65,9,13,0.0,1
65,9,14,0.0,1
65,9,15,0.0,1
65,9,16,0.0,1
65,9,17,0.0,1
65,9,18,0.0,1
65,9,19,0.0,1
65,9,20,0.0,1
65,9,21,0.0,1
65,9,22,0.0,1
65,9,23,0.0,1
65,9,24,0.0,1
65,9,25,0.0,1
65,9,26,0.0,1
65,9,27,0.0,1
65,9,28,0.0,1
65,9,29,0.0,1
65,9,30,0.0,1
65,9,31,0.0,1
65,9,32,0.0,1
65,9,33,0.0,1
65,9,34,0.0,1
65,9,35,0.0,1
65,9,36,0.0,1
65,13,1,0.1,4
65,13,2,0.0,3
65,13,3,0.0,3
65,13,4,0.0,3
65,13,5,0.0,3
65,13,6,0.0,3
65,13,7,0.3333333333333333,3
65,13,8,0.3333333333333333,3
65,13,9,0.0,2
65,13,10,0.0,1
65,13,11,0.0,1
65,13,12,0.0,1
65,13,13,0.0,1
65,13,14,0.0,1
65,13,15,0.0,1
65,13,16,0.0,1
65,13,17,0.0,1
65,13,18,0.0,1
65,13,19,0.0,1
65,13,20,0.0,1
65,13,21,0.5,1
65,13,22,0.5,1
65,13,23,0.0,1
65,13,24,0.0,1
65,13,25,0.0,1
65,13,26,0.0,1
65,13,27,0.0,1
65,13,28,0.0,1
65,13,29,1.0,1
65,13,30,0.0,1
65,15,1,0.0,3
65,15,2,0.0,3
65,15,3,0.25,3
65,15,4,0.0,3
65,15,5,0.0,3
65,15,6,0.0,3
65,15,7,0.0,3
65,15,8,0.0,3
65,15,9,0.0,3
65,15,10,0.0,3
65,15,11,0.25,3
65,15,12,0.0,3
65,15,13,0.0,3
65,15,14,0.125,3
65,15,15,0.0,3
65,15,16,0.0,3
65,15,17,0.0,3
65,15,18,0.0,3
65,15,19,0.0,3
65,15,20,0.0,3
65,15,21,0.0,3
65,15,22,0.0,3
65,15,23,0.0,3
65,15,24,0.0,3
65,15,25,0.0,3
65,15,26,0.0,3
65,15,27,0.0,3
65,15,28,0.0,3
65,15,29,0.0,3
65,15,30,0.0,2
65,15,31,0.0,2
65,15,32,0.0,2
65,15,33,0.0,1
65,15,34,0.0,1
65,15,35,0.0,1
65,15,36,0.0,1
65,16,1,0.0,5
65,16,2,0.0,5
65,16,3,0.0,5
65,16,4,0.075,5
65,16,5,0.049999999999999996,5
65,16,6,0.0,5
65,16,7,0.3,5
65,16,8,0.15,5
65,16,9,0.049999999999999996,5
65,16,10,0.0,5
65,16,11,0.0,5
65,16,12,0.15,5
65,16,13,0.0,5
65,16,14,0.0,5
65,16,15,0.15,5
65,16,16,0.0,5
65,16,17,0.09999999999999999,5
65,16,18,0.0,5
65,16,19,0.15,5
65,16,20,0.0,5
65,16,21,0.0,5
65,16,22,0.0,5
65,16,23,0.0,5
65,16,24,0.09999999999999999,5
65,16,25,0.0,5
65,16,26,0.0,5
65,16,27,0.0,5
65,16,28,0.0,5
65,16,29,0.0,5
65,16,30,0.0,5
65,16,31,0.0,5
65,16,32,0.0,5
65,16,33,0.0,5
65,16,34,0.0,5
65,16,35,0.0,5
65,16,36,0.0,5
65,17,1,0.0,4
65,17,2,0.1,4
65,17,3,0.0,4
65,17,4,0.0,4
65,17,5,0.0,4
65,17,6,0.0,4
65,17,7,0.0,4
65,17,8,0.0,4
65,17,9,0.0,4
65,17,10,0.0,4
65,17,11,0.0,4
65,17,12,0.0,4
65,17,13,0.1,4
65,17,14,0.0,3
65,17,15,0.125,3
65,17,16,0.0,2
65,17,17,0.0,2
65,17,18,0.0,2
65,17,19,0.0,2
65,17,20,0.0,2
65,17,21,0.3333333333333333,2
65,17,22,0.0,2
65,17,23,0.3333333333333333,2
65,17,24,0.0,2
65,17,25,0.0,2
65,17,26,0.0,2
65,17,27,0.0,2
65,17,28,0.0,2
65,17,29,0.0,2
65,17,30,0.0,2
65,17,31,0.0,2
65,17,32,0.0,2
65,17,33,0.0,2
65,17,34,0.3333333333333333,2
65,17,35,0.0,2
65,17,36,0.3333333333333333,2
65,18,1,0.14457831325301204,17
65,18,2,0.3795180722891566,17
65,18,3,0.2590361445783132,17
65,18,4,0.21686746987951808,17
65,18,5,0.36746987951807225,17
65,18,6,0.07228915662650602,17
65,18,7,0.2891566265060241,17
65,18,8,0.07228915662650602,17
65,18,9,0.14457831325301204,17
65,18,10,0.16867469879518068,17
65,18,11,0.18072289156626506,17
65,18,12,0.18072289156626506,17
65,18,13,0.10843373493975904,17
65,18,14,0.2710843373493976,17
65,18,15,0.17469879518072287,17
65,18,16,0.2891566265060241,17
65,18,17,0.21084337349397592,17
65,18,18,0.21686746987951808,17
65,18,19,0.26543209876543206,16
65,18,20,0.16049382716049382,16
65,18,21,0.24691358024691357,16
65,18,22,0.10666666666666666,15
65,18,23,0.2,15
65,18,24,0.11594202898550723,14
65,18,25,0.08695652173913043,14
65,18,26,0.02898550724637681,14
65,18,27,0.17391304347826086,14
65,18,28,0.043478260869565216,14
65,18,29,0.2619047619047619,13
65,18,30,0.047619047619047616,13
65,18,31,0.14285714285714285,13
65,18,32,0.21428571428571427,13
65,18,33,0.047619047619047616,13
65,18,34,0.24166666666666664,12
65,18,35,0.0,12
65,18,36,0.15789473684210525,11
66,3,1,0.0,7
66,3,2,0.0625,7
66,3,3,0.3125,7
66,3,4,0.0625,7
66,3,5,0.0625,7
66,3,6,0.125,7
66,3,7,0.125,7
66,3,8,0.0,7
66,3,9,0.1875,7
66,3,10,0.0625,7
66,3,11,0.0,7
66,3,12,0.1875,7
66,3,13,0.0,7
66,3,14,0.0,7
66,3,15,0.125,7
66,3,16,0.0,7
66,3,17,0.0,7
66,3,18,0.0625,7
66,3,19,0.0,7
66,3,20,0.0625,7
66,3,21,0.0,7
66,3,22,0.0,7
66,3,23,0.0,7
66,3,24,0.0625,7
66,3,25,0.0,7
66,3,26,0.0,7
66,3,27,0.125,7
66,3,28,0.0,6
66,3,29,0.0,6
66,3,30,0.07142857142857142,6
66,3,31,0.0,5
66,3,32,0.0,5
66,3,33,0.0,5
66,3,34,0.0,4
66,3,35,0.0,4
66,3,36,0.0,4
66,4,1,0.1,5
66,4,2,0.1,5
66,4,3,0.0,5
66,4,4,0.0,5
66,4,5,0.0,5
66,4,6,0.125,4
66,4,7,0.16666666666666666,3
66,4,8,0.16666666666666666,3
66,4,9,0.16666666666666666,3
66,4,10,0.0,3
66,4,11,0.0,3
66,4,12,0.0,3
66,4,13,0.0,2
66,4,14,0.0,2
66,4,15,0.0,1
66,4,16,0.0,1
66,4,17,0.0,1
66,4,18,0.0,1
66,4,19,0.0,1
66,4,20,0.0,1
66,4,21,0.0,1
66,4,22,0.0,1
66,4,23,0.0,1
66,4,24,0.0,1
66,4,25,0.0,1
66,4,26,0.0,1
66,4,27,0.0,1
66,4,28,0.0,1
66,4,29,0.0,1
66,4,30,0.5,1
66,4,31,0.0,1
66,4,32,0.5,1
66,4,33,0.0,1
66,4,34,0.0,1
66,4,35,0.0,1
66,4,36,0.0,1
66,7,1,0.14285714285714285,5
66,7,2,0.0,5
66,7,3,0.0,5
66,7,4,0.0,5
66,7,5,0.0,5
66,7,6,0.07142857142857142,5
66,7,7,0.14285714285714285,5
66,7,8,0.0,5
66,7,9,0.0,5
66,7,10,0.14285714285714285,5
66,7,11,0.0,5
66,7,12,0.0,5
66,7,13,0.0,5
66,7,14,0.0,5
66,7,15,0.0,5
66,7,16,0.14285714285714285,5
66,7,17,0.07142857142857142,5
66,7,18,0.0,5
66,7,19,0.0,5
66,7,20,0.0,5
66,7,21,0.0,5
66,7,22,0.0,5
66,7,23,0.07142857142857142,5
66,7,24,0.0,5
66,7,25,0.0,5
66,7,26,0.2857142857142857,5
66,7,27,0.14285714285714285,5
66,7,28,0.0,5
66,7,29,0.0,5
66,7,30,0.0,5
66,7,31,0.0,5
66,7,32,0.0,5
66,7,33,0.14285714285714285,5
66,7,34,0.0,5
66,7,35,0.0,5
66,7,36,0.0,5
66,8,1,0.4444444444444444,10
66,8,2,0.5,9
66,8,3,0.21428571428571427,8
66,8,4,0.16666666666666666,7
66,8,5,0.3333333333333333,7
66,8,6,0.25,7
66,8,7,0.5,7
66,8,8,0.16666666666666666,7
66,8,9,0.4,6
66,8,10,0.3,6
66,8,11,0.5,6
66,8,12,0.5,6
66,8,13,0.5,6
66,8,14,0.625,5
66,8,15,0.5714285714285714,4
66,8,16,0.8,3
66,8,17,0.4,3
66,8,18,0.0,2
66,8,19,0.0,2
66,8,20,0.3333333333333333,2
66,8,21,0.6666666666666666,2
66,8,22,0.6666666666666666,2
66,8,23,0.6666666666666666,2
66,8,24,0.6666666666666666,2
66,8,25,0.0,1
66,8,26,0.0,1
66,8,27,1.0,1
66,8,28,0.0,1
66,8,29,1.0,1
66,8,30,0.5,1
66,8,31,1.0,1
66,8,32,0.0,1
66,8,33,0.0,1
66,8,34,0.0,1
66,8,35,0.0,1
66,8,36,1.0,1
66,9,1,0.5238095238095238,25
66,9,2,0.5119047619047619,25
66,9,3,0.47619047619047616,25
66,9,4,0.42857142857142855,25
66,9,5,0.4523809523809524,25
66,9,6,0.5238095238095238,25
66,9,7,0.3333333333333333,25
66,9,8,0.3333333333333333,25
66,9,9,0.3333333333333333,25
66,9,10,0.30952380952380953,25
66,9,11,0.42857142857142855,25
66,9,12,0.2857142857142857,25
66,9,13,0.3333333333333333,25
66,9,14,0.30952380952380953,25
66,9,15,0.35714285714285715,25
66,9,16,0.35714285714285715,25
66,9,17,0.38095238095238093,25
66,9,18,0.27380952380952384,25
66,9,19,0.3333333333333333,25
66,9,20,0.30952380952380953,25
66,9,21,0.30952380952380953,25
66,9,22,0.2619047619047619,25
66,9,23,0.19047619047619047,25
66,9,24,0.19047619047619047,25
66,9,25,0.16666666666666666,25
66,9,26,0.14285714285714285,25
66,9,27,0.10714285714285714,25
66,9,28,0.05952380952380952,25
66,9,29,0.0125,24
66,9,30,0.1125,24
66,9,31,0.125,24
66,9,32,0.1,24
66,9,33,0.07894736842105263,23
66,9,34,0.05263157894736842,23
66,9,35,0.05555555555555555,22
66,9,36,0.1388888888888889,22
66,10,1,0.0,3
66,10,2,0.25,3
66,10,3,0.0,3
66,10,4,0.0,3
66,10,5,0.0,3
66,10,6,0.0,3
66,10,7,0.0,3
66,10,8,0.0,3
66,10,9,0.0,3
66,10,10,0.0,3
66,10,11,0.0,3
66,10,12,0.0,3
66,10,13,0.0,3
66,10,14,0.0,3
66,10,15,0.0,3
66,10,16,0.0,3
66,10,17,0.0,3
66,10,18,0.0,3
66,10,19,0.0,3
66,10,20,0.0,3
66,10,21,0.0,3
66,10,22,0.0,3
66,10,23,0.0,3
66,10,24,0.0,3
66,10,25,0.0,3
66,10,26,0.25,3
66,10,27,0.0,3
66,10,28,0.125,3
66,10,29,0.0,3
66,10,30,0.0,3
66,10,31,0.0,3
66,10,32,0.0,3
66,10,33,0.0,3
66,10,34,0.0,3
66,10,35,0.0,3
66,10,36,0.0,2
66,14,1,0.1891891891891892,14
66,14,2,0.28378378378378377,14
66,14,3,0.33783783783783783,14
66,14,4,0.16216216216216214,14
66,14,5,0.30882352941176466,13
66,14,6,0.2941176470588235,13
66,14,7,0.20588235294117643,13
66,14,8,0.0923076923076923,12
66,14,9,0.32307692307692304,12
66,14,10,0.23076923076923075,12
66,14,11,0.13846153846153844,12
66,14,12,0.32307692307692304,12
66,14,13,0.1846153846153846,12
66,14,14,0.1076923076923077,12
66,14,15,0.35384615384615387,12
66,14,16,0.2769230769230769,12
66,14,17,0.15254237288135591,11
66,14,18,0.45762711864406774,11
66,14,19,0.18644067796610167,11
66,14,20,0.10526315789473684,10
66,14,21,0.39215686274509803,9
66,14,22,0.2745098039215686,9
66,14,23,0.13333333333333333,8
66,14,24,0.24444444444444444,8
66,14,25,0.13333333333333333,8
66,14,26,0.038461538461538464,7
66,14,27,0.36363636363636365,6
66,14,28,0.0,6
66,14,29,0.09090909090909091,6
66,14,30,0.0,6
66,14,31,0.09090909090909091,6
66,14,32,0.0,5
66,14,33,0.1111111111111111,5
66,14,34,0.375,4
66,14,35,0.0,4
66,14,36,0.375,4
66,15,1,0.13793103448275862,8
66,15,2,0.17241379310344826,8
66,15,3,0.10344827586206898,8
66,15,4,0.034482758620689655,8
66,15,5,0.05172413793103449,8
66,15,6,0.05172413793103449,8
66,15,7,0.05172413793103449,8
66,15,8,0.24137931034482757,8
66,15,9,0.06896551724137931,8
66,15,10,0.13793103448275862,8
66,15,11,0.32608695652173914,7
66,15,12,0.075,6
66,15,13,0.15,6
66,15,14,0.0,6
66,15,15,0.0,6
66,15,16,0.0,6
66,15,17,0.0,6
66,15,18,0.075,6
66,15,19,0.1764705882352941,5
66,15,20,0.0,4
66,15,21,0.0,4
66,15,22,0.0,3
66,15,23,0.0,3
66,15,24,0.0,2
66,15,25,0.0,2
66,15,26,0.0,2
66,15,27,0.0,2
66,15,28,0.0,2
66,15,29,0.0,2
66,15,30,0.0,1
66,15,31,0.5,1
66,15,32,0.0,1
66,15,33,0.0,1
66,15,34,0.0,1
66,15,35,0.0,1
66,15,36,0.0,1
67,3,1,0.23684210526315788,12
67,3,2,0.16666666666666666,11
67,3,3,0.3611111111111111,11
67,3,4,0.4722222222222222,11
67,3,5,0.16666666666666666,11
67,3,6,0.2222222222222222,11
67,3,7,0.4444444444444444,11
67,3,8,0.19444444444444445,11
67,3,9,0.08333333333333333,11
67,3,10,0.3333333333333333,11
67,3,11,0.2777777777777778,11
67,3,12,0.08333333333333333,11
67,3,13,0.1111111111111111,11
67,3,14,0.2777777777777778,11
67,3,15,0.05555555555555555,11
67,3,16,0.05555555555555555,11
67,3,17,0.2222222222222222,11
67,3,18,0.1111111111111111,11
67,3,19,0.0,10
67,3,20,0.0,10
67,3,21,0.25,10
67,3,22,0.0,10
67,3,23,0.0,9
67,3,24,0.0,9
67,3,25,0.07142857142857142,9
67,3,26,0.0,9
67,3,27,0.07142857142857142,9
67,3,28,0.07142857142857142,9
67,3,29,0.0,8
67,3,30,0.05,7
67,3,31,0.1,7
67,3,32,0.0,6
67,3,33,0.07142857142857142,5
67,3,34,0.07142857142857142,5
67,3,35,0.16666666666666666,4
67,3,36,0.0,3
67,8,1,0.5862068965517241,7
67,8,2,0.3793103448275862,7
67,8,3,0.25,6
67,8,4,0.15384615384615385,6
67,8,5,0.11538461538461539,6
67,8,6,0.1730769230769231,6
67,8,7,0.038461538461538464,6
67,8,8,0.0,6
67,8,9,0.06521739130434782,5
67,8,10,0.13043478260869565,5
67,8,11,0.13043478260869565,5
67,8,12,0.15000000000000002,4
67,8,13,0.07142857142857144,3
67,8,14,0.0,2
67,8,15,0.0,1
67,9,1,0.5416666666666666,22
67,9,2,0.4861111111111111,22
67,9,3,0.375,22
67,9,4,0.375,22
67,9,5,0.375,22
67,9,6,0.375,22
67,9,7,0.4166666666666667,22
67,9,8,0.4166666666666667,22
67,9,9,0.2777777777777778,22
67,9,10,0.25,22
67,9,11,0.3055555555555556,22
67,9,12,0.375,22
67,9,13,0.3472222222222222,22
67,9,14,0.4583333333333333,22
67,9,15,0.3611111111111111,22
67,9,16,0.3472222222222222,22
67,9,17,0.19444444444444445,22
67,9,18,0.19444444444444445,22
67,9,19,0.2638888888888889,22
67,9,20,0.20833333333333334,22
67,9,21,0.20833333333333334,22
67,9,22,0.2222222222222222,22
67,9,23,0.16666666666666666,22
67,9,24,0.1111111111111111,22
67,9,25,0.09722222222222222,22
67,9,26,0.1388888888888889,22
67,9,27,0.125,22
67,9,28,0.1388888888888889,22
67,9,29,0.08333333333333333,22
67,9,30,0.1388888888888889,22
67,9,31,0.05555555555555555,22
67,9,32,0.013888888888888888,22
67,9,33,0.027777777777777776,22
67,9,34,0.029411764705882353,21
67,9,35,0.06060606060606061,20
67,9,36,0.0,20
67,11,1,0.3333333333333333,6
67,11,2,0.2222222222222222,6
67,11,3,0.0,6
67,11,4,0.1111111111111111,6
67,11,5,0.1111111111111111,6
67,11,6,0.05555555555555555,6
67,11,7,0.0,6
67,11,8,0.0,6
67,11,9,0.0,6
67,11,10,0.1111111111111111,6
67,11,11,0.2222222222222222,6
67,11,12,0.2777777777777778,6
67,11,13,0.1111111111111111,6
67,11,14,0.1111111111111111,6
67,11,15,0.0,6
67,11,16,0.1111111111111111,6
67,11,17,0.0,6
67,11,18,0.05555555555555555,6
67,11,19,0.0,6
67,11,20,0.0,6
67,11,21,0.0,6
67,11,22,0.0,6
67,11,23,0.0,6
67,11,24,0.0,6
67,11,25,0.0,6
67,11,26,0.0,6
67,11,27,0.0,6
67,11,28,0.0,6
67,11,29,0.0,6
67,11,30,0.0,6
67,11,31,0.0,6
67,11,32,0.0,6
67,11,33,0.0,6
67,11,34,0.0,6
67,11,35,0.0,6
67,11,36,0.0,6
67,14,1,0.47478991596638664,24
67,14,2,0.4482758620689656,23
67,14,3,0.478448275862069,23
67,14,4,0.4272727272727273,22
67,14,5,0.4903846153846154,21
67,14,6,0.5,20
67,14,7,0.5217391304347826,19
67,14,8,0.25,18
67,14,9,0.43023255813953487,18
67,14,10,0.5125000000000001,17
67,14,11,0.5608108108108109,16
67,14,12,0.4391891891891892,16
67,14,13,0.40540540540540543,16
67,14,14,0.5202702702702703,16
67,14,15,0.4797297297297297,16
67,14,16,0.6180555555555555,15
67,14,17,0.6086956521739131,14
67,14,18,0.6136363636363636,13
67,14,19,0.36363636363636365,13
67,14,20,0.6666666666666666,12
67,14,21,0.7368421052631579,11
67,14,22,0.4509803921568627,10
67,14,23,0.6764705882352942,10
67,14,24,0.5294117647058824,10
67,14,25,0.5333333333333333,9
67,14,26,0.5666666666666667,9
67,14,27,0.7051282051282051,8
67,14,28,0.4848484848484848,7
67,14,29,0.2424242424242424,7
67,14,30,0.5,7
67,14,31,0.4444444444444444,6
67,14,32,0.625,5
67,14,33,0.625,5
67,14,34,0.6875,5
67,14,35,0.625,5
67,14,36,0.5714285714285714,4
68,3,1,0.09090909090909091,7
68,3,2,0.3181818181818182,7
68,3,3,0.18181818181818182,7
68,3,4,0.2727272727272727,7
68,3,5,0.22727272727272727,7
68,3,6,0.18181818181818182,7
68,3,7,0.13636363636363635,7
68,3,8,0.18181818181818182,7
68,3,9,0.18181818181818182,7
68,3,10,0.18181818181818182,7
68,3,11,0.09090909090909091,7
68,3,12,0.0,7
68,3,13,0.18181818181818182,7
68,3,14,0.09090909090909091,7
68,3,15,0.0,7
68,3,16,0.0,7
68,3,17,0.0,7
68,3,18,0.0,7
68,3,19,0.0,7
68,3,20,0.0,7
68,3,21,0.0,7
68,3,22,0.0,7
68,3,23,0.0,7
68,3,24,0.0,7
68,3,25,0.0,7
68,3,26,0.0,7
68,3,27,0.0,7
68,3,28,0.0,7
68,3,29,0.0,7
68,3,30,0.0,7
68,3,31,0.0,6
68,3,32,0.0,5
68,3,33,0.0,5
68,3,34,0.0,5
68,3,35,0.0,5
68,3,36,0.0,4
68,8,1,0.5714285714285714,7
68,8,2,0.2857142857142857,7
68,8,3,0.16666666666666666,6
68,8,4,0.4,5
68,8,5,0.4,5
68,8,6,0.2,5
68,8,7,0.2,5
68,8,8,0.25,4
68,8,9,0.5,4
68,8,10,0.5,4
68,8,11,0.5,4
68,8,12,0.3333333333333333,3
68,8,13,0.0,2
68,8,14,0.0,1
68,9,1,0.36,15
68,9,2,0.24,15
68,9,3,0.16,15
68,9,4,0.2,15
68,9,5,0.38,15
68,9,6,0.24,15
68,9,7,0.16,15
68,9,8,0.18,15
68,9,9,0.16,15
68,9,10,0.24,15
68,9,11,0.08,15
68,9,12,0.04,15
68,9,13,0.1,15
68,9,14,0.16,15
68,9,15,0.26,15
68,9,16,0.2,15
68,9,17,0.12,15
68,9,18,0.04,15
68,9,19,0.08,15
68,9,20,0.18,15
68,9,21,0.18,15
68,9,22,0.2,15
68,9,23,0.08,15
68,9,24,0.0,15
68,9,25,0.12,15
68,9,26,0.08,15
68,9,27,0.16,15
68,9,28,0.06,15
68,9,29,0.12,15
68,9,30,0.16,15
68,9,31,0.20833333333333334,14
68,9,32,0.16666666666666666,14
68,9,33,0.0625,14
68,9,34,0.045454545454545456,13
68,9,35,0.2,12
68,9,36,0.23684210526315788,11
68,11,1,0.55,16
68,11,2,0.425,16
68,11,3,0.375,16
68,11,4,0.4,16
68,11,5,0.425,16
68,11,6,0.35,16
68,11,7,0.275,16
68,11,8,0.25,16
68,11,9,0.275,16
68,11,10,0.3,16
68,11,11,0.25,16
68,11,12,0.175,16
68,11,13,0.125,16
68,11,14,0.125,16
68,11,15,0.125,16
68,11,16,0.075,16
68,11,17,0.0,16
68,11,18,0.0,16
68,11,19,0.025,16
68,11,20,0.075,16
68,11,21,0.05,16
68,11,22,0.0,16
68,11,23,0.0,16
68,11,24,0.0,16
68,11,25,0.0,16
68,11,26,0.0,16
68,11,27,0.0,16
68,11,28,0.0,16
68,11,29,0.0,16
68,11,30,0.0,16
68,11,31,0.0,16
68,11,32,0.0,16
68,11,33,0.0,16
68,11,34,0.0,16
68,11,35,0.0,16
68,11,36,0.0,16
68,14,1,0.5875,24
68,14,2,0.5921052631578947,23
68,14,3,0.5921052631578947,23
68,14,4,0.618421052631579,23
68,14,5,0.581081081081081,22
68,14,6,0.5138888888888888,21
68,14,7,0.5142857142857142,20
68,14,8,0.4857142857142857,20
68,14,9,0.42424242424242425,19
68,14,10,0.5,19
68,14,11,0.375,18
68,14,12,0.359375,18
68,14,13,0.390625,18
68,14,14,0.453125,18
68,14,15,0.375,18
68,14,16,0.4032258064516129,17
68,14,17,0.43333333333333335,16
68,14,18,0.4166666666666667,16
68,14,19,0.4107142857142857,15
68,14,20,0.4074074074074074,14
68,14,21,0.46,13
68,14,22,0.41304347826086957,12
68,14,23,0.3333333333333333,11
68,14,24,0.47368421052631576,10
68,14,25,0.23529411764705882,9
68,14,26,0.4,8
68,14,27,0.4230769230769231,7
68,14,28,0.5454545454545454,6
68,14,29,0.2222222222222222,5
68,14,30,0.14285714285714285,4
68,14,31,0.5,4
68,14,32,0.5,4
68,14,33,0.1,3
68,14,34,0.4,3
68,14,35,0.4,3
68,14,36,0.6,3
69,3,1,0.0,2
69,3,2,0.0,2
69,3,3,0.0,2
69,3,4,0.0,2
69,3,5,0.0,2
69,3,6,0.0,2
69,3,7,0.0,2
69,3,8,0.0,2
69,3,9,0.0,2
69,3,10,0.0,2
69,3,11,0.0,2
69,3,12,0.0,2
69,3,13,0.0,2
69,3,14,0.0,2
69,3,15,0.0,2
69,3,16,0.0,2
69,3,17,0.3333333333333333,2
69,3,18,0.0,2
69,3,19,0.0,2
69,3,20,0.0,2
69,3,21,0.0,2
69,3,22,0.0,2
69,3,23,0.0,2
69,3,24,0.0,2
69,3,25,0.0,2
69,3,26,0.0,2
69,3,27,0.0,2
69,3,28,0.0,2
69,3,29,0.0,2
69,3,30,0.0,2
69,3,31,0.0,2
69,3,32,0.0,2
69,3,33,0.0,2
69,3,34,0.0,2
69,3,35,0.0,2
69,3,36,0.0,2
69,4,1,0.0,1
69,4,2,0.0,1
69,4,3,0.0,1
69,4,4,0.0,1
69,4,5,0.0,1
69,4,6,0.0,1
69,4,7,0.0,1
69,4,8,0.0,1
69,4,9,0.0,1
69,4,10,0.0,1
69,4,11,0.0,1
69,4,12,0.0,1
69,4,13,0.0,1
69,4,14,0.0,1
69,4,15,0.0,1
69,4,16,0.0,1
69,4,17,0.0,1
69,4,18,0.0,1
69,4,19,0.0,1
69,4,20,0.0,1
69,4,21,0.0,1
69,4,22,0.0,1
69,4,23,0.0,1
69,4,24,0.0,1
69,4,25,0.0,1
69,4,26,0.0,1
69,4,27,0.0,1
69,4,28,0.0,1
69,4,29,0.0,1
69,4,30,0.0,1
69,4,31,0.0,1
69,4,32,0.0,1
69,4,33,0.0,1
69,4,34,0.0,1
69,4,35,0.0,1
69,4,36,0.0,1
69,7,1,0.0,1
69,7,2,0.0,1
69,7,3,0.0,1
69,7,4,0.0,1
69,7,5,0.0,1
69,7,6,0.0,1
69,7,7,0.0,1
69,7,8,0.0,1
69,7,9,0.0,1
69,7,10,0.0,1
69,7,11,0.0,1
69,7,12,0.0,1
69,7,13,0.0,1
69,7,14,0.0,1
69,7,15,0.0,1
69,7,16,0.0,1
69,7,17,0.0,1
69,7,18,0.0,1
69,7,19,0.0,1
69,7,20,0.0,1
69,7,21,0.0,1
69,7,22,0.0,1
69,7,23,0.0,1
69,7,24,0.0,1
69,7,25,0.0,1
69,7,26,0.0,1
69,7,27,0.0,1
69,7,28,0.0,1
69,7,29,0.0,1
69,7,30,0.0,1
69,7,31,0.0,1
69,7,32,0.0,1
69,7,33,0.0,1
69,7,34,0.0,1
69,7,35,0.0,1
69,7,36,0.0,1
69,8,1,0.8947368421052632,20
69,8,2,0.8333333333333334,19
69,8,3,0.8235294117647058,18
69,8,4,0.8181818181818182,17
69,8,5,0.8709677419354839,16
69,8,6,0.9310344827586207,15
69,8,7,0.9629629629629629,14
69,8,8,0.96,13
69,8,9,0.9782608695652174,12
69,8,10,0.9523809523809523,11
69,8,11,0.8947368421052632,10
69,8,12,0.8823529411764706,9
69,8,13,0.9375,8
69,8,14,0.9285714285714286,7
69,8,15,0.9166666666666666,6
69,8,16,1.0,5
69,8,17,1.0,4
69,8,18,1.0,3
69,8,19,1.0,2
69,8,20,0.75,2
69,8,21,0.75,2
69,8,22,1.0,2
69,8,23,1.0,2
69,8,24,1.0,1
69,9,1,0.5754716981132076,22
69,9,2,0.6556603773584906,22
69,9,3,0.599056603773585,22
69,9,4,0.509433962264151,22
69,9,5,0.5660377358490567,22
69,9,6,0.38207547169811323,22
69,9,7,0.42924528301886794,22
69,9,8,0.3584905660377359,22
69,9,9,0.3113207547169812,22
69,9,10,0.3867924528301887,22
69,9,11,0.26886792452830194,22
69,9,12,0.3207547169811321,22
69,9,13,0.32075471698113206,22
69,9,14,0.3176100628930818,22
69,9,15,0.3679245283018868,22
69,9,16,0.2783018867924528,22
69,9,17,0.33018867924528306,22
69,9,18,0.2924528301886793,22
69,9,19,0.27358490566037735,22
69,9,20,0.23113207547169812,22
69,9,21,0.18867924528301888,22
69,9,22,0.17924528301886797,22
69,9,23,0.10377358490566038,22
69,9,24,0.0849056603773585,22
69,9,25,0.05660377358490567,22
69,9,26,0.0,22
69,9,27,0.0,22
69,9,28,0.0,22
69,9,29,0.0,22
69,9,30,0.0,22
69,9,31,0.0,22
69,9,32,0.0,22
69,9,33,0.0,22
69,9,34,0.0,22
69,9,35,0.0,22
69,9,36,0.0,22
69,11,1,0.0,4
69,11,2,0.3846153846153846,4
69,11,3,0.0,4
69,11,4,0.07692307692307693,4
69,11,5,0.0,4
69,11,6,0.0,4
69,11,7,0.0,4
69,11,8,0.0,4
69,11,9,0.0,4
69,11,10,0.07692307692307693,4
69,11,11,0.0,4
69,11,12,0.15384615384615385,4
69,11,13,0.0,4
69,11,14,0.05128205128205128,4
69,11,15,0.0,4
69,11,16,0.0,4
69,11,17,0.0,4
69,11,18,0.0,4
69,11,19,0.0,4
69,11,20,0.0,4
69,11,21,0.0,4
69,11,22,0.0,4
69,11,23,0.0,4
69,11,24,0.0,4
69,11,25,0.0,4
69,11,26,0.0,4
69,11,27,0.0,4
69,11,28,0.0,4
69,11,29,0.0,4
69,11,30,0.0,4
69,11,31,0.0,4
69,11,32,0.0,4
69,11,33,0.0,4
69,11,34,0.0,4
69,11,35,0.0,4
69,11,36,0.0,4
69,14,1,0.5735294117647058,19
69,14,2,0.6323529411764706,19
69,14,3,0.6323529411764706,19
69,14,4,0.5882352941176471,19
69,14,5,0.5,19
69,14,6,0.6176470588235294,19
69,14,7,0.4411764705882353,19
69,14,8,0.5294117647058824,19
69,14,9,0.5,19
69,14,10,0.47058823529411764,19
69,14,11,0.29411764705882354,19
69,14,12,0.4117647058823529,19
69,14,13,0.3235294117647059,19
69,14,14,0.2647058823529412,19
69,14,15,0.23529411764705882,19
69,14,16,0.23529411764705882,19
69,14,17,0.10294117647058823,19
69,14,18,0.17647058823529413,19
69,14,19,0.1323529411764706,19
69,14,20,0.078125,18
69,14,21,0.125,18
69,14,22,0.1,17
69,14,23,0.034482758620689655,16
69,14,24,0.06896551724137931,16
69,14,25,0.0,16
69,14,26,0.0,15
69,14,27,0.0,15
69,14,28,0.0,14
69,14,29,0.0,13
69,14,30,0.0,12
69,14,31,0.0,11
69,14,32,0.0,10
69,14,33,0.0,10
69,14,34,0.0,9
69,14,35,0.0,8
69,14,36,0.0,7
7,1,1,0.35294117647058826,10
7,1,2,0.23529411764705882,10
7,1,3,0.47058823529411764,10
7,1,4,0.17647058823529413,10
7,1,5,0.23529411764705882,10
7,1,6,0.38235294117647056,10
7,1,7,0.11764705882352941,10
7,1,8,0.23529411764705882,10
7,1,9,0.38235294117647056,10
7,1,10,0.058823529411764705,10
7,1,11,0.11764705882352941,10
7,1,12,0.23529411764705882,10
7,1,13,0.0,10
7,1,14,0.058823529411764705,10
7,1,15,0.14705882352941177,10
7,1,16,0.11764705882352941,10
7,1,17,0.17647058823529413,10
7,1,18,0.11764705882352941,10
7,1,19,0.0,10
7,1,20,0.058823529411764705,10
7,1,21,0.11764705882352941,10
7,1,22,0.0,10
7,1,23,0.0,10
7,1,24,0.0,10
7,1,25,0.0,10
7,1,26,0.0,10
7,1,27,0.0,10
7,1,28,0.0,10
7,1,29,0.0,10
7,1,30,0.0,10
7,1,31,0.0,10
7,1,32,0.0,10
7,1,33,0.0,10
7,1,34,0.0,10
7,1,35,0.0,10
7,1,36,0.0,10
7,12,1,0.6686746987951807,31
7,12,2,0.690625,30
7,12,3,0.6915584415584415,29
7,12,4,0.6959459459459458,28
7,12,5,0.573943661971831,27
7,12,6,0.6397058823529411,26
7,12,7,0.5846153846153845,25
7,12,8,0.6015625,24
7,12,9,0.5983606557377048,23
7,12,10,0.6526610644257702,22
7,12,11,0.6554621848739495,22
7,12,12,0.663716814159292,21
7,12,13,0.7102803738317757,20
7,12,14,0.7757009345794392,20
7,12,15,0.7524752475247524,19
7,12,16,0.7684210526315789,18
7,12,17,0.8421052631578946,18
7,12,18,0.7096774193548387,17
7,12,19,0.7126436781609194,16
7,12,20,0.7407407407407407,15
7,12,21,0.9066666666666666,14
7,12,22,0.6933333333333332,14
7,12,23,0.7971014492753623,13
7,12,24,0.746031746031746,12
7,12,25,0.7368421052631579,11
7,12,26,0.6568627450980392,10
7,12,27,0.6,9
7,12,28,0.6025641025641025,8
7,12,29,0.6363636363636364,7
7,12,30,0.48148148148148157,6
7,12,31,0.7222222222222222,6
7,12,32,0.7407407407407408,6
7,12,33,0.7037037037037037,6
7,12,34,0.7407407407407407,6
7,12,35,0.8888888888888888,6
7,12,36,0.8333333333333333,5
7,17,1,0.48224852071005914,32
7,17,2,0.4881656804733728,32
7,17,3,0.4911242603550296,32
7,17,4,0.44970414201183434,32
7,17,5,0.41715976331360943,32
7,17,6,0.44674556213017746,32
7,17,7,0.32544378698224846,32
7,17,8,0.4131736526946108,31
7,17,9,0.3263473053892216,31
7,17,10,0.3273453093812375,31
7,17,11,0.3167701863354037,30
7,17,12,0.2701863354037267,30
7,17,13,0.2546583850931677,30
7,17,14,0.2870967741935484,29
7,17,15,0.2741935483870968,29
7,17,16,0.3419354838709678,29
7,17,17,0.3422818791946309,28
7,17,18,0.25170068027210885,27
7,17,19,0.29931972789115646,27
7,17,20,0.33333333333333337,27
7,17,21,0.38095238095238093,27
7,17,22,0.3404255319148936,26
7,17,23,0.3829787234042554,26
7,17,24,0.3758865248226951,26
7,17,25,0.41134751773049644,26
7,17,26,0.35460992907801414,26
7,17,27,0.3829787234042553,26
7,17,28,0.39007092198581567,26
7,17,29,0.36879432624113473,26
7,17,30,0.39007092198581567,26
7,17,31,0.39259259259259255,25
7,17,32,0.37984496124031014,24
7,17,33,0.4959349593495935,23
7,17,34,0.3333333333333333,22
7,17,35,0.25438596491228066,21
7,17,36,0.35135135135135137,20
70,2,1,0.0,3
70,2,2,0.0,3
70,2,3,0.0,3
70,2,4,0.07142857142857142,3
70,2,5,0.0,3
70,2,6,0.0,3
70,2,7,0.0,3
70,2,8,0.0,3
70,2,9,0.0,3
70,2,10,0.0,3
70,2,11,0.0,3
70,2,12,0.0,3
70,2,13,0.0,3
70,2,14,0.0,3
70,2,15,0.2857142857142857,3
70,2,16,0.0,3
70,2,17,0.0,3
70,2,18,0.0,3
70,2,19,0.14285714285714285,3
70,2,20,0.0,3
70,2,21,0.0,3
70,2,22,0.0,3
70,2,23,0.0,3
70,2,24,0.0,3
70,2,25,0.0,3
70,2,26,0.0,3
70,2,27,0.0,3
70,2,28,0.0,3
70,2,29,0.0,3
70,2,30,0.0,3
70,2,31,0.0,3
70,2,32,0.0,3
70,2,33,0.0,3
70,2,34,0.0,3
70,2,35,0.0,3
70,2,36,0.0,3
70,4,1,0.0,2
70,4,2,0.0,2
70,4,3,0.0,2
70,4,4,0.0,2
70,4,5,0.0,2
70,4,6,0.0,2
70,4,7,0.0,2
70,4,8,0.0,2
70,4,9,0.0,1
70,4,10,0.0,1
70,4,11,0.0,1
70,4,12,0.0,1
70,4,13,0.0,1
70,4,14,0.0,1
70,4,15,0.0,1
70,4,16,0.0,1
70,4,17,0.0,1
70,4,18,0.0,1
70,4,19,0.0,1
70,4,20,0.0,1
70,4,21,0.0,1
70,4,22,0.0,1
70,4,23,0.0,1
70,4,24,0.5,1
70,4,25,0.0,1
70,4,26,0.0,1
70,4,27,0.0,1
70,4,28,0.0,1
70,4,29,0.0,1
70,4,30,0.0,1
70,4,31,0.0,1
70,4,32,0.0,1
70,5,1,0.5,18
70,5,2,0.4032258064516129,18
70,5,3,0.24193548387096775,18
70,5,4,0.24193548387096775,18
70,5,5,0.3870967741935484,18
70,5,6,0.29310344827586204,17
70,5,7,0.4107142857142857,16
70,5,8,0.40384615384615385,15
70,5,9,0.4423076923076923,15
70,5,10,0.46153846153846156,15
70,5,11,0.40384615384615385,15
70,5,12,0.5416666666666666,14
70,5,13,0.45454545454545453,13
70,5,14,0.4,12
70,5,15,0.2894736842105263,11
70,5,16,0.3333333333333333,10
70,5,17,0.4375,9
70,5,18,0.4,8
70,5,19,0.4,8
70,5,20,0.4666666666666667,8
70,5,21,0.4,8
70,5,22,0.2857142857142857,7
70,5,23,0.21428571428571427,7
70,5,24,0.25,6
70,5,25,0.6,5
70,5,26,0.75,4
70,5,27,0.5,3
70,5,28,0.3333333333333333,3
70,5,29,0.0,3
70,5,30,0.0,3
70,5,31,0.3333333333333333,3
70,5,32,0.5,3
70,5,33,1.0,3
70,5,34,0.5,2
70,5,35,0.5,2
70,5,36,0.0,2
70,6,1,0.0,1
70,6,2,0.0,1
70,6,3,0.0,1
70,6,4,0.0,1
70,6,5,0.0,1
70,6,6,0.0,1
70,6,7,0.0,1
70,6,8,0.0,1
70,6,9,0.0,1
70,6,10,0.0,1
70,6,11,0.0,1
70,6,12,0.0,1
70,6,13,0.0,1
70,6,14,0.0,1
70,6,15,0.0,1
70,6,16,0.0,1
70,6,17,0.0,1
70,6,18,0.0,1
70,6,19,0.0,1
70,6,20,0.0,1
70,6,21,0.0,1
70,6,22,0.0,1
70,6,23,0.0,1
70,6,24,0.0,1
70,6,25,0.0,1
70,6,26,0.0,1
70,6,27,0.0,1
70,6,28,0.0,1
70,6,29,0.0,1
70,6,30,0.0,1
70,6,31,0.0,1
70,6,32,0.0,1
70,6,33,0.0,1
70,6,34,0.0,1
70,6,35,0.0,1
70,6,36,0.0,1
70,7,1,0.23043478260869565,14
70,7,2,0.1173913043478261,14
70,7,3,0.26086956521739135,14
70,7,4,0.2521739130434783,14
70,7,5,0.3521739130434783,14
70,7,6,0.2565217391304348,14
70,7,7,0.2347826086956522,14
70,7,8,0.16086956521739132,14
70,7,9,0.24347826086956523,14
70,7,10,0.18260869565217394,14
70,7,11,0.0782608695652174,14
70,7,12,0.30434782608695654,14
70,7,13,0.21739130434782608,14
70,7,14,0.08695652173913045,14
70,7,15,0.06956521739130435,14
70,7,16,0.18260869565217394,14
70,7,17,0.1565217391304348,14
70,7,18,0.1,14
70,7,19,0.09565217391304348,14
70,7,20,0.026086956521739132,14
70,7,21,0.1565217391304348,14
70,7,22,0.12173913043478261,14
70,7,23,0.026086956521739132,14
70,7,24,0.0,14
70,7,25,0.10434782608695653,14
70,7,26,0.0782608695652174,14
70,7,27,0.0,14
70,7,28,0.10434782608695653,14
70,7,29,0.0,13
70,7,30,0.0,13
70,7,31,0.0,13
70,7,32,0.0,13
70,7,33,0.11650485436893206,13
70,7,34,0.03883495145631068,13
70,7,35,0.0,13
70,7,36,0.0,13
70,9,1,0.0,1
70,9,2,0.0,1
70,9,3,0.0,1
70,9,4,0.0,1
70,9,5,0.0,1
70,9,6,0.0,1
70,9,7,0.0,1
70,9,8,0.0,1
70,9,9,0.0,1
70,9,10,0.0,1
70,9,11,0.0,1
70,9,12,0.0,1
70,9,13,0.0,1
70,9,14,0.0,1
70,9,15,0.0,1
70,9,16,0.0,1
70,9,17,0.0,1
70,9,18,0.0,1
70,9,19,0.0,1
70,9,20,0.0,1
70,9,21,0.0,1
70,9,22,0.0,1
70,9,23,0.0,1
70,9,24,0.0,1
70,9,25,0.0,1
70,9,26,0.0,1
70,9,27,0.0,1
70,9,28,0.0,1
70,9,29,0.0,1
70,9,30,0.0,1
70,9,31,0.0,1
70,9,32,0.0,1
70,9,33,0.0,1
70,9,34,0.0,1
70,9,35,0.0,1
70,9,36,0.0,1
70,10,1,0.0,1
70,10,2,0.0,1
70,10,3,0.0,1
70,10,4,0.0,1
70,10,5,0.0,1
70,10,6,0.0,1
70,10,7,0.0,1
70,10,8,0.0,1
70,10,9,0.0,1
70,10,10,0.0,1
70,10,11,0.0,1
70,10,12,0.0,1
70,10,13,0.0,1
70,10,14,0.0,1
70,10,15,0.0,1
70,10,16,0.0,1
70,10,17,0.0,1
70,10,18,0.0,1
70,10,19,0.0,1
70,10,20,0.0,1
70,10,21,0.0,1
70,10,22,0.0,1
70,12,1,0.0,1
70,12,2,0.0,1
70,12,3,0.0,1
70,12,4,0.0,1
70,12,5,0.0,1
70,12,6,0.0,1
70,13,1,0.5555555555555556,5
70,13,2,0.42857142857142855,4
70,13,3,0.2,3
70,13,4,0.0,2
70,13,5,0.0,1
70,13,6,0.5,1
70,13,7,1.0,1
70,13,8,1.0,1
70,13,9,1.0,1
70,13,10,0.0,1
70,15,1,0.125,7
70,15,2,0.125,7
70,15,3,0.125,7
70,15,4,0.0625,7
70,15,5,0.0,7
70,15,6,0.0,7
70,15,7,0.0,7
70,15,8,0.0,7
70,15,9,0.125,7
70,15,10,0.125,7
70,15,11,0.125,7
70,15,12,0.0,7
70,15,13,0.125,7
70,15,14,0.0625,7
70,15,15,0.0,7
70,15,16,0.0625,7
70,15,17,0.125,7
70,15,18,0.0625,7
70,15,19,0.0625,7
70,15,20,0.0625,7
70,15,21,0.0625,7
70,15,22,0.0,7
70,15,23,0.0,7
70,15,24,0.0,7
70,15,25,0.0,7
70,15,26,0.0,7
70,15,27,0.125,7
70,15,28,0.0,7
70,15,29,0.0,7
70,15,30,0.125,7
70,15,31,0.0,6
70,15,32,0.0,6
70,15,33,0.0,6
70,15,34,0.0,6
70,15,35,0.0,6
70,15,36,0.0,6
70,16,1,0.14285714285714285,6
70,16,2,0.0,6
70,16,3,0.07142857142857142,6
70,16,4,0.07142857142857142,6
70,16,5,0.14285714285714285,6
70,16,6,0.14285714285714285,6
70,16,7,0.0,6
70,16,8,0.0,6
70,16,9,0.0,6
70,16,10,0.0,6
70,16,11,0.0,6
70,16,12,0.0,6
70,16,13,0.0,6
70,16,14,0.14285714285714285,6
70,16,15,0.0,6
70,16,16,0.0,6
70,16,17,0.14285714285714285,6
70,16,18,0.14285714285714285,6
70,16,19,0.07142857142857142,6
70,16,20,0.07142857142857142,6
70,16,21,0.0,6
70,16,22,0.07142857142857142,6
70,16,23,0.14285714285714285,6
70,16,24,0.07142857142857142,6
70,16,25,0.0,6
70,16,26,0.0,6
70,16,27,0.0,6
70,16,28,0.0,6
70,16,29,0.0,6
70,16,30,0.0,6
70,16,31,0.0,6
70,16,32,0.0,6
70,16,33,0.0,6
70,16,34,0.0,6
70,16,35,0.0,6
70,16,36,0.0,6
70,18,1,0.20512820512820512,13
70,18,2,0.1282051282051282,13
70,18,3,0.05128205128205128,13
70,18,4,0.0641025641025641,13
70,18,5,0.15384615384615385,13
70,18,6,0.10256410256410256,13
70,18,7,0.358974358974359,13
70,18,8,0.07692307692307693,13
70,18,9,0.10256410256410256,13
70,18,10,0.02564102564102564,13
70,18,11,0.16666666666666666,13
70,18,12,0.1794871794871795,13
70,18,13,0.0,13
70,18,14,0.1282051282051282,13
70,18,15,0.038461538461538464,13
70,18,16,0.1794871794871795,13
70,18,17,0.05128205128205128,13
70,18,18,0.10256410256410256,13
70,18,19,0.0641025641025641,13
70,18,20,0.0,13
70,18,21,0.014285714285714285,12
70,18,22,0.08571428571428572,12
70,18,23,0.17142857142857143,12
70,18,24,0.0,12
70,18,25,0.14285714285714285,12
70,18,26,0.02857142857142857,12
70,18,27,0.11428571428571428,12
70,18,28,0.15151515151515152,11
70,18,29,0.06060606060606061,11
70,18,30,0.1935483870967742,10
70,18,31,0.0,10
70,18,32,0.12903225806451613,10
70,18,33,0.06451612903225806,10
70,18,34,0.22580645161290322,10
70,18,35,0.2222222222222222,9
70,18,36,0.18518518518518517,9
71,3,1,0.0,4
71,3,2,0.0,4
71,3,3,0.16666666666666666,4
71,3,4,0.16666666666666666,4
71,3,5,0.0,4
71,3,6,0.16666666666666666,4
71,3,7,0.0,4
71,3,8,0.0,4
71,3,9,0.3333333333333333,4
71,3,10,0.08333333333333333,4
71,3,11,0.0,4
71,3,12,0.0,4
71,3,13,0.16666666666666666,4
71,3,14,0.0,4
71,3,15,0.0,4
71,3,16,0.0,4
71,3,17,0.0,4
71,3,18,0.0,4
71,3,19,0.0,4
71,3,20,0.0,4
71,3,21,0.0,4
71,3,22,0.0,4
71,3,23,0.0,4
71,3,24,0.0,4
71,3,25,0.0,4
71,3,26,0.0,4
71,3,27,0.0,4
71,3,28,0.0,4
71,3,29,0.0,4
71,3,30,0.0,4
71,3,31,0.0,3
71,3,32,0.0,3
71,3,33,0.0,3
71,3,34,0.0,3
71,3,35,0.0,2
71,3,36,0.0,2
71,4,1,0.0,2
71,4,2,0.0,2
71,4,3,0.0,2
71,4,4,0.25,2
71,4,5,0.0,2
71,4,6,0.0,2
71,4,7,0.0,2
71,4,8,0.0,2
71,4,9,0.0,2
71,4,10,0.0,2
71,4,11,0.0,2
71,4,12,0.0,2
71,4,13,0.0,2
71,4,14,0.0,2
71,4,15,0.0,2
71,4,16,0.0,2
71,4,17,0.5,2
71,4,18,0.0,1
71,4,19,0.0,1
71,4,20,0.0,1
71,4,21,1.0,1
71,7,1,0.0,2
71,7,2,0.0,2
71,7,3,0.0,2
71,7,4,0.0,2
71,7,5,0.0,2
71,7,6,0.0,2
71,7,7,0.0,2
71,7,8,0.5,2
71,7,9,0.0,2
71,7,10,0.0,2
71,7,11,0.0,2
71,7,12,0.0,2
71,7,13,0.0,2
71,7,14,0.0,2
71,7,15,0.0,2
71,7,16,0.0,2
71,7,17,0.0,2
71,7,18,0.0,2
71,7,19,0.0,2
71,7,20,0.0,2
71,7,21,0.0,2
71,7,22,0.0,2
71,7,23,0.0,2
71,7,24,0.0,2
71,7,25,0.0,2
71,7,26,0.0,2
71,7,27,0.0,2
71,7,28,0.0,2
71,7,29,0.0,2
71,7,30,0.0,2
71,7,31,0.0,2
71,7,32,0.0,2
71,7,33,0.0,2
71,7,34,0.0,2
71,7,35,0.0,2
71,7,36,0.0,2
71,8,1,0.6296296296296297,15
71,8,2,0.6111111111111112,15
71,8,3,0.56,14
71,8,4,0.5652173913043478,13
71,8,5,0.6190476190476191,12
71,8,6,0.6842105263157895,11
71,8,7,0.6111111111111112,10
71,8,8,0.75,9
71,8,9,0.6,8
71,8,10,0.46153846153846156,7
71,8,11,0.7272727272727273,6
71,8,12,0.5555555555555556,5
71,8,13,0.7777777777777778,5
71,8,14,0.7142857142857143,4
71,8,15,0.35714285714285715,4
71,8,16,0.4,3
71,8,17,0.8333333333333334,2
71,8,18,0.6666666666666666,2
71,8,19,1.0,2
71,8,20,1.0,2
71,8,21,1.0,2
71,8,22,0.6666666666666666,2
71,8,23,0.0,2
71,8,24,0.0,1
71,9,1,0.86,26
71,9,2,0.8,26
71,9,3,0.76,26
71,9,4,0.72,26
71,9,5,0.72,26
71,9,6,0.7,26
71,9,7,0.66,26
71,9,8,0.62,26
71,9,9,0.58,26
71,9,10,0.54,26
71,9,11,0.48,26
71,9,12,0.48,26
71,9,13,0.48,26
71,9,14,0.44,26
71,9,15,0.44,26
71,9,16,0.41,26
71,9,17,0.36,26
71,9,18,0.34,26
71,9,19,0.3,26
71,9,20,0.26,26
71,9,21,0.26,26
71,9,22,0.22,26
71,9,23,0.18,26
71,9,24,0.14,26
71,9,25,0.1,26
71,9,26,0.06,26
71,9,27,0.02,26
71,9,28,0.02,26
71,9,29,0.02,26
71,9,30,0.02,26
71,9,31,0.02,26
71,9,32,0.0,26
71,9,33,0.0,26
71,9,34,0.0,26
71,9,35,0.0,26
71,9,36,0.0,26
71,10,1,0.0,1
71,10,2,0.0,1
71,10,3,0.0,1
71,10,4,0.0,1
71,10,5,0.0,1
71,10,6,0.0,1
71,10,7,0.0,1
71,10,8,0.0,1
71,10,9,0.0,1
71,10,10,0.0,1
71,10,11,0.0,1
71,10,12,0.0,1
71,10,13,0.0,1
71,10,14,0.0,1
71,10,15,0.0,1
71,10,16,0.0,1
71,10,17,0.0,1
71,10,18,0.0,1
71,10,19,0.0,1
71,10,20,0.0,1
71,10,21,0.0,1
71,10,22,0.0,1
71,10,23,0.0,1
71,10,24,0.0,1
71,10,25,0.0,1
71,10,26,0.0,1
71,10,27,0.0,1
71,10,28,0.0,1
71,10,29,0.0,1
71,10,30,0.0,1
71,10,31,0.0,1
71,10,32,0.0,1
71,10,33,0.0,1
71,10,34,0.0,1
71,10,35,0.0,1
71,13,1,0.0,1
71,13,2,0.0,1
71,13,3,0.0,1
71,13,4,0.0,1
71,13,5,0.0,1
71,13,6,0.0,1
71,13,7,0.0,1
71,13,8,0.0,1
71,13,9,0.0,1
71,13,10,0.0,1
71,13,11,0.0,1
71,13,12,0.0,1
71,13,13,0.0,1
71,13,14,0.0,1
71,14,1,0.5441176470588235,13
71,14,2,0.25,13
71,14,3,0.2941176470588235,13
71,14,4,0.2867647058823529,13
71,14,5,0.3529411764705882,13
71,14,6,0.32352941176470584,13
71,14,7,0.2941176470588235,13
71,14,8,0.338235294117647,13
71,14,9,0.2647058823529412,13
71,14,10,0.30882352941176466,13
71,14,11,0.3529411764705882,13
71,14,12,0.2647058823529412,13
71,14,13,0.2941176470588235,13
71,14,14,0.2647058823529412,13
71,14,15,0.1323529411764706,13
71,14,16,0.07352941176470587,13
71,14,17,0.02941176470588235,13
71,14,18,0.08823529411764705,13
71,14,19,0.08823529411764705,13
71,14,20,0.0,12
71,14,21,0.10714285714285714,11
71,14,22,0.21428571428571427,11
71,14,23,0.10714285714285714,11
71,14,24,0.0,11
71,14,25,0.0,11
71,14,26,0.0,10
71,14,27,0.0,9
71,14,28,0.0,8
71,14,29,0.0,7
71,14,30,0.0,7
71,14,31,0.0,6
71,14,32,0.0,5
71,14,33,0.0,4
71,14,34,0.0,3
71,14,35,0.0,3
71,14,36,0.0,3
71,15,1,0.0,3
71,15,2,0.1875,3
71,15,3,0.0,3
71,15,4,0.0,3
71,15,5,0.0,3
71,15,6,0.0,3
71,15,7,0.0,3
71,15,8,0.0,3
71,15,9,0.0,3
71,15,10,0.0,3
71,15,11,0.0,3
71,15,12,0.125,3
71,15,13,0.0,3
71,15,14,0.125,3
71,15,15,0.0,3
71,15,16,0.0,3
71,15,17,0.0,3
71,15,18,0.0,3
71,15,19,0.0,3
71,15,20,0.0,3
71,15,21,0.0,3
71,15,22,0.0,3
71,15,23,0.0,3
71,15,24,0.0,3
71,15,25,0.0,3
71,15,26,0.0,2
71,15,27,0.0,2
71,15,28,0.0,2
71,15,29,0.0,2
71,15,30,0.0,2
71,15,31,0.0,2
71,15,32,0.0,2
71,15,33,0.0,2
71,15,34,0.0,2
71,15,35,0.0,2
71,15,36,0.0,2
72,1,1,0.31034482758620685,6
72,1,2,0.0,6
72,1,3,0.0689655172413793,6
72,1,4,0.0689655172413793,6
72,1,5,0.2068965517241379,6
72,1,6,0.10344827586206895,6
72,1,7,0.0,6
72,1,8,0.0,6
72,1,9,0.03448275862068965,6
72,1,10,0.0689655172413793,6
72,1,11,0.0,6
72,1,12,0.10344827586206895,6
72,1,13,0.31034482758620685,6
72,1,14,0.2068965517241379,6
72,1,15,0.0689655172413793,6
72,1,16,0.0,6
72,1,17,0.0,6
72,1,18,0.2068965517241379,6
72,1,19,0.2068965517241379,6
72,1,20,0.0,6
72,1,21,0.0,6
72,1,22,0.0,6
72,1,23,0.0,6
72,1,24,0.0,6
72,1,25,0.0,6
72,1,26,0.0,6
72,1,27,0.0,6
72,1,28,0.0,6
72,1,29,0.0,6
72,1,30,0.0,6
72,1,31,0.0,6
72,1,32,0.0,6
72,1,33,0.0,6
72,1,34,0.0,6
72,1,35,0.0,6
72,1,36,0.0,6
72,2,1,0.0,4
72,2,2,0.0,4
72,2,3,0.0,4
72,2,4,0.25,4
72,2,5,0.25,4
72,2,6,0.0,4
72,2,7,0.0,4
72,2,8,0.0,4
72,2,9,0.0,4
72,2,10,0.0,4
72,2,11,0.0,4
72,2,12,0.0,4
72,2,13,0.0,4
72,2,14,0.0,4
72,2,15,0.0,4
72,2,16,0.0,4
72,2,17,0.0,4
72,2,18,0.0,4
72,2,19,0.0,4
72,2,20,0.0,4
72,2,21,0.0,4
72,2,22,0.0,4
72,2,23,0.0,4
72,2,24,0.0,4
72,2,25,0.0,4
72,2,26,0.0,4
72,2,27,0.0,4
72,2,28,0.25,4
72,2,29,0.0,4
72,2,30,0.0,4
72,2,31,0.0,3
72,2,32,0.3333333333333333,3
72,2,33,0.3333333333333333,3
72,2,34,0.0,3
72,2,35,0.0,2
72,2,36,0.0,2
72,5,1,0.3333333333333333,16
72,5,2,0.175,15
72,5,3,0.3684210526315789,14
72,5,4,0.3611111111111111,13
72,5,5,0.19444444444444445,13
72,5,6,0.20588235294117646,12
72,5,7,0.53125,11
72,5,8,0.5625,11
72,5,9,0.23333333333333334,10
72,5,10,0.25,9
72,5,11,0.5,8
72,5,12,0.2916666666666667,8
72,5,13,0.125,8
72,5,14,0.4,7
72,5,15,0.5555555555555556,6
72,5,16,0.3888888888888889,6
72,5,17,0.14285714285714285,5
72,5,18,0.5,4
72,5,19,0.5,4
72,5,20,0.1,4
72,5,21,0.2,4
72,5,22,0.5,4
72,5,23,0.4,4
72,5,24,0.2,4
72,5,25,0.3333333333333333,3
72,5,26,0.75,2
72,5,27,0.25,2
72,5,28,0.25,2
72,5,29,0.75,2
72,5,30,0.25,2
72,5,31,0.25,2
72,5,32,0.5,2
72,5,33,0.5,1
72,5,34,0.5,1
72,5,35,0.0,1
72,5,36,0.5,1
72,6,1,0.0,3
72,6,2,0.0,3
72,6,3,0.0,3
72,6,4,0.0,3
72,6,5,0.0,3
72,6,6,0.0,3
72,6,7,0.0,3
72,6,8,0.3333333333333333,3
72,6,9,0.0,3
72,6,10,0.0,3
72,6,11,0.0,3
72,6,12,0.0,3
72,6,13,0.3333333333333333,3
72,6,14,0.0,3
72,6,15,0.0,3
72,6,16,0.0,3
72,6,17,0.0,3
72,6,18,0.0,3
72,6,19,0.0,3
72,6,20,0.0,3
72,6,21,0.3333333333333333,3
72,6,22,0.0,3
72,6,23,0.0,3
72,6,24,0.0,3
72,6,25,0.0,3
72,6,26,0.0,3
72,6,27,0.0,3
72,6,28,0.0,3
72,6,29,0.0,3
72,6,30,0.0,3
72,6,31,0.0,3
72,6,32,0.0,3
72,6,33,0.0,3
72,6,34,0.0,3
72,6,35,0.0,3
72,6,36,0.0,3
72,9,1,0.0,1
72,9,2,0.0,1
72,9,3,0.0,1
72,9,4,0.0,1
72,9,5,0.0,1
72,9,6,0.0,1
72,9,7,0.0,1
72,9,8,0.0,1
72,9,9,0.0,1
72,9,10,0.0,1
72,9,11,0.0,1
72,9,12,0.0,1
72,9,13,0.0,1
72,9,14,0.0,1
72,9,15,0.0,1
72,9,16,0.0,1
72,9,17,0.0,1
72,9,18,0.0,1
72,9,19,0.0,1
72,9,20,0.0,1
72,9,21,0.0,1
72,9,22,0.0,1
72,9,23,0.0,1
72,9,24,0.0,1
72,9,25,0.0,1
72,9,26,0.0,1
72,9,27,0.0,1
72,9,28,0.0,1
72,9,29,0.0,1
72,9,30,0.0,1
72,9,31,0.0,1
72,12,1,0.0,7
72,12,2,0.0,7
72,12,3,0.0,7
72,12,4,0.0,7
72,12,5,0.25,7
72,12,6,0.0,7
72,12,7,0.16666666666666666,7
72,12,8,0.08333333333333333,7
72,12,9,0.08333333333333333,7
72,12,10,0.0,7
72,12,11,0.16666666666666666,7
72,12,12,0.2,6
72,12,13,0.05,6
72,12,14,0.0,6
72,12,15,0.0,6
72,12,16,0.0,6
72,12,17,0.2,6
72,12,18,0.2,6
72,12,19,0.0,5
72,12,20,0.0,5
72,12,21,0.25,5
72,12,22,0.125,5
72,12,23,0.25,5
72,12,24,0.0,4
72,12,25,0.0,4
72,12,26,0.3333333333333333,4
72,12,27,0.0,4
72,12,28,0.0,4
72,12,29,0.0,4
72,12,30,0.16666666666666666,4
72,12,31,0.0,4
72,12,32,0.0,4
72,12,33,0.3333333333333333,4
72,12,34,0.0,4
72,12,35,0.16666666666666666,4
72,12,36,0.0,4
72,13,1,0.0,1
72,13,2,0.0,1
72,13,3,0.0,1
72,13,4,0.0,1
72,13,5,0.0,1
72,13,6,0.0,1
72,13,7,0.0,1
72,15,1,0.0,1
72,15,2,0.0,1
72,15,3,0.0,1
72,15,4,0.0,1
72,15,5,0.0,1
72,15,6,0.0,1
72,15,7,0.0,1
72,15,8,0.0,1
72,15,9,0.0,1
72,15,10,0.0,1
72,15,11,0.0,1
72,15,12,0.0,1
72,15,13,0.0,1
72,15,14,0.0,1
72,15,15,0.0,1
72,15,16,0.0,1
72,15,17,0.0,1
72,15,18,0.0,1
72,15,19,0.0,1
72,15,20,0.0,1
72,15,21,0.0,1
72,15,22,0.0,1
72,15,23,0.0,1
72,15,24,0.0,1
72,15,25,0.0,1
72,15,26,0.0,1
72,15,27,0.0,1
72,15,28,0.0,1
72,15,29,0.0,1
72,17,1,0.3984375,26
72,17,2,0.36000000000000004,25
72,17,3,0.312,25
72,17,4,0.292,25
72,17,5,0.25630252100840334,24
72,17,6,0.2327586206896552,23
72,17,7,0.27155172413793105,23
72,17,8,0.4051724137931035,23
72,17,9,0.2456896551724138,23
72,17,10,0.33620689655172414,23
72,17,11,0.3577586206896552,23
72,17,12,0.3017241379310345,23
72,17,13,0.28879310344827586,23
72,17,14,0.35775862068965514,23
72,17,15,0.3451327433628319,22
72,17,16,0.33644859813084116,21
72,17,17,0.33644859813084116,21
72,17,18,0.44859813084112155,21
72,17,19,0.39252336448598135,21
72,17,20,0.31683168316831684,20
72,17,21,0.4108910891089109,20
72,17,22,0.22772277227722773,20
72,17,23,0.30526315789473685,19
72,17,24,0.16315789473684209,19
72,17,25,0.24210526315789474,19
72,17,26,0.16304347826086957,18
72,17,27,0.16847826086956522,18
72,17,28,0.20930232558139536,17
72,17,29,0.27906976744186046,17
72,17,30,0.1744186046511628,17
72,17,31,0.24418604651162792,17
72,17,32,0.313953488372093,17
72,17,33,0.4418604651162791,17
72,17,34,0.28125,16
72,17,35,0.23750000000000002,16
72,17,36,0.24324324324324326,15
72,18,1,0.0,5
72,18,2,0.16666666666666666,5
72,18,3,0.0,5
72,18,4,0.0,5
72,18,5,0.0,5
72,18,6,0.16666666666666666,5
72,18,7,0.0,4
72,18,8,0.1,4
72,18,9,0.0,4
72,18,10,0.0,4
72,18,11,0.0,4
72,18,12,0.0,4
72,18,13,0.0,4
72,18,14,0.1,4
72,18,15,0.0,4
72,18,16,0.0,4
72,18,17,0.0,4
72,18,18,0.0,4
72,18,19,0.0,4
72,18,20,0.2,4
72,18,21,0.0,3
72,18,22,0.125,3
72,18,23,0.0,3
72,18,24,0.0,3
72,18,25,0.0,3
72,18,26,0.0,3
72,18,27,0.0,2
72,18,28,0.0,2
72,18,29,0.0,1
72,18,30,0.0,1
72,18,31,0.0,1
72,18,32,0.0,1
72,18,33,0.0,1
72,18,34,0.0,1
72,18,35,0.0,1
72,18,36,0.0,1
73,4,1,0.19230769230769232,10
73,4,2,0.22727272727272727,9
73,4,3,0.13636363636363635,9
73,4,4,0.13636363636363635,9
73,4,5,0.09090909090909091,9
73,4,6,0.13636363636363635,9
73,4,7,0.09090909090909091,9
73,4,8,0.045454545454545456,9
73,4,9,0.045454545454545456,9
73,4,10,0.045454545454545456,9
73,4,11,0.09090909090909091,9
73,4,12,0.09090909090909091,9
73,4,13,0.09090909090909091,9
73,4,14,0.13636363636363635,9
73,4,15,0.13636363636363635,9
73,4,16,0.045454545454545456,9
73,4,17,0.18181818181818182,9
73,4,18,0.18181818181818182,9
73,4,19,0.15,8
73,4,20,0.1,8
73,4,21,0.05,8
73,4,22,0.1,8
73,4,23,0.1,8
73,4,24,0.2222222222222222,7
73,4,25,0.25,6
73,4,26,0.0,5
73,4,27,0.2,4
73,4,28,0.0,4
73,4,29,0.0,3
73,4,30,0.0,3
73,4,31,0.0,3
73,4,32,0.0,3
73,4,33,0.0,3
73,4,34,0.0,3
73,4,35,0.0,3
73,4,36,0.25,3
73,6,1,0.0,2
73,6,2,0.0,2
73,6,3,0.3333333333333333,2
73,6,4,0.0,2
73,6,5,0.0,2
73,6,6,0.0,2
73,6,7,0.0,2
73,6,8,0.0,2
73,6,9,0.0,2
73,6,10,0.0,2
73,6,11,0.0,2
73,6,12,0.0,2
73,6,13,0.0,2
73,6,14,0.0,2
73,6,15,0.0,2
73,6,16,0.0,2
73,6,17,0.0,2
73,6,18,0.0,2
73,6,19,0.0,2
73,6,20,0.0,2
73,6,21,0.0,2
73,6,22,0.0,2
73,6,23,0.0,2
73,6,24,0.0,2
73,6,25,0.0,2
73,6,26,0.0,2
73,6,27,0.0,2
73,6,28,0.0,2
73,6,29,0.0,2
73,6,30,0.0,2
73,6,31,0.0,2
73,6,32,0.0,2
73,6,33,0.0,2
73,6,34,0.0,2
73,6,35,0.0,2
73,6,36,0.0,2
73,7,1,0.0625,6
73,7,2,0.0,6
73,7,3,0.0,6
73,7,4,0.25,6
73,7,5,0.0,6
73,7,6,0.125,6
73,7,7,0.0,6
73,7,8,0.0,6
73,7,9,0.125,6
73,7,10,0.25,6
73,7,11,0.0,6
73,7,12,0.0,6
73,7,13,0.125,6
73,7,14,0.125,6
73,7,15,0.0,6
73,7,16,0.0625,6
73,7,17,0.0,6
73,7,18,0.0,6
73,7,19,0.0625,6
73,7,20,0.0625,6
73,7,21,0.0,6
73,7,22,0.125,6
73,7,23,0.0,6
73,7,24,0.0,6
73,7,25,0.0,6
73,7,26,0.125,6
73,7,27,0.0,6
73,7,28,0.0,6
73,7,29,0.0,6
73,7,30,0.0,6
73,7,31,0.0,6
73,7,32,0.0,6
73,7,33,0.0,6
73,7,34,0.0,6
73,7,35,0.0625,6
73,7,36,0.07142857142857142,5
73,8,1,0.0,5
73,8,2,0.2222222222222222,5
73,8,3,0.0,5
73,8,4,0.2857142857142857,4
73,8,5,0.0,4
73,8,6,0.0,4
73,8,7,0.0,4
73,8,8,0.4,3
73,8,9,0.2,3
73,8,10,0.4,3
73,8,11,0.2,3
73,8,12,0.4,3
73,8,13,0.0,3
73,8,14,0.4,3
73,8,15,0.0,3
73,8,16,0.0,2
73,8,17,0.0,2
73,8,18,0.0,1
73,8,19,1.0,1
73,8,20,0.0,1
73,8,21,0.0,1
73,8,22,0.0,1
73,8,23,1.0,1
73,8,24,0.0,1
73,8,25,0.0,1
73,8,26,0.0,1
73,9,1,0.3125,9
73,9,2,0.25,9
73,9,3,0.1875,9
73,9,4,0.1875,9
73,9,5,0.25,9
73,9,6,0.25,9
73,9,7,0.1875,9
73,9,8,0.125,9
73,9,9,0.25,9
73,9,10,0.1875,9
73,9,11,0.0,9
73,9,12,0.0625,9
73,9,13,0.0625,9
73,9,14,0.0625,9
73,9,15,0.25,9
73,9,16,0.0625,9
73,9,17,0.03125,9
73,9,18,0.0,9
73,9,19,0.0,9
73,9,20,0.0625,9
73,9,21,0.125,9
73,9,22,0.0625,9
73,9,23,0.125,9
73,9,24,0.125,9
73,9,25,0.125,9
73,9,26,0.0,9
73,9,27,0.0,9
73,9,28,0.0,9
73,9,29,0.0,9
73,9,30,0.125,9
73,9,31,0.0,9
73,9,32,0.0,9
73,9,33,0.0,9
73,9,34,0.0,8
73,9,35,0.0,8
73,9,36,0.0,8
73,10,1,0.2647058823529412,5
73,10,2,0.1764705882352941,5
73,10,3,0.0,5
73,10,4,0.0,5
73,10,5,0.0,5
73,10,6,0.1764705882352941,5
73,10,7,0.14705882352941174,5
73,10,8,0.08823529411764705,5
73,10,9,0.0,5
73,10,10,0.0,5
73,10,11,0.0,5
73,10,12,0.0,5
73,10,13,0.1176470588235294,5
73,10,14,0.0588235294117647,5
73,10,15,0.0588235294117647,5
73,10,16,0.0,5
73,10,17,0.0,5
73,10,18,0.0,5
73,10,19,0.0,5
73,10,20,0.0,5
73,10,21,0.0,5
73,10,22,0.0,5
73,10,23,0.0,5
73,10,24,0.0,5
73,10,25,0.0,5
73,10,26,0.0,5
73,10,27,0.0,5
73,10,28,0.0,4
73,10,29,0.0,4
73,10,30,0.0,4
73,10,31,0.0,4
73,10,32,0.0,4
73,10,33,0.0,4
73,10,34,0.0,4
73,10,35,0.0,3
73,10,36,0.0,3
73,13,1,0.20833333333333334,8
73,13,2,0.5,8
73,13,3,0.45,7
73,13,4,0.35,7
73,13,5,0.35,7
73,13,6,0.625,6
73,13,7,0.2857142857142857,5
73,13,8,0.42857142857142855,5
73,13,9,0.5,4
73,13,10,0.5,4
73,13,11,0.2,3
73,13,12,1.0,2
73,13,13,0.0,1
73,13,14,1.0,1
73,14,1,0.3,5
73,14,2,0.24999999999999997,5
73,14,3,0.24999999999999997,5
73,14,4,0.0,5
73,14,5,0.049999999999999996,5
73,14,6,0.0,5
73,14,7,0.0,5
73,14,8,0.049999999999999996,5
73,14,9,0.0,5
73,14,10,0.15,5
73,14,11,0.15,5
73,14,12,0.0,5
73,14,13,0.075,5
73,14,14,0.0,5
73,14,15,0.0,5
73,14,16,0.0,5
73,14,17,0.0,5
73,14,18,0.0,5
73,14,19,0.0,5
73,14,20,0.0,4
73,14,21,0.0,4
73,14,22,0.0,4
73,14,23,0.0,4
73,14,24,0.0,4
73,14,25,0.0,4
73,14,26,0.0,4
73,14,27,0.0,4
73,14,28,0.0,3
73,14,29,0.0,3
73,14,30,0.0,2
73,14,31,0.0,1
73,14,32,0.0,1
73,15,1,0.0,2
73,15,2,0.0,2
73,15,3,0.0,2
73,15,4,0.0,2
73,15,5,0.0,2
73,15,6,0.0,2
73,15,7,0.0,2
73,15,8,0.0,2
73,15,9,0.0,2
73,15,10,0.0,2
73,15,11,0.0,2
73,15,12,0.0,2
73,15,13,0.25,2
73,15,14,0.0,2
73,15,15,0.0,2
73,15,16,0.0,2
73,15,17,0.0,2
73,15,18,0.0,2
73,15,19,0.0,2
73,15,20,0.0,1
73,15,21,0.0,1
73,15,22,0.0,1
73,15,23,0.0,1
73,15,24,0.0,1
73,15,25,0.0,1
73,15,26,0.0,1
73,15,27,0.0,1
73,15,28,0.0,1
73,15,29,0.0,1
73,15,30,0.0,1
73,15,31,0.0,1
73,15,32,0.0,1
73,16,1,0.4166666666666667,12
73,16,2,0.3333333333333333,12
73,16,3,0.4166666666666667,12
73,16,4,0.3333333333333333,12
73,16,5,0.3888888888888889,12
73,16,6,0.16666666666666666,12
73,16,7,0.1388888888888889,12
73,16,8,0.25,12
73,16,9,0.08333333333333333,12
73,16,10,0.16666666666666666,12
73,16,11,0.19444444444444445,12
73,16,12,0.05555555555555555,12
73,16,13,0.1388888888888889,12
73,16,14,0.16666666666666666,12
73,16,15,0.16666666666666666,12
73,16,16,0.1388888888888889,12
73,16,17,0.027777777777777776,12
73,16,18,0.16666666666666666,12
73,16,19,0.16666666666666666,12
73,16,20,0.05555555555555555,12
73,16,21,0.027777777777777776,12
73,16,22,0.0,12
73,16,23,0.05555555555555555,12
73,16,24,0.027777777777777776,12
73,16,25,0.0,12
73,16,26,0.0,12
73,16,27,0.0,12
73,16,28,0.0,12
73,16,29,0.0,12
73,16,30,0.0,12
73,16,31,0.0,12
73,16,32,0.0,12
73,16,33,0.0,12
73,16,34,0.0,12
73,16,35,0.0,12
73,16,36,0.0,12
73,18,1,0.0,1
73,18,2,0.0,1
73,18,3,0.0,1
73,18,4,0.0,1
73,18,5,0.0,1
73,18,6,0.0,1
73,18,7,0.0,1
73,18,8,0.0,1
73,18,9,0.0,1
73,18,10,0.0,1
73,18,11,0.0,1
73,18,12,0.0,1
73,18,13,0.0,1
73,18,14,0.0,1
73,18,15,0.0,1
73,18,16,0.0,1
73,18,17,0.0,1
73,18,18,0.0,1
73,18,19,0.0,1
73,18,20,0.0,1
74,1,1,0.07,11
74,1,2,0.06000000000000001,11
74,1,3,0.2,11
74,1,4,0.02,11
74,1,5,0.0,11
74,1,6,0.04,11
74,1,7,0.18000000000000002,11
74,1,8,0.12000000000000002,11
74,1,9,0.12000000000000002,11
74,1,10,0.18000000000000002,11
74,1,11,0.0,11
74,1,12,0.12000000000000002,11
74,1,13,0.1,11
74,1,14,0.0,10
74,1,15,0.13636363636363638,10
74,1,16,0.06818181818181819,10
74,1,17,0.034090909090909095,10
74,1,18,0.17045454545454547,10
74,1,19,0.13636363636363638,10
74,1,20,0.06818181818181819,10
74,1,21,0.15909090909090912,10
74,1,22,0.0,9
74,1,23,0.03658536585365854,9
74,1,24,0.21951219512195122,9
74,1,25,0.07317073170731708,9
74,1,26,0.0,9
74,1,27,0.29268292682926833,9
74,1,28,0.12195121951219512,9
74,1,29,0.0,9
74,1,30,0.14634146341463417,9
74,1,31,0.1951219512195122,9
74,1,32,0.0,9
74,1,33,0.0,9
74,1,34,0.14634146341463417,9
74,1,35,0.0,8
74,1,36,0.0,8
74,2,1,0.0,1
74,2,2,0.0,1
74,2,3,0.0,1
74,2,4,0.0,1
74,2,5,0.0,1
74,2,6,0.0,1
74,2,7,0.0,1
74,2,8,0.0,1
74,2,9,0.0,1
74,2,10,0.0,1
74,2,11,0.0,1
74,2,12,0.0,1
74,2,13,0.0,1
74,2,14,0.0,1
74,2,15,0.0,1
74,2,16,0.0,1
74,2,17,0.0,1
74,2,18,0.0,1
74,2,19,0.0,1
74,2,20,0.0,1
74,2,21,0.0,1
74,2,22,0.0,1
74,2,23,0.0,1
74,2,24,0.0,1
74,2,25,0.0,1
74,2,26,0.0,1
74,2,27,0.0,1
74,2,28,0.0,1
74,2,29,0.0,1
74,5,1,0.0,3
74,5,2,0.0,3
74,5,3,0.0,2
74,5,4,0.0,2
74,5,5,0.0,2
74,5,6,0.0,2
74,5,7,0.0,2
74,5,8,0.0,2
74,5,9,0.0,2
74,5,10,0.0,2
74,5,11,0.0,2
74,5,12,0.0,2
74,5,13,0.0,2
74,5,14,0.0,2
74,5,15,0.0,2
74,5,16,0.0,2
74,5,17,0.0,2
74,5,18,0.0,2
74,5,19,0.0,2
74,5,20,0.0,2
74,5,21,0.0,2
74,5,22,0.0,2
74,5,23,0.2,2
74,5,24,0.0,2
74,5,25,0.0,2
74,5,26,0.0,2
74,5,27,0.0,2
74,5,28,0.0,2
74,5,29,0.0,2
74,5,30,0.6000000000000001,2
74,5,31,0.0,2
74,5,32,0.0,2
74,5,33,0.0,1
74,5,34,0.0,1
74,5,35,0.0,1
74,5,36,0.0,1
74,6,1,0.4337349397590362,16
74,6,2,0.3975903614457832,16
74,6,3,0.16265060240963858,16
74,6,4,0.10843373493975905,16
74,6,5,0.11445783132530121,16
74,6,6,0.19277108433734944,16
74,6,7,0.3132530120481928,16
74,6,8,0.3313253012048193,16
74,6,9,0.3493975903614458,16
74,6,10,0.28915662650602414,16
74,6,11,0.22891566265060245,16
74,6,12,0.14457831325301207,16
74,6,13,0.10843373493975905,16
74,6,14,0.12048192771084339,16
74,6,15,0.14285714285714288,15
74,6,16,0.22077922077922077,15
74,6,17,0.25352112676056343,14
74,6,18,0.23943661971830985,14
74,6,19,0.16901408450704228,14
74,6,20,0.12676056338028172,14
74,6,21,0.08450704225352114,14
74,6,22,0.0,14
74,6,23,0.16901408450704228,14
74,6,24,0.11267605633802817,14
74,6,25,0.19718309859154928,14
74,6,26,0.11267605633802817,14
74,6,27,0.08450704225352114,14
74,6,28,0.0,14
74,6,29,0.08450704225352114,14
74,6,30,0.08450704225352114,14
74,6,31,0.16901408450704228,14
74,6,32,0.0,14
74,6,33,0.16901408450704228,14
74,6,34,0.08450704225352114,14
74,6,35,0.12676056338028172,14
74,6,36,0.08450704225352114,14
74,7,1,0.0,1
74,7,2,0.0,1
74,7,3,0.0,1
74,7,4,0.0,1
74,7,5,0.0,1
74,7,6,0.0,1
74,7,7,0.0,1
74,7,8,0.0,1
74,7,9,0.0,1
74,7,10,0.0,1
74,7,11,0.0,1
74,7,12,0.0,1
74,7,13,0.0,1
74,7,14,0.0,1
74,7,15,0.0,1
74,7,16,0.0,1
74,7,17,0.0,1
74,7,18,0.0,1
74,12,1,0.0,6
74,12,2,0.11538461538461539,6
74,12,3,0.0,6
74,12,4,0.0,5
74,12,5,0.0,5
74,12,6,0.0,5
74,12,7,0.0,5
74,12,8,0.05,5
74,12,9,0.0,5
74,12,10,0.0,5
74,12,11,0.0,5
74,12,12,0.30000000000000004,5
74,12,13,0.0,5
74,12,14,0.15000000000000002,5
74,12,15,0.0,5
74,12,16,0.0,5
74,12,17,0.1,5
74,12,18,0.0,5
74,12,19,0.0,5
74,12,20,0.0,5
74,12,21,0.15000000000000002,5
74,12,22,0.0,5
74,12,23,0.30000000000000004,5
74,12,24,0.0,5
74,12,25,0.17647058823529413,4
74,12,26,0.0,4
74,12,27,0.0,3
74,12,28,0.0,3
74,12,29,0.18181818181818182,3
74,12,30,0.0,3
74,12,31,0.09090909090909091,3
74,12,32,0.0,3
74,12,33,0.0,3
74,12,34,0.0,3
74,12,35,0.5454545454545455,3
74,12,36,0.0,3
74,14,1,0.0,1
74,14,2,0.0,1
74,14,3,0.0,1
74,14,4,0.0,1
74,14,5,0.0,1
74,14,6,0.0,1
74,14,7,0.0,1
74,14,8,0.0,1
74,14,9,0.0,1
74,14,10,0.0,1
74,16,1,0.14285714285714285,4
74,16,2,0.0,4
74,16,3,0.0,4
74,16,4,0.0,4
74,16,5,0.0,4
74,16,6,0.0,4
74,16,7,0.2857142857142857,4
74,16,8,0.14285714285714285,4
74,16,9,0.0,4
74,16,10,0.0,4
74,16,11,0.0,4
74,16,12,0.0,4
74,16,13,0.0,4
74,16,14,0.0,4
74,16,15,0.0,4
74,16,16,0.0,4
74,16,17,0.0,4
74,16,18,0.0,4
74,16,19,0.0,4
74,16,20,0.0,3
74,16,21,0.0,3
74,16,22,0.0,3
74,16,23,0.0,3
74,16,24,0.0,3
74,16,25,0.0,3
74,16,26,0.0,3
74,16,27,0.4,3
74,16,28,0.0,3
74,16,29,0.0,3
74,16,30,0.0,3
74,16,31,0.0,3
74,16,32,0.0,3
74,16,33,0.0,3
74,16,34,0.4,3
74,16,35,0.2,3
74,16,36,0.0,3
74,17,1,0.25961538461538464,13
74,17,2,0.10204081632653061,12
74,17,3,0.14285714285714288,12
74,17,4,0.06122448979591837,12
74,17,5,0.0,12
74,17,6,0.030612244897959186,12
74,17,7,0.04081632653061225,12
74,17,8,0.04081632653061225,12
74,17,9,0.07142857142857142,12
74,17,10,0.12244897959183675,12
74,17,11,0.19387755102040816,12
74,17,12,0.2448979591836735,12
74,17,13,0.06122448979591837,12
74,17,14,0.05102040816326531,12
74,17,15,0.09183673469387756,12
74,17,16,0.0,11
74,17,17,0.0,11
74,17,18,0.13043478260869565,11
74,17,19,0.17391304347826086,11
74,17,20,0.05434782608695652,11
74,17,21,0.17391304347826086,11
74,17,22,0.0,11
74,17,23,0.16304347826086957,11
74,17,24,0.16304347826086957,11
74,17,25,0.06976744186046512,10
74,17,26,0.02702702702702703,9
74,17,27,0.10810810810810811,9
74,17,28,0.06190476190476191,8
74,17,29,0.0,8
74,17,30,0.22857142857142856,8
74,17,31,0.28571428571428575,8
74,17,32,0.08571428571428572,8
74,17,33,0.17142857142857143,8
74,17,34,0.08571428571428572,8
74,17,35,0.1285714285714286,8
74,17,36,0.12499999999999999,7
74,18,1,0.33076923076923076,14
74,18,2,0.2538461538461539,14
74,18,3,0.23846153846153845,14
74,18,4,0.06153846153846154,14
74,18,5,0.14516129032258066,13
74,18,6,0.03225806451612903,13
74,18,7,0.0,12
74,18,8,0.053571428571428575,11
74,18,9,0.18000000000000002,10
74,18,10,0.1931818181818182,9
74,18,11,0.17045454545454547,9
74,18,12,0.20454545454545456,9
74,18,13,0.23863636363636365,9
74,18,14,0.17045454545454547,9
74,18,15,0.18181818181818182,9
74,18,16,0.11363636363636363,9
74,18,17,0.13636363636363638,9
74,18,18,0.1951219512195122,8
74,18,19,0.1951219512195122,8
74,18,20,0.17073170731707318,8
74,18,21,0.24390243902439024,8
74,18,22,0.29268292682926833,8
74,18,23,0.17073170731707318,8
74,18,24,0.32926829268292684,8
74,18,25,0.25609756097560976,8
74,18,26,0.21951219512195122,8
74,18,27,0.25609756097560976,8
74,18,28,0.0,7
74,18,29,0.18181818181818182,6
74,18,30,0.18181818181818182,6
74,18,31,0.0,5
74,18,32,0.25,4
74,18,33,0.3333333333333333,4
74,18,34,0.6666666666666666,3
74,18,35,0.5,3
74,18,36,0.3333333333333333,3
75,2,1,0.0,4
75,2,2,0.0,4
75,2,3,0.2,4
75,2,4,0.2,4
75,2,5,0.0,4
75,2,6,0.0,4
75,2,7,0.1,4
75,2,8,0.0,4
75,2,9,0.0,4
75,2,10,0.0,4
75,2,11,0.0,4
75,2,12,0.0,4
75,2,13,0.0,4
75,2,14,0.0,4
75,2,15,0.0,4
75,2,16,0.0,4
75,2,17,0.0,4
75,2,18,0.0,4
75,2,19,0.0,4
75,2,20,0.0,4
75,2,21,0.0,4
75,2,22,0.0,4
75,2,23,0.0,4
75,2,24,0.0,4
75,2,25,0.0,4
75,2,26,0.0,4
75,2,27,0.0,4
75,2,28,0.0,4
75,2,29,0.0,4
75,2,30,0.1,4
75,2,31,0.0,3
75,2,32,0.0,3
75,2,33,0.0,3
75,2,34,0.25,3
75,2,35,0.0,3
75,2,36,0.0,3
75,4,1,0.0,1
75,4,2,0.0,1
75,4,3,0.0,1
75,4,4,0.0,1
75,4,5,0.0,1
75,4,6,0.5,1
75,5,1,0.26666666666666666,9
75,5,2,0.2,9
75,5,3,0.3333333333333333,9
75,5,4,0.13333333333333333,9
75,5,5,0.38461538461538464,8
75,5,6,0.4230769230769231,8
75,5,7,0.07692307692307693,8
75,5,8,0.38461538461538464,8
75,5,9,0.16666666666666666,7
75,5,10,0.05,6
75,5,11,0.5,5
75,5,12,0.125,5
75,5,13,0.3333333333333333,4
75,5,14,0.6666666666666666,4
75,5,15,0.3333333333333333,4
75,5,16,0.125,3
75,5,17,0.0,3
75,5,18,0.0,3
75,5,19,0.6666666666666666,2
75,5,20,0.3333333333333333,2
75,5,21,0.0,2
75,5,22,0.0,2
75,5,23,0.0,2
75,5,24,0.0,1
75,6,1,0.32608695652173914,14
75,6,2,0.43478260869565216,14
75,6,3,0.34782608695652173,14
75,6,4,0.2608695652173913,14
75,6,5,0.4782608695652174,14
75,6,6,0.41304347826086957,14
75,6,7,0.391304347826087,14
75,6,8,0.1956521739130435,14
75,6,9,0.32608695652173914,14
75,6,10,0.2391304347826087,14
75,6,11,0.34782608695652173,14
75,6,12,0.30434782608695654,14
75,6,13,0.17391304347826086,14
75,6,14,0.10869565217391304,14
75,6,15,0.13043478260869565,14
75,6,16,0.17391304347826086,14
75,6,17,0.13043478260869565,14
75,6,18,0.21739130434782608,14
75,6,19,0.043478260869565216,14
75,6,20,0.08695652173913043,14
75,6,21,0.08695652173913043,14
75,6,22,0.0,14
75,6,23,0.08695652173913043,14
75,6,24,0.0,14
75,6,25,0.0,14
75,6,26,0.0,14
75,6,27,0.0,14
75,6,28,0.0,14
75,6,29,0.0,14
75,6,30,0.0,14
75,6,31,0.0,14
75,6,32,0.0,14
75,6,33,0.0,14
75,6,34,0.0,14
75,6,35,0.0,14
75,6,36,0.0,14
75,7,1,0.0,6
75,7,2,0.18181818181818182,6
75,7,3,0.0,6
75,7,4,0.0,5
75,7,5,0.0,5
75,7,6,0.0,5
75,7,7,0.0,5
75,7,8,0.2222222222222222,5
75,7,9,0.2222222222222222,5
75,7,10,0.1111111111111111,5
75,7,11,0.2222222222222222,5
75,7,12,0.0,5
75,7,13,0.0,5
75,7,14,0.0,5
75,7,15,0.0,5
75,7,16,0.1111111111111111,5
75,7,17,0.2222222222222222,5
75,7,18,0.1111111111111111,5
75,7,19,0.2222222222222222,5
75,7,20,0.0,4
75,7,21,0.0,4
75,7,22,0.0,4
75,7,23,0.0,4
75,7,24,0.0,4
75,7,25,0.0,4
75,7,26,0.25,4
75,7,27,0.125,4
75,7,28,0.0,4
75,7,29,0.125,4
75,7,30,0.0,3
75,7,31,0.0,3
75,7,32,0.0,3
75,7,33,0.0,3
75,7,34,0.3333333333333333,3
75,7,35,0.0,3
75,7,36,0.0,3
75,8,1,0.0,2
75,8,2,0.0,2
75,8,3,0.0,2
75,8,4,0.0,2
75,8,5,0.3333333333333333,2
75,8,6,0.0,2
75,8,7,0.0,1
75,8,8,0.0,1
75,8,9,0.0,1
75,8,10,0.0,1
75,8,11,0.0,1
75,9,1,0.3333333333333333,3
75,9,2,0.0,3
75,9,3,0.0,3
75,9,4,0.0,3
75,9,5,0.0,3
75,9,6,0.0,3
75,9,7,0.0,3
75,9,8,0.0,3
75,9,9,0.0,3
75,9,10,0.0,3
75,9,11,0.0,3
75,9,12,0.3333333333333333,3
75,9,13,0.3333333333333333,3
75,9,14,0.0,3
75,9,15,0.0,3
75,9,16,0.0,3
75,9,17,0.0,3
75,9,18,0.0,3
75,9,19,0.0,3
75,9,20,0.0,3
75,9,21,0.0,3
75,9,22,0.0,3
75,9,23,0.0,3
75,9,24,0.0,3
75,9,25,0.0,3
75,9,26,0.0,3
75,9,27,0.0,3
75,9,28,0.0,3
75,9,29,0.0,3
75,9,30,0.0,3
75,9,31,0.0,3
75,9,32,0.0,3
75,9,33,0.0,3
75,9,34,0.0,3
75,9,35,0.0,3
75,9,36,0.0,3
75,10,1,0.0,1
75,10,2,0.0,1
75,10,3,0.0,1
75,10,4,0.0,1
75,10,5,0.0,1
75,10,6,0.0,1
75,10,7,0.0,1
75,10,8,0.0,1
75,10,9,0.0,1
75,10,10,0.0,1
75,10,11,0.0,1
75,10,12,0.0,1
75,10,13,0.0,1
75,10,14,0.0,1
75,10,15,0.0,1
75,10,16,0.0,1
75,10,17,0.0,1
75,10,18,0.0,1
75,10,19,0.0,1
75,10,20,0.0,1
75,10,21,0.0,1
75,10,22,0.0,1
75,10,23,0.0,1
75,10,24,0.0,1
75,10,25,0.0,1
75,10,26,0.0,1
75,10,27,0.0,1
75,10,28,0.0,1
75,10,29,0.0,1
75,10,30,0.0,1
75,10,31,0.0,1
75,10,32,0.0,1
75,10,33,0.0,1
75,10,34,0.0,1
75,10,35,0.0,1
75,10,36,0.0,1
75,12,1,0.0,1
75,12,2,0.0,1
75,12,3,0.0,1
75,12,4,0.0,1
75,12,5,0.0,1
75,12,6,0.0,1
75,12,7,0.0,1
75,12,8,0.0,1
75,12,9,0.0,1
75,12,10,0.0,1
75,12,11,0.0,1
75,12,12,0.0,1
75,12,13,0.0,1
75,12,14,0.0,1
75,12,15,0.0,1
75,12,16,0.0,1
75,12,17,0.0,1
75,12,18,0.0,1
75,12,19,0.0,1
75,12,20,0.0,1
75,12,21,0.0,1
75,12,22,0.0,1
75,12,23,0.0,1
75,12,24,0.0,1
75,12,25,0.0,1
75,12,26,0.0,1
75,12,27,0.0,1
75,12,28,0.0,1
75,12,29,0.0,1
75,12,30,0.0,1
75,12,31,0.0,1
75,12,32,0.0,1
75,12,33,0.0,1
75,12,34,0.0,1
75,12,35,0.0,1
75,12,36,0.0,1
75,13,1,0.0,4
75,13,2,0.16666666666666666,4
75,13,3,0.16666666666666666,4
75,13,4,0.0,4
75,13,5,0.0,4
75,13,6,0.0,3
75,13,7,0.25,3
75,13,8,0.0,2
75,13,9,0.6666666666666666,2
75,13,10,0.16666666666666666,2
75,13,11,0.0,2
75,13,12,0.3333333333333333,2
75,13,13,0.0,2
75,13,14,0.0,2
75,13,15,0.0,1
75,13,16,0.0,1
75,13,17,0.0,1
75,15,1,0.0,3
75,15,2,0.0,3
75,15,3,0.0,3
75,15,4,0.0,3
75,15,5,0.0,3
75,15,6,0.0,3
75,15,7,0.2,3
75,15,8,0.0,3
75,15,9,0.4,3
75,15,10,0.0,3
75,15,11,0.0,3
75,15,12,0.0,3
75,15,13,0.0,3
75,15,14,0.0,3
75,15,15,0.0,3
75,15,16,0.2,3
75,15,17,0.0,3
75,15,18,0.0,3
75,15,19,0.0,3
75,15,20,0.0,3
75,15,21,0.0,3
75,15,22,0.0,3
75,15,23,0.0,2
75,15,24,0.0,2
75,15,25,0.0,2
75,15,26,0.0,2
75,15,27,0.0,2
75,15,28,0.0,2
75,15,29,0.0,2
75,15,30,0.0,2
75,15,31,0.0,2
75,15,32,0.0,1
75,15,33,0.0,1
75,15,34,0.0,1
75,15,35,0.0,1
75,15,36,0.0,1
75,16,1,0.2222222222222222,12
75,16,2,0.05555555555555555,12
75,16,3,0.1111111111111111,12
75,16,4,0.16666666666666666,12
75,16,5,0.08333333333333333,12
75,16,6,0.25,12
75,16,7,0.16666666666666666,12
75,16,8,0.1388888888888889,12
75,16,9,0.1111111111111111,12
75,16,10,0.027777777777777776,12
75,16,11,0.0,12
75,16,12,0.16666666666666666,12
75,16,13,0.16666666666666666,12
75,16,14,0.08333333333333333,12
75,16,15,0.05555555555555555,12
75,16,16,0.0,12
75,16,17,0.05555555555555555,12
75,16,18,0.1111111111111111,12
75,16,19,0.0,12
75,16,20,0.0,12
75,16,21,0.0,11
75,16,22,0.0,10
75,16,23,0.06666666666666667,10
75,16,24,0.13333333333333333,10
75,16,25,0.0,10
75,16,26,0.03571428571428571,9
75,16,27,0.07142857142857142,9
75,16,28,0.08333333333333333,8
75,16,29,0.0,8
75,16,30,0.16666666666666666,8
75,16,31,0.125,8
75,16,32,0.2916666666666667,8
75,16,33,0.16666666666666666,8
75,16,34,0.1,7
75,16,35,0.25,6
75,16,36,0.4375,6
75,17,1,0.0,2
75,17,2,0.0,2
75,17,3,0.0,2
75,17,4,0.0,2
75,17,5,0.0,2
75,17,6,0.0,2
75,17,7,0.0,2
75,17,8,0.25,2
75,17,9,0.0,2
75,17,10,0.0,2
75,17,11,0.0,2
75,17,12,0.0,2
75,17,13,0.0,2
75,17,14,0.0,2
75,17,15,0.0,2
75,17,16,0.0,2
75,17,17,0.0,2
75,17,18,0.0,2
75,17,19,0.0,2
75,17,20,0.0,2
75,17,21,0.0,2
75,17,22,0.0,2
75,17,23,0.0,2
75,17,24,0.0,2
75,17,25,0.0,2
75,17,26,0.0,2
75,17,27,0.0,2
75,17,28,0.0,2
75,17,29,0.0,2
75,17,30,0.0,2
75,17,31,0.0,2
75,17,32,0.0,2
75,17,33,0.0,2
75,17,34,0.0,2
75,17,35,0.0,2
75,17,36,0.0,2
75,18,1,0.0,5
75,18,2,0.14285714285714285,5
75,18,3,0.0,5
75,18,4,0.0,5
75,18,5,0.07142857142857142,5
75,18,6,0.0,5
75,18,7,0.14285714285714285,5
75,18,8,0.0,5
75,18,9,0.0,5
75,18,10,0.0,5
75,18,11,0.0,5
75,18,12,0.0,5
75,18,13,0.14285714285714285,5
75,18,14,0.14285714285714285,5
75,18,15,0.0,5
75,18,16,0.0,5
75,18,17,0.0,5
75,18,18,0.0,5
75,18,19,0.14285714285714285,5
75,18,20,0.0,5
75,18,21,0.2857142857142857,5
75,18,22,0.0,5
75,18,23,0.0,5
75,18,24,0.0,5
75,18,25,0.0,5
75,18,26,0.0,5
75,18,27,0.07142857142857142,5
75,18,28,0.0,5
75,18,29,0.0,4
75,18,30,0.0,4
75,18,31,0.0,3
75,18,32,0.125,3
75,18,33,0.0,3
75,18,34,0.25,3
75,18,35,0.0,3
75,18,36,0.0,2
76,1,1,0.13333333333333333,11
76,1,2,0.2,11
76,1,3,0.06666666666666667,11
76,1,4,0.06666666666666667,11
76,1,5,0.3,11
76,1,6,0.13333333333333333,11
76,1,7,0.2,11
76,1,8,0.2,11
76,1,9,0.16666666666666666,11
76,1,10,0.13333333333333333,11
76,1,11,0.06666666666666667,11
76,1,12,0.13333333333333333,11
76,1,13,0.06666666666666667,11
76,1,14,0.06666666666666667,11
76,1,15,0.13333333333333333,11
76,1,16,0.06666666666666667,11
76,1,17,0.3333333333333333,11
76,1,18,0.06666666666666667,11
76,1,19,0.06666666666666667,11
76,1,20,0.0,11
76,1,21,0.0,11
76,1,22,0.16666666666666666,11
76,1,23,0.06666666666666667,11
76,1,24,0.13333333333333333,11
76,1,25,0.03571428571428571,10
76,1,26,0.0,10
76,1,27,0.0,10
76,1,28,0.0,10
76,1,29,0.07142857142857142,10
76,1,30,0.03571428571428571,10
76,1,31,0.0,10
76,1,32,0.03571428571428571,10
76,1,33,0.0,10
76,1,34,0.0,10
76,1,35,0.0,10
76,1,36,0.0,10
76,2,1,0.0,3
76,2,2,0.0,3
76,2,3,0.0,2
76,2,4,0.0,2
76,2,5,0.3333333333333333,2
76,2,6,0.0,2
76,2,7,0.0,2
76,2,8,0.0,2
76,2,9,0.0,2
76,2,10,0.0,2
76,2,11,0.0,2
76,2,12,0.0,2
76,2,13,0.0,2
76,2,14,0.0,2
76,2,15,0.6666666666666666,2
76,2,16,0.0,2
76,2,17,0.0,2
76,2,18,0.0,1
76,2,19,0.0,1
76,2,20,1.0,1
76,2,21,0.0,1
76,2,22,0.0,1
76,6,1,0.45652173913043476,39
76,6,2,0.6811594202898551,39
76,6,3,0.35507246376811596,39
76,6,4,0.5746268656716418,38
76,6,5,0.46153846153846156,37
76,6,6,0.5873015873015873,36
76,6,7,0.5241935483870968,35
76,6,8,0.6,34
76,6,9,0.49137931034482757,33
76,6,10,0.6071428571428571,32
76,6,11,0.49074074074074076,31
76,6,12,0.6442307692307693,30
76,6,13,0.44,29
76,6,14,0.58,29
76,6,15,0.4791666666666667,28
76,6,16,0.6666666666666666,28
76,6,17,0.532608695652174,27
76,6,18,0.6521739130434783,27
76,6,19,0.48863636363636365,26
76,6,20,0.6547619047619048,25
76,6,21,0.4523809523809524,25
76,6,22,0.6875,24
76,6,23,0.6,24
76,6,24,0.7631578947368421,23
76,6,25,0.5394736842105263,23
76,6,26,0.5526315789473685,23
76,6,27,0.4868421052631579,23
76,6,28,0.5555555555555556,22
76,6,29,0.6470588235294118,21
76,6,30,0.625,20
76,6,31,0.6612903225806451,19
76,6,32,0.5833333333333334,18
76,6,33,0.5,18
76,6,34,0.6071428571428571,17
76,6,35,0.5,16
76,6,36,0.76,15
76,7,1,0.0,1
76,7,2,0.0,1
76,7,3,0.0,1
76,7,4,0.0,1
76,7,5,0.0,1
76,7,6,0.0,1
76,7,7,0.0,1
76,7,8,0.0,1
76,7,9,0.0,1
76,7,10,0.0,1
76,7,11,0.0,1
76,7,12,0.0,1
76,7,13,0.0,1
76,7,14,0.0,1
76,7,15,0.0,1
76,7,16,0.0,1
76,7,17,0.0,1
76,7,18,0.0,1
76,7,19,0.0,1
76,7,20,0.0,1
76,7,21,0.0,1
76,7,22,0.0,1
76,7,23,0.0,1
76,7,24,0.0,1
76,7,25,0.0,1
76,7,26,0.0,1
76,7,27,0.0,1
76,7,28,0.0,1
76,7,29,0.0,1
76,7,30,0.0,1
76,7,31,0.0,1
76,7,32,0.0,1
76,7,33,0.0,1
76,7,34,0.0,1
76,7,35,0.0,1
76,7,36,0.0,1
76,9,1,0.0,1
76,9,2,0.0,1
76,9,3,0.0,1
76,9,4,0.0,1
76,9,5,0.0,1
76,9,6,0.0,1
76,9,7,0.0,1
76,9,8,0.0,1
76,9,9,0.0,1
76,9,10,0.0,1
76,9,11,0.0,1
76,9,12,0.0,1
76,9,13,0.0,1
76,9,14,0.0,1
76,9,15,0.0,1
76,10,1,0.0,1
76,10,2,0.0,1
76,10,3,0.0,1
76,10,4,0.0,1
76,10,5,0.0,1
76,10,6,0.0,1
76,10,7,0.0,1
76,10,8,0.0,1
76,10,9,0.0,1
76,10,10,0.0,1
76,10,11,0.0,1
76,10,12,0.0,1
76,10,13,0.0,1
76,10,14,0.0,1
76,10,15,0.0,1
76,10,16,0.0,1
76,10,17,0.0,1
76,10,18,0.0,1
76,10,19,0.0,1
76,10,20,0.0,1
76,10,21,0.0,1
76,10,22,0.0,1
76,10,23,0.0,1
76,10,24,0.0,1
76,10,25,0.0,1
76,10,26,0.0,1
76,10,27,0.0,1
76,10,28,0.0,1
76,10,29,0.0,1
76,10,30,0.0,1
76,10,31,0.0,1
76,10,32,0.0,1
76,10,33,0.0,1
76,10,34,0.0,1
76,10,35,0.0,1
76,10,36,0.0,1
76,12,1,0.0,1
76,12,2,0.0,1
76,12,3,0.0,1
76,12,4,0.0,1
76,12,5,0.0,1
76,12,6,0.0,1
76,12,7,0.0,1
76,12,8,0.0,1
76,12,9,0.0,1
76,12,10,0.0,1
76,12,11,0.0,1
76,12,12,0.0,1
76,12,13,0.0,1
76,12,14,0.0,1
76,12,15,0.0,1
76,12,16,0.0,1
76,12,17,0.0,1
76,12,18,0.0,1
76,12,19,0.0,1
76,12,20,0.0,1
76,12,21,0.0,1
76,12,22,0.0,1
76,12,23,0.0,1
76,12,24,0.0,1
76,12,25,0.0,1
76,12,26,0.0,1
76,12,27,0.0,1
76,12,28,0.0,1
76,12,29,0.0,1
76,12,30,0.0,1
76,12,31,0.0,1
76,12,32,0.0,1
76,12,33,0.0,1
76,12,34,0.0,1
76,12,35,0.0,1
76,12,36,0.0,1
76,16,1,0.0,5
76,16,2,0.07142857142857142,5
76,16,3,0.0,5
76,16,4,0.0,5
76,16,5,0.0,5
76,16,6,0.42857142857142855,5
76,16,7,0.14285714285714285,5
76,16,8,0.14285714285714285,5
76,16,9,0.0,5
76,16,10,0.0,5
76,16,11,0.0,5
76,16,12,0.14285714285714285,5
76,16,13,0.14285714285714285,5
76,16,14,0.16666666666666666,4
76,16,15,0.0,4
76,16,16,0.0,4
76,16,17,0.0,4
76,16,18,0.0,4
76,16,19,0.08333333333333333,4
76,16,20,0.0,4
76,16,21,0.125,3
76,16,22,0.0,3
76,16,23,0.0,3
76,16,24,0.0,3
76,16,25,0.0,3
76,16,26,0.0,3
76,16,27,0.0,2
76,16,28,0.0,2
76,16,29,0.0,2
76,16,30,0.0,2
76,16,31,0.0,2
76,16,32,0.0,2
76,16,33,0.0,1
76,16,34,0.0,1
76,17,1,0.0,7
76,17,2,0.25,7
76,17,3,0.08333333333333333,7
76,17,4,0.0,7
76,17,5,0.0,7
76,17,6,0.16666666666666666,7
76,17,7,0.0,7
76,17,8,0.16666666666666666,7
76,17,9,0.0,7
76,17,10,0.0,7
76,17,11,0.16666666666666666,7
76,17,12,0.0,7
76,17,13,0.08333333333333333,7
76,17,14,0.08333333333333333,7
76,17,15,0.0,7
76,17,16,0.041666666666666664,7
76,17,17,0.0,7
76,17,18,0.0,7
76,17,19,0.0,7
76,17,20,0.0,7
76,17,21,0.0,7
76,17,22,0.125,7
76,17,23,0.0,6
76,17,24,0.18181818181818182,6
76,17,25,0.09090909090909091,6
76,17,26,0.0,5
76,17,27,0.0,5
76,17,28,0.1111111111111111,5
76,17,29,0.0,5
76,17,30,0.3333333333333333,5
76,17,31,0.0,5
76,17,32,0.2222222222222222,5
76,17,33,0.0,5
76,17,34,0.0,5
76,17,35,0.2222222222222222,5
76,17,36,0.1111111111111111,5
76,18,1,0.0,1
77,1,1,0.2986111111111111,16
77,1,2,0.40972222222222227,16
77,1,3,0.3541666666666667,16
77,1,4,0.25925925925925924,16
77,1,5,0.27777777777777773,16
77,1,6,0.15277777777777776,16
77,1,7,0.25,16
77,1,8,0.375,16
77,1,9,0.15277777777777776,16
77,1,10,0.3194444444444444,16
77,1,11,0.2916666666666667,16
77,1,12,0.15277777777777776,16
77,1,13,0.2916666666666667,16
77,1,14,0.0,16
77,1,15,0.20833333333333334,16
77,1,16,0.05555555555555555,16
77,1,17,0.1111111111111111,16
77,1,18,0.16666666666666666,16
77,1,19,0.1111111111111111,16
77,1,20,0.10648148148148147,16
77,1,21,0.15277777777777776,16
77,1,22,0.06944444444444443,16
77,1,23,0.1388888888888889,16
77,1,24,0.0925925925925926,16
77,1,25,0.1388888888888889,16
77,1,26,0.08695652173913043,15
77,1,27,0.02898550724637681,15
77,1,28,0.12318840579710144,15
77,1,29,0.029850746268656716,14
77,1,30,0.05223880597014925,14
77,1,31,0.02238805970149254,14
77,1,32,0.07462686567164178,14
77,1,33,0.049180327868852465,13
77,1,34,0.0,13
77,1,35,0.049180327868852465,13
77,1,36,0.09836065573770493,13
77,2,1,0.14285714285714285,5
77,2,2,0.0,5
77,2,3,0.0,5
77,2,4,0.0,5
77,2,5,0.0,5
77,2,6,0.0,5
77,2,7,0.0,5
77,2,8,0.0,5
77,2,9,0.14285714285714285,5
77,2,10,0.0,5
77,2,11,0.0,5
77,2,12,0.0,5
77,2,13,0.0,5
77,2,14,0.0,5
77,2,15,0.07142857142857142,5
77,2,16,0.14285714285714285,5
77,2,17,0.0,5
77,2,18,0.0,5
77,2,19,0.0,4
77,2,20,0.0,4
77,2,21,0.0,4
77,2,22,0.0,4
77,2,23,0.0,4
77,2,24,0.2,4
77,2,25,0.4,4
77,2,26,0.2,4
77,2,27,0.1,4
77,2,28,0.0,3
77,2,29,0.0,3
77,2,30,0.0,3
77,2,31,0.0,3
77,2,32,0.0,3
77,2,33,0.0,3
77,2,34,0.0,3
77,2,35,0.0,3
77,2,36,0.0,3
77,5,1,0.2,2
77,5,2,0.0,2
77,5,3,0.0,1
77,6,1,0.0,3
77,6,2,0.0,3
77,6,3,0.0,3
77,6,4,0.0,3
77,6,5,0.0,3
77,6,6,0.0,3
77,6,7,0.0,3
77,6,8,0.0,3
77,6,9,0.0,3
77,6,10,0.0,3
77,6,11,0.0,3
77,6,12,0.0,3
77,6,13,0.0,3
77,6,14,0.0,3
77,6,15,0.0,3
77,6,16,0.0,3
77,6,17,0.0,3
77,6,18,0.0,3
77,6,19,0.16666666666666666,3
77,6,20,0.0,3
77,6,21,0.0,3
77,6,22,0.0,3
77,6,23,0.16666666666666666,3
77,6,24,0.0,3
77,6,25,0.0,3
77,6,26,0.0,3
77,6,27,0.0,3
77,6,28,0.0,2
77,6,29,0.0,2
77,6,30,0.0,2
77,6,31,0.0,2
77,6,32,0.0,2
77,6,33,0.0,2
77,6,34,0.0,2
77,6,35,0.0,2
77,6,36,0.0,2
77,12,1,0.0,6
77,12,2,0.23076923076923078,6
77,12,3,0.25,5
77,12,4,0.0,5
77,12,5,0.25,5
77,12,6,0.0,5
77,12,7,0.10416666666666666,5
77,12,8,0.0,5
77,12,9,0.08333333333333333,5
77,12,10,0.0,4
77,12,11,0.0,4
77,12,12,0.13333333333333333,3
77,12,13,0.0,3
77,12,14,0.06666666666666667,3
77,12,15,0.0,2
77,12,16,0.0,2
77,12,17,0.0,1
77,12,18,0.0,1
77,12,19,0.5,1
77,12,20,0.0,1
77,12,21,1.0,1
77,12,22,0.0,1
77,12,23,0.0,1
77,12,24,1.0,1
77,12,25,0.0,1
77,12,26,0.5,1
77,12,27,0.0,1
77,12,28,0.0,1
77,12,29,0.0,1
77,12,30,0.0,1
77,12,31,0.0,1
77,12,32,0.0,1
77,12,33,0.3333333333333333,1
77,12,34,0.0,1
77,12,35,0.0,1
77,17,1,0.4258064516129032,34
77,17,2,0.3967741935483871,34
77,17,3,0.38888888888888884,33
77,17,4,0.42111111111111116,32
77,17,5,0.32312925170068024,31
77,17,6,0.3049645390070922,30
77,17,7,0.3695652173913043,29
77,17,8,0.3598484848484848,28
77,17,9,0.2558139534883721,27
77,17,10,0.313953488372093,27
77,17,11,0.38759689922480617,27
77,17,12,0.22868217054263568,27
77,17,13,0.2558139534883721,27
77,17,14,0.30081300813008127,26
77,17,15,0.28861788617886175,26
77,17,16,0.17916666666666664,25
77,17,17,0.25416666666666665,25
77,17,18,0.25,25
77,17,19,0.22916666666666669,25
77,17,20,0.23888888888888887,25
77,17,21,0.35416666666666663,25
77,17,22,0.3375,25
77,17,23,0.32916666666666666,25
77,17,24,0.3555555555555555,25
77,17,25,0.39316239316239315,24
77,17,26,0.44159544159544156,24
77,17,27,0.36842105263157904,23
77,17,28,0.38157894736842113,23
77,17,29,0.3616071428571429,22
77,17,30,0.2946428571428572,22
77,17,31,0.36320754716981135,21
77,17,32,0.3773584905660378,21
77,17,33,0.43867924528301894,21
77,17,34,0.29000000000000004,20
77,17,35,0.3247422680412371,19
77,17,36,0.2835051546391753,19
77,18,1,0.5555555555555556,6
77,18,2,0.3888888888888889,6
77,18,3,0.2222222222222222,6
77,18,4,0.1111111111111111,6
77,18,5,0.1111111111111111,6
77,18,6,0.0,6
77,18,7,0.05555555555555555,6
77,18,8,0.0,6
77,18,9,0.05555555555555555,6
77,18,10,0.16666666666666666,6
77,18,11,0.125,5
77,18,12,0.125,5
77,18,13,0.0,5
77,18,14,0.0,5
77,18,15,0.0,5
77,18,16,0.0,5
77,18,17,0.0625,5
77,18,18,0.0,4
77,18,19,0.07142857142857142,4
77,18,20,0.16666666666666666,3
77,18,21,0.25,2
77,18,22,0.5,1
8,1,1,0.8404255319148937,25
8,1,2,0.7446808510638298,25
8,1,3,0.7446808510638298,25
8,1,4,0.7446808510638298,25
8,1,5,0.7021276595744681,25
8,1,6,0.6595744680851063,25
8,1,7,0.6276595744680851,25
8,1,8,0.6063829787234043,25
8,1,9,0.574468085106383,25
8,1,10,0.5319148936170213,25
8,1,11,0.5111111111111111,24
8,1,12,0.4666666666666667,24
8,1,13,0.4222222222222222,24
8,1,14,0.4,24
8,1,15,0.37777777777777777,24
8,1,16,0.3111111111111111,24
8,1,17,0.24444444444444444,24
8,1,18,0.2222222222222222,24
8,1,19,0.2,24
8,1,20,0.15555555555555556,24
8,1,21,0.1111111111111111,24
8,1,22,0.08888888888888889,24
8,1,23,0.08888888888888889,24
8,1,24,0.06666666666666667,24
8,1,25,0.022222222222222223,24
8,1,26,0.0,24
8,1,27,0.0,24
8,1,28,0.0,24
8,1,29,0.0,24
8,1,30,0.0,24
8,1,31,0.0,24
8,1,32,0.0,24
8,1,33,0.0,24
8,1,34,0.0,24
8,1,35,0.0,24
8,1,36,0.044444444444444446,24
8,2,1,0.0,3
8,2,2,0.0,3
8,2,3,0.0,3
8,2,4,0.0,3
8,2,5,0.25,3
8,2,6,0.25,3
8,2,7,0.0,3
8,2,8,0.0,3
8,2,9,0.0,3
8,2,10,0.0,3
8,2,11,0.125,3
8,2,12,0.0,3
8,2,13,0.0,3
8,2,14,0.0,3
8,2,15,0.0,3
8,2,16,0.0,3
8,2,17,0.0,3
8,2,18,0.0,3
8,2,19,0.0,3
8,2,20,0.0,3
8,2,21,0.0,3
8,2,22,0.0,3
8,2,23,0.0,3
8,2,24,0.0,3
8,2,25,0.0,3
8,2,26,0.0,3
8,2,27,0.0,3
8,2,28,0.0,3
8,2,29,0.0,3
8,2,30,0.0,2
8,2,31,0.0,2
8,2,32,0.0,2
8,2,33,0.0,2
8,2,34,0.0,2
8,2,35,0.0,2
8,2,36,0.0,1
8,6,1,0.0,1
8,6,2,0.0,1
8,6,3,0.0,1
8,6,4,0.0,1
8,6,5,0.0,1
8,6,6,0.0,1
8,6,7,0.0,1
8,6,8,0.0,1
8,6,9,0.0,1
8,6,10,0.0,1
8,6,11,0.0,1
8,6,12,0.0,1
8,6,13,0.0,1
8,6,14,0.0,1
8,6,15,0.0,1
8,6,16,0.0,1
8,6,17,0.0,1
8,6,18,0.0,1
8,6,19,0.0,1
8,6,20,0.0,1
8,6,21,0.0,1
8,6,22,0.0,1
8,6,23,0.0,1
8,6,24,0.0,1
8,6,25,0.0,1
8,6,26,0.0,1
8,6,27,0.0,1
8,6,28,0.0,1
8,6,29,0.0,1
8,6,30,0.0,1
8,6,31,0.0,1
8,6,32,0.0,1
8,6,33,0.0,1
8,6,34,0.0,1
8,17,1,0.7,33
8,17,2,0.6206896551724138,32
8,17,3,0.7053571428571429,31
8,17,4,0.6296296296296297,30
8,17,5,0.6538461538461539,29
8,17,6,0.6666666666666666,28
8,17,7,0.72,27
8,17,8,0.7291666666666666,26
8,17,9,0.6739130434782609,25
8,17,10,0.6477272727272727,24
8,17,11,0.6704545454545454,24
8,17,12,0.6904761904761905,23
8,17,13,0.6125,22
8,17,14,0.6973684210526315,21
8,17,15,0.6944444444444444,20
8,17,16,0.6764705882352942,19
8,17,17,0.78125,18
8,17,18,0.6875,18
8,17,19,0.8125,18
8,17,20,0.8166666666666667,17
8,17,21,0.6428571428571429,16
8,17,22,0.7884615384615384,15
8,17,23,0.75,14
8,17,24,0.7272727272727273,13
8,17,25,0.8636363636363636,13
8,17,26,0.8636363636363636,13
8,17,27,0.8571428571428571,12
8,17,28,0.8,11
8,17,29,0.8888888888888888,10
8,17,30,0.7777777777777778,10
8,17,31,0.6944444444444444,10
8,17,32,0.78125,9
8,17,33,0.875,9
8,17,34,0.90625,9
8,17,35,0.78125,9
8,17,36,0.875,9
8,18,1,0.3125,6
8,18,2,0.0625,6
8,18,3,0.0625,6
8,18,4,0.0,6
8,18,5,0.0,6
8,18,6,0.0,6
8,18,7,0.0,6
8,18,8,0.0,6
8,18,9,0.0,6
8,18,10,0.125,6
8,18,11,0.25,6
8,18,12,0.1875,6
8,18,13,0.125,6
8,18,14,0.1875,6
8,18,15,0.0625,6
8,18,16,0.0,6
8,18,17,0.0,6
8,18,18,0.0,6
8,18,19,0.0,5
8,18,20,0.0,5
8,18,21,0.0,5
8,18,22,0.0,5
8,18,23,0.0,5
8,18,24,0.0,5
8,18,25,0.14285714285714285,5
8,18,26,0.14285714285714285,5
8,18,27,0.0,5
8,18,28,0.0,5
8,18,29,0.0,5
8,18,30,0.0,5
8,18,31,0.0,4
8,18,32,0.0,4
8,18,33,0.0,3
8,18,34,0.0,2
8,18,35,0.0,2
8,18,36,0.0,2
9,1,1,0.21875,17
9,1,2,0.2,16
9,1,3,0.03333333333333333,16
9,1,4,0.2857142857142857,15
9,1,5,0.35714285714285715,15
9,1,6,0.2857142857142857,15
9,1,7,0.03571428571428571,15
9,1,8,0.25,15
9,1,9,0.32142857142857145,15
9,1,10,0.44642857142857145,15
9,1,11,0.32142857142857145,15
9,1,12,0.23076923076923078,14
9,1,13,0.16666666666666666,13
9,1,14,0.25,13
9,1,15,0.25,13
9,1,16,0.2916666666666667,13
9,1,17,0.20833333333333334,13
9,1,18,0.20833333333333334,13
9,1,19,0.20833333333333334,13
9,1,20,0.3333333333333333,13
9,1,21,0.09090909090909091,12
9,1,22,0.3181818181818182,12
9,1,23,0.18181818181818182,12
9,1,24,0.36363636363636365,12
9,1,25,0.18181818181818182,12
9,1,26,0.15,11
9,1,27,0.15,11
9,1,28,0.5,11
9,1,29,0.2,11
9,1,30,0.21052631578947367,10
9,1,31,0.10526315789473684,10
9,1,32,0.23529411764705882,9
9,1,33,0.35294117647058826,9
9,1,34,0.29411764705882354,9
9,1,35,0.11764705882352941,9
9,1,36,0.06666666666666667,8
9,2,1,0.0,8
9,2,2,0.0,8
9,2,3,0.07692307692307693,7
9,2,4,0.0,7
9,2,5,0.23076923076923078,7
9,2,6,0.0,7
9,2,7,0.014423076923076924,7
9,2,8,0.0,7
9,2,9,0.057692307692307696,7
9,2,10,0.0,7
9,2,11,0.0,7
9,2,12,0.0,7
9,2,13,0.038461538461538464,7
9,2,14,0.1730769230769231,7
9,2,15,0.0,7
9,2,16,0.21875,6
9,2,17,0.041666666666666664,6
9,2,18,0.0,6
9,2,19,0.0,5
9,2,20,0.0,5
9,2,21,0.08333333333333333,5
9,2,22,0.0,5
9,2,23,0.041666666666666664,5
9,2,24,0.0,5
9,2,25,0.0,5
9,2,26,0.0,5
9,2,27,0.0,5
9,2,28,0.0,5
9,2,29,0.0,5
9,2,30,0.16666666666666666,5
9,2,31,0.0,5
9,2,32,0.16666666666666666,5
9,2,33,0.03333333333333333,4
9,2,34,0.0,4
9,2,35,0.0,4
9,2,36,0.0,4
9,5,1,0.0,5
9,5,2,0.1,5
9,5,3,0.0,5
9,5,4,0.0,5
9,5,5,0.0,5
9,5,6,0.0,4
9,5,7,0.0,4
9,5,8,0.0,4
9,5,9,0.0,4
9,5,10,0.0,4
9,5,11,0.17647058823529413,4
9,5,12,0.08823529411764706,4
9,5,13,0.0,4
9,5,14,0.0,4
9,5,15,0.0,4
9,5,16,0.0,4
9,5,17,0.0,4
9,5,18,0.0,3
9,5,19,0.0,3
9,5,20,0.0,3
9,5,21,0.0,3
9,5,22,0.0,3
9,5,23,0.2142857142857143,3
9,5,24,0.0,3
9,5,25,0.0,3
9,5,26,0.0,3
9,5,27,0.0,3
9,5,28,0.0,3
9,5,29,0.0,2
9,5,30,0.0,2
9,5,31,0.0,2
9,5,32,0.75,2
9,5,33,0.0,2
9,5,34,0.25,2
9,5,35,0.0,2
9,5,36,0.0,2
9,6,1,0.0,6
9,6,2,0.0,6
9,6,3,0.0,6
9,6,4,0.0,6
9,6,5,0.16666666666666666,6
9,6,6,0.0,6
9,6,7,0.13333333333333333,6
9,6,8,0.0,6
9,6,9,0.0,6
9,6,10,0.03333333333333333,6
9,6,11,0.0,6
9,6,12,0.06666666666666667,6
9,6,13,0.0,6
9,6,14,0.0,6
9,6,15,0.13333333333333333,6
9,6,16,0.0,6
9,6,17,0.0,6
9,6,18,0.0,6
9,6,19,0.0,6
9,6,20,0.15384615384615385,5
9,6,21,0.0,5
9,6,22,0.15384615384615385,5
9,6,23,0.0,5
9,6,24,0.15384615384615385,5
9,6,25,0.0,5
9,6,26,0.0,5
9,6,27,0.3076923076923077,5
9,6,28,0.0,5
9,6,29,0.0,5
9,6,30,0.0,5
9,6,31,0.07692307692307693,5
9,6,32,0.0,5
9,6,33,0.0,5
9,6,34,0.0,5
9,6,35,0.0,5
9,6,36,0.038461538461538464,5
9,7,1,0.0,3
9,7,2,0.0,3
9,7,3,0.0,3
9,7,4,0.0,3
9,7,5,0.0,3
9,7,6,0.0,3
9,7,7,0.0,3
9,7,8,0.0,3
9,7,9,0.0,3
9,7,10,0.0,3
9,7,11,0.0,3
9,7,12,0.0,3
9,7,13,0.0,3
9,7,14,0.0,3
9,7,15,0.0,3
9,7,16,0.0,3
9,7,17,0.0,3
9,7,18,0.0,3
9,7,19,0.0,3
9,7,20,0.14285714285714285,3
9,7,21,0.07142857142857142,3
9,7,22,0.0,3
9,7,23,0.0,3
9,7,24,0.0,3
9,7,25,0.0,3
9,7,26,0.0,3
9,7,27,0.0,3
9,7,28,0.0,2
9,7,29,0.0,2
9,7,30,0.0,2
9,7,31,0.0,2
9,7,32,0.0,2
9,7,33,0.0,2
9,7,34,0.0,2
9,7,35,0.0,2
9,7,36,0.0,2
9,9,1,0.0,2
9,9,2,0.25,2
9,9,3,0.0,2
9,9,4,0.0,2
9,9,5,0.0,1
9,9,6,0.0,1
9,12,1,0.0,4
9,12,2,0.0,4
9,12,3,0.0,4
9,12,4,0.0,4
9,12,5,0.0,4
9,12,6,0.30000000000000004,4
9,12,7,0.0,4
9,12,8,0.30000000000000004,4
9,12,9,0.0,4
9,12,10,0.1,4
9,12,11,0.0,4
9,12,12,0.0,4
9,12,13,0.0,4
9,12,14,0.30000000000000004,4
9,12,15,0.0,4
9,12,16,0.0,4
9,12,17,0.0,4
9,12,18,0.1,4
9,12,19,0.0,4
9,12,20,0.0,4
9,12,21,0.0,4
9,12,22,0.0,4
9,12,23,0.0,4
9,12,24,0.1,4
9,12,25,0.0,4
9,12,26,0.0,4
9,12,27,0.0,4
9,12,28,0.0,4
9,12,29,0.0,4
9,12,30,0.0,4
9,12,31,0.0,4
9,12,32,0.0,4
9,12,33,0.0,4
9,12,34,0.0,4
9,12,35,0.0,4
9,12,36,0.0,4
9,16,1,0.0,3
9,16,2,0.0,3
9,16,3,0.0,3
9,16,4,0.0,3
9,16,5,0.0,3
9,16,6,0.0,3
9,16,7,0.0,2
9,16,8,0.0,2
9,16,9,0.3333333333333333,2
9,16,10,0.0,2
9,16,11,0.0,2
9,16,12,0.0,2
9,16,13,0.0,2
9,16,14,0.0,2
9,16,15,0.0,2
9,16,16,0.0,2
9,16,17,0.0,2
9,16,18,0.0,2
9,16,19,0.0,2
9,16,20,0.0,2
9,16,21,0.0,2
9,16,22,0.0,2
9,16,23,0.0,2
9,16,24,0.0,2
9,16,25,0.0,2
9,16,26,0.0,2
9,16,27,0.0,2
9,16,28,0.0,2
9,16,29,0.0,2
9,16,30,0.0,2
9,16,31,0.0,2
9,16,32,0.0,2
9,16,33,0.0,2
9,16,34,0.0,2
9,16,35,0.0,2
9,16,36,0.0,2
9,17,1,0.28634361233480177,26
9,17,2,0.23568281938325994,26
9,17,3,0.29515418502202645,26
9,17,4,0.26872246696035246,26
9,17,5,0.29515418502202645,26
9,17,6,0.17647058823529413,25
9,17,7,0.14479638009049775,25
9,17,8,0.3235294117647059,25
9,17,9,0.15311004784688997,24
9,17,10,0.22335025380710663,23
9,17,11,0.24864864864864863,22
9,17,12,0.2756756756756757,22
9,17,13,0.372972972972973,22
9,17,14,0.18497109826589597,21
9,17,15,0.1916167664670659,20
9,17,16,0.2822085889570552,19
9,17,17,0.2420382165605096,18
9,17,18,0.14331210191082805,18
9,17,19,0.12738853503184713,18
9,17,20,0.22929936305732487,18
9,17,21,0.29617834394904463,18
9,17,22,0.21192052980132456,17
9,17,23,0.12913907284768214,17
9,17,24,0.2582781456953643,17
9,17,25,0.2949640287769784,16
9,17,26,0.11870503597122303,16
9,17,27,0.16535433070866143,15
9,17,28,0.18110236220472442,15
9,17,29,0.18897637795275593,15
9,17,30,0.2644628099173554,14
9,17,31,0.1322314049586777,14
9,17,32,0.23966942148760337,14
9,17,33,0.40869565217391307,13
9,17,34,0.22173913043478263,13
9,17,35,0.27522935779816515,12
9,17,36,0.1743119266055046,12
9,18,1,0.0,6
9,18,2,0.0,6
9,18,3,0.0,5
9,18,4,0.0,5
9,18,5,0.11764705882352941,5
9,18,6,0.058823529411764705,5
9,18,7,0.0,5
9,18,8,0.3076923076923077,4
9,18,9,0.0,4
9,18,10,0.0,4
9,18,11,0.0,4
9,18,12,0.3076923076923077,4
9,18,13,0.0,4
9,18,14,0.0,4
9,18,15,0.3076923076923077,4
9,18,16,0.0,4
9,18,17,0.0,4
9,18,18,0.07692307692307693,4
9,18,19,0.0,4
9,18,20,0.46153846153846156,4
9,18,21,0.0,4
9,18,22,0.0,4
9,18,23,0.4444444444444444,3
9,18,24,0.0,3
9,18,25,0.0,3
9,18,26,0.1111111111111111,3
9,18,27,0.0,3
9,18,28,0.2222222222222222,3
9,18,29,0.0,3
9,18,30,0.0,3
9,18,31,0.0,2
9,18,32,0.0,2
9,18,33,0.0,2
9,18,34,0.0,2
9,18,35,0.8,2
9,18,36,0.0,2
